scientific_name,datetime,description,place_guess,latitude,longitude,tag_list,common_name,url,image_url,user_login,id,species_guess,iconic_taxon_name,taxon_id,num_identification_agreements,num_identification_disagreements,observed_on_string,observed_on,time_observed_at,time_zone,positional_accuracy,public_positional_accuracy,geoprivacy,taxon_geoprivacy,coordinates_obscured,positioning_method,positioning_device,user_id,user_name,created_at,updated_at,quality_grade,license,sound_url,oauth_application_id,captive_cultivated
Eulophia graminea,2026-10-07 14:53:10 -0400,,"SE 23rd Ave, Summerfield, FL, US",28.9813868313,-82.1067806568,,Chinese Crown Orchid,https://www.inaturalist.org/observations/406615604,https://static.inaturalist.org/photos/747084565/medium.jpg,amanda2139,406615604,Chinese Crown Orchid,Plantae,427629,2,0,2026-10-07 14:53:10-04:00,2026-10-07,2026-10-07 18:53:10 UTC,Eastern Time (US & Canada),18,18,,,false,,,4886185,Amanda Scacchi,2026-10-07 18:54:40 UTC,2026-10-08 04:53:43 UTC,research,,NA,3,false
Eulophia maculata,2026-09-19 10:05:00 -0400,,"Coconut Creek, FL, USA",26.3208444444,-80.1848444444,,Monk Orchid,https://www.inaturalist.org/observations/406594794,https://inaturalist-open-data.s3.amazonaws.com/photos/747019236/medium.jpg,annievdne,406594794,Monk Orchid,Plantae,1453469,2,0,2026/09/19 10:05 AM,2026-09-19,2026-09-19 14:05:00 UTC,Eastern Time (US & Canada),1414,1414,,open,false,,,8906166,Ann Levarity,2026-10-07 17:11:00 UTC,2026-10-08 04:55:23 UTC,research,CC-BY-NC,NA,NA,false
Eulophia hians hians,2026-10-07 17:59:39 +0200,,"Breyer Avenue, Pretoria, Gauteng, ZA",-25.694245,28.247445,,Blue Yawning Harlequin,https://www.inaturalist.org/observations/406591357,https://static.inaturalist.org/photos/747034079/medium.jpg,carelf,406591357,Eulophia hians hians,Plantae,599258,2,0,2026-10-07 17:59:39+02:00,2026-10-07,2026-10-07 15:59:39 UTC,Pretoria,6,6,,open,false,,,2479971,Carel Fourie,2026-10-07 16:52:41 UTC,2026-10-08 13:03:03 UTC,research,,NA,3,false
Eulophia maculata,2026-10-07 11:00:31 -0400,,"Grand Oaks Dr, Davie, FL, US",26.0750442394,-80.3224322721,,Monk Orchid,https://www.inaturalist.org/observations/406570372,https://inaturalist-open-data.s3.amazonaws.com/photos/746992422/medium.jpg,richackerman,406570372,Monk Orchid,Plantae,1453469,1,0,2026-10-07 11:00:31-04:00,2026-10-07,2026-10-07 15:00:31 UTC,Eastern Time (US & Canada),32,32,,open,false,,,1542538,Rich Ackerman,2026-10-07 15:00:43 UTC,2026-10-07 15:37:13 UTC,research,CC-BY-NC,NA,3,false
Eulophia cucullata,2026-09-29 11:39:00 +0200,,"Manono, Democratic Republic of the Congo",-7.167834,27.450938,,Hooded Harlequin,https://www.inaturalist.org/observations/406565109,https://inaturalist-open-data.s3.amazonaws.com/photos/746878939/medium.jpg,candyce_areington,406565109,Hooded Harlequin,Plantae,338672,1,0,2026/09/29 11:39 AM,2026-09-29,2026-09-29 09:39:00 UTC,Africa/Lubumbashi,NA,NA,,,false,,,7485834,Candyce Areington,2026-10-07 14:34:27 UTC,2026-10-08 05:14:36 UTC,research,CC-BY-NC,NA,NA,false
Eulophia hians,2026-10-06 11:04:39 +0200,,"Meyer St & 27th Ave, Rietfontein, Pretoria, 0084, South Africa",-25.6963233947,28.2304248808,,Yawning Harlequin,https://www.inaturalist.org/observations/406518270,https://inaturalist-open-data.s3.amazonaws.com/photos/746891204/medium.jpg,hildegard3,406518270,Yawning Harlequin,Plantae,415244,2,0,2026-10-06 11:04:39,2026-10-06,2026-10-06 09:04:39 UTC,Pretoria,NA,NA,,open,false,gps,gps,2806444,Hildegard Klein,2026-10-07 09:22:45 UTC,2026-10-07 11:30:41 UTC,research,CC-BY,NA,2,false
Eulophia maculata,2026-10-06 16:03:17 -0500,,"Carrera 3, Santa Marta, Magdalena, CO",11.1313416667,-74.2283383333,,Monk Orchid,https://www.inaturalist.org/observations/406415688,https://static.inaturalist.org/photos/746682653/medium.jpg,anagarcu,406415688,Monk Orchid,Plantae,1453469,1,0,2026-10-06 16:03:17-05:00,2026-10-06,2026-10-06 21:03:17 UTC,Bogota,3,3,,open,false,,,6560520,Ana García,2026-10-06 21:12:57 UTC,2026-10-07 05:00:20 UTC,research,,NA,3,false
Eulophia graminea,2026-10-06 15:08:44 -0500,,Cypress,29.9979534149,-95.670501709,,Chinese Crown Orchid,https://www.inaturalist.org/observations/406403669,https://inaturalist-open-data.s3.amazonaws.com/photos/746657058/medium.jpg,trinitiortiz,406403669,Chinese Crown Orchid,Plantae,427629,1,0,Tue Oct 06 2026 15:08:44 GMT -0500 (CDT),2026-10-06,2026-10-06 20:08:44 UTC,Central Time (US & Canada),10,10,,,false,,,11067110,,2026-10-06 20:11:59 UTC,2026-10-07 05:01:24 UTC,research,CC-BY-NC,NA,333,false
Eulophia hians,2026-10-06 10:56:58 +0200,,"Nyanga, Zimbabwe",-18.348333,32.6745239722,,Yawning Harlequin,https://www.inaturalist.org/observations/406363279,https://inaturalist-open-data.s3.amazonaws.com/photos/746577525/medium.jpg,hallowesbemyname,406363279,Yawning Harlequin,Plantae,415244,1,0,2026-10-06 10:56:58,2026-10-06,2026-10-06 08:56:58 UTC,Harare,NA,NA,,,false,gps,gps,9999859,Summer,2026-10-06 16:59:08 UTC,2026-10-07 04:57:20 UTC,research,CC-BY-NC,NA,2,false
Eulophia hians hians,2026-10-06 10:17:50 +0200,,"Roodepoort 302-Iq, 1829, South Africa",-26.3572044167,27.8657875,,Blue Yawning Harlequin,https://www.inaturalist.org/observations/406337547,https://static.inaturalist.org/photos/746530604/medium.jpg,albie_gotze,406337547,Blue Yawning Harlequin,Plantae,599258,2,0,2026-10-06 10:17:50,2026-10-06,2026-10-06 08:17:50 UTC,Pretoria,NA,NA,,open,false,,,8593491,Albie Götze,2026-10-06 15:04:08 UTC,2026-10-07 12:35:06 UTC,research,,NA,2,false
Eulophia maculata,2026-10-06 10:31:37 -0400,,United States,25.733467329,-80.0001992216,,Monk Orchid,https://www.inaturalist.org/observations/406330792,https://inaturalist-open-data.s3.amazonaws.com/photos/746514292/medium.jpg,herons,406330792,Monk Orchid,Plantae,1453469,2,0,2026-10-06 10:31:37-04:00,2026-10-06,2026-10-06 14:31:37 UTC,Eastern Time (US & Canada),17,29936,obscured,open,true,,,5462847,David Garza,2026-10-06 14:32:12 UTC,2026-10-07 04:47:25 UTC,research,CC-BY,NA,3,false
Eulophia cucullata,2026-09-29 11:42:00 +0200,,"Tanganika, Katanga, Democratic Republic of the Congo",-7.1678286,27.4509319,,Hooded Harlequin,https://www.inaturalist.org/observations/406328551,https://inaturalist-open-data.s3.amazonaws.com/photos/746474088/medium.jpg,connor_ryan,406328551,Hooded Harlequin,Plantae,338672,1,0,2026/09/29 11:42 AM,2026-09-29,2026-09-29 09:42:00 UTC,Africa/Lubumbashi,NA,NA,,,false,,,4469204,Connor Ryan,2026-10-06 14:20:15 UTC,2026-10-07 04:48:36 UTC,research,CC-BY-NC,NA,NA,false
Eulophia cucullata,2026-09-29 11:40:00 +0200,,"Manono, Democratic Republic of the Congo",-7.1678338997,27.4509076997,,Hooded Harlequin,https://www.inaturalist.org/observations/406309849,https://inaturalist-open-data.s3.amazonaws.com/photos/746450447/medium.jpg,connor_ryan,406309849,Hooded Harlequin,Plantae,338672,1,0,2026/09/29 11:40 AM,2026-09-29,2026-09-29 09:40:00 UTC,Africa/Lubumbashi,NA,NA,,,false,,,4469204,Connor Ryan,2026-10-06 12:31:48 UTC,2026-10-07 04:48:47 UTC,research,CC-BY-NC,NA,NA,false
Eulophia hians,2026-10-01 11:20:00 +0200,,"Nietgedacht 535-Jq, 1739, South Africa",-25.9730926844,27.9223452783,,Yawning Harlequin,https://www.inaturalist.org/observations/406292355,https://inaturalist-open-data.s3.amazonaws.com/photos/746438414/medium.jpg,eyssell,406292355,Yawning Harlequin,Plantae,415244,1,0,2026/10/01 11:20 AM,2026-10-01,2026-10-01 09:20:00 UTC,Pretoria,21,21,,open,false,,,776637,Antoinette Eyssell Knox,2026-10-06 10:22:46 UTC,2026-10-06 14:18:03 UTC,research,CC-BY-SA,NA,NA,false
Eulophia lamellata,2026-10-03 13:34:00 +0200,,"Western Cape, ZA",-34.0374314209,18.5390276639,,Upright Sandy Cinderella Orchid,https://www.inaturalist.org/observations/406274415,https://inaturalist-open-data.s3.amazonaws.com/photos/745961119/medium.jpg,jeanmaxvp,406274415,Upright Sandy Cinderella Orchid,Plantae,1453531,1,0,2026/10/03 1:34 PM,2026-10-03,2026-10-03 11:34:00 UTC,Pretoria,15,28874,obscured,open,true,,,8709201,Jean-Max Van Pul,2026-10-06 07:45:06 UTC,2026-10-06 11:42:24 UTC,research,CC-BY,NA,NA,false
Eulophia ovalis,2026-01-04 10:52:00 +0200,,"KwaZulu-Natal, ZA",-29.249112489,29.4754686589,,Courting Harlequin,https://www.inaturalist.org/observations/406271567,https://inaturalist-open-data.s3.amazonaws.com/photos/746397782/medium.jpg,ntmoolman,406271567,Courting Harlequin,Plantae,585544,1,0,2026/01/04 10:52 AM,2026-01-04,2026-01-04 08:52:00 UTC,Pretoria,5,29508,obscured,open,true,,,5177481,NT Moolman,2026-10-06 07:18:03 UTC,2026-10-07 05:20:31 UTC,research,CC-BY-NC,NA,NA,false
Eulophia zeyheriana,2026-01-02 06:50:00 +0200,,"KwaZulu-Natal, ZA",-29.2563671242,29.5816819122,,Capebell Harlequin,https://www.inaturalist.org/observations/406268170,https://inaturalist-open-data.s3.amazonaws.com/photos/746389072/medium.jpg,ntmoolman,406268170,Capebell Harlequin,Plantae,585549,1,0,2026/01/02 6:50 AM,2026-01-02,2026-01-02 04:50:00 UTC,Pretoria,7,29508,obscured,open,true,,,5177481,NT Moolman,2026-10-06 06:48:12 UTC,2026-10-06 18:04:44 UTC,research,CC-BY-NC,NA,NA,false
Eulophia hians hians,2026-10-05 17:10:31 +0200,,"A34383 Street, City Of Tshwane, Gauteng, ZA",-25.9074916667,28.4372866667,,Blue Yawning Harlequin,https://www.inaturalist.org/observations/406265409,https://static.inaturalist.org/photos/746386561/medium.jpg,hein15,406265409,Blue Yawning Harlequin,Plantae,599258,2,0,2026-10-05 17:10:31,2026-10-05,2026-10-05 15:10:31 UTC,Pretoria,4,4,,open,false,,,3941946,Hein DeWet,2026-10-06 06:27:14 UTC,2026-10-08 08:33:55 UTC,research,,NA,843,false
Eulophia maculata,2026-09-14 15:25:57 -0600,,"29952 Chis., México",16.9831911335,-91.5889027342,,Monk Orchid,https://www.inaturalist.org/observations/406242240,https://inaturalist-open-data.s3.amazonaws.com/photos/746338689/medium.jpg,jose_javier_bf,406242240,Eulophia maculata,Plantae,1453469,3,0,2026-09-14 15:25:57,2026-09-14,2026-09-14 21:25:57 UTC,Mexico City,NA,NA,,open,false,gps,gps,5573454,José Javier Barrios Flores,2026-10-06 03:30:55 UTC,2026-10-07 15:41:11 UTC,research,CC-BY,NA,2,false
Eulophia graminea,2026-10-04 19:10:14 -0400,,"Inverrary Blvd, Lauderhill, FL, US",26.1798583333,-80.2397166667,,Chinese Crown Orchid,https://www.inaturalist.org/observations/406240842,https://inaturalist-open-data.s3.amazonaws.com/photos/746335699/medium.jpg,nova-rx,406240842,Chinese Crown Orchid,Plantae,427629,2,0,2026-10-04 19:10:14,2026-10-04,2026-10-04 23:10:14 UTC,Eastern Time (US & Canada),13,13,,,false,,,7785610,Ryan,2026-10-06 03:22:42 UTC,2026-10-07 05:06:36 UTC,research,CC0,NA,843,false
Eulophia graminea,2026-10-04 16:39:04 -0400,,"W Commercial Blvd, Tamarac, FL, US",26.194225,-80.2397533333,,Chinese Crown Orchid,https://www.inaturalist.org/observations/406239916,https://inaturalist-open-data.s3.amazonaws.com/photos/746333803/medium.jpg,nova-rx,406239916,Chinese Crown Orchid,Plantae,427629,1,0,2026-10-04 16:39:04,2026-10-04,2026-10-04 20:39:04 UTC,Eastern Time (US & Canada),9,9,,,false,,,7785610,Ryan,2026-10-06 03:16:55 UTC,2026-10-06 03:22:43 UTC,research,CC0,NA,843,false
Eulophia maculata,2026-09-14 14:46:57 -0600,,"29952 Chis., México",16.9845757162,-91.5956783295,,Monk Orchid,https://www.inaturalist.org/observations/406236989,https://inaturalist-open-data.s3.amazonaws.com/photos/746328820/medium.jpg,jose_javier_bf,406236989,Eulophia maculata,Plantae,1453469,3,0,2026-09-14 14:46:57,2026-09-14,2026-09-14 20:46:57 UTC,Mexico City,NA,NA,,open,false,gps,gps,5573454,José Javier Barrios Flores,2026-10-06 03:01:32 UTC,2026-10-07 15:42:23 UTC,research,CC-BY,NA,2,false
Eulophia maculata,2026-09-26 14:32:00 -0600,Offering Trail hike; GPS point not exactly where observation made— it’s where we got picked up after hike,"2XPM+MC San Antonio, Belize",17.036740000000002,-89.01638,,Monk Orchid,https://www.inaturalist.org/observations/406236416,https://inaturalist-open-data.s3.amazonaws.com/photos/746321987/medium.jpg,jen13164,406236416,Monk Orchid,Plantae,1453469,1,0,2026/09/26 2:32 PM,2026-09-26,2026-09-26 20:32:00 UTC,America/Belize,NA,NA,,open,false,,,9667854,Jen McKnight,2026-10-06 02:58:12 UTC,2026-10-06 03:21:21 UTC,research,CC-BY-NC,NA,NA,false
Eulophia maculata,2026-09-26 10:02:09 -0600,,"Cayo District, Belize",17.0361247997,-89.0259207997,,Monk Orchid,https://www.inaturalist.org/observations/406222381,https://static.inaturalist.org/photos/746299397/medium.jpg,abidas_ash,406222381,Monk Orchid,Plantae,1453469,1,0,2026-09-26 10:02:09,2026-09-26,2026-09-26 16:02:09 UTC,America/Belize,NA,NA,,open,false,gps,gps,3946412,Abidas Ash,2026-10-06 01:40:09 UTC,2026-10-06 02:48:04 UTC,research,,NA,2,false
Eulophia maculata,2026-10-05 13:28:18 -0600,,"Sur 1ra. Sección, Tab., MX",18.2243166667,-93.2381583333,,Monk Orchid,https://www.inaturalist.org/observations/406162331,https://inaturalist-open-data.s3.amazonaws.com/photos/746172454/medium.jpg,fincalosamates,406162331,Orquídea monja africana,Plantae,1453469,3,0,2026-10-05 13:28:18-06:00,2026-10-05,2026-10-05 19:28:18 UTC,Mexico City,7,7,,open,false,,,10330502,,2026-10-05 20:31:25 UTC,2026-10-07 15:46:10 UTC,research,CC-BY-NC,NA,3,false
Eulophia hians hians,2026-10-04 06:07:20 +0200,,"City of Tshwane, ZA-GT, ZA",-25.6352331727,28.2927759809,,Blue Yawning Harlequin,https://www.inaturalist.org/observations/406017447,https://inaturalist-open-data.s3.amazonaws.com/photos/745884015/medium.jpg,reubenheydenrych,406017447,Eulophia hians hians,Plantae,599258,2,0,2026-10-04 06:07:20,2026-10-04,2026-10-04 04:07:20 UTC,Pretoria,NA,29936,obscured,open,true,,,740018,Reuben Heydenrych,2026-10-05 07:43:48 UTC,2026-10-05 14:54:24 UTC,research,CC-BY-NC,NA,2,false
Eulophia parviflora,2026-10-01 14:43:52 +0200,,"Ray Nkonyeni Rural, Port Shepstone, KwaZulu-Natal, ZA",-30.9561716667,30.1384361667,,Mini Harlequin,https://www.inaturalist.org/observations/406011267,https://inaturalist-open-data.s3.amazonaws.com/photos/745871322/medium.jpg,tracyjarvis,406011267,Mini Harlequin,Plantae,577769,2,0,2026-10-01 14:43:52+02:00,2026-10-01,2026-10-01 12:43:52 UTC,Pretoria,9,9,,open,false,,,1609671,Tracy Taylor,2026-10-05 06:51:02 UTC,2026-10-06 04:04:38 UTC,research,CC-BY-NC,NA,3,false
Eulophia alta,2026-09-22 14:50:00 -0400,,"Collier County, FL, USA",26.1387777778,-81.5405055556,,Wild Coco,https://www.inaturalist.org/observations/405983079,https://inaturalist-open-data.s3.amazonaws.com/photos/745808203/medium.jpg,jrichardabbott,405983079,Wild Coco,Plantae,162776,1,0,2026/09/22 2:50 PM,2026-09-22,2026-09-22 18:50:00 UTC,Eastern Time (US & Canada),7,7,,,false,,,1065815,J. Richard Abbott,2026-10-05 03:40:47 UTC,2026-10-05 05:28:14 UTC,research,CC-BY-NC,NA,NA,false
Eulophia picta,2026-10-04 13:42:45 +0800,時隔一載，棚倒藤陷，景物大變，垂頭地寶蘭的命運猶未可知。,"Hualien, TW-TA, TW",23.9056402698,121.5266349016,,Shepherd's Crook Orchid,https://www.inaturalist.org/observations/405980287,https://inaturalist-open-data.s3.amazonaws.com/photos/745809205/medium.jpg,chiuluan,405980287,垂頭地寶蘭,Plantae,1598926,1,0,2026-10-04 13:42:45,2026-10-04,2026-10-04 05:42:45 UTC,Taipei,5,30133,obscured,,true,gps,gps,1583469,,2026-10-05 03:26:09 UTC,2026-10-05 05:18:58 UTC,research,CC-BY,NA,2,false
Eulophia alta,2026-09-23 11:04:00 -0400,,"Collier, Florida, United States",26.1237222222,-81.5289694444,,Wild Coco,https://www.inaturalist.org/observations/405974660,https://inaturalist-open-data.s3.amazonaws.com/photos/745767942/medium.jpg,jrichardabbott,405974660,Wild Coco,Plantae,162776,1,0,2026/09/23 11:04 AM,2026-09-23,2026-09-23 15:04:00 UTC,Eastern Time (US & Canada),4,4,,,false,,,1065815,J. Richard Abbott,2026-10-05 02:58:21 UTC,2026-10-05 04:47:02 UTC,research,CC-BY-NC,NA,NA,false
Eulophia alta,2026-09-25 10:58:00 -0400,,"Picayune Strand State Forest, Collier County, FL, USA",26.1226444444,-81.5482333333,,Wild Coco,https://www.inaturalist.org/observations/405953454,https://inaturalist-open-data.s3.amazonaws.com/photos/745749171/medium.jpg,jrichardabbott,405953454,Wild Coco,Plantae,162776,1,0,2026/09/25 10:58 AM,2026-09-25,2026-09-25 14:58:00 UTC,Eastern Time (US & Canada),11,11,,,false,,,1065815,J. Richard Abbott,2026-10-05 01:17:12 UTC,2026-10-05 02:29:10 UTC,research,CC-BY-NC,NA,NA,false
Eulophia graminea,2026-10-04 15:18:25 -0500,,"Sawmill Rd, Spring, TX, US",30.1320492615,-95.4649327243,,Chinese Crown Orchid,https://www.inaturalist.org/observations/405904181,https://inaturalist-open-data.s3.amazonaws.com/photos/745647999/medium.jpg,kirsten_bubier,405904181,Chinese Crown Orchid,Plantae,427629,1,0,2026-10-04 15:18:25,2026-10-04,2026-10-04 20:18:25 UTC,Central Time (US & Canada),28,28,,,false,,,10308821,Kirsten Bubier,2026-10-04 21:48:09 UTC,2026-10-05 06:11:56 UTC,research,CC-BY-NC,NA,843,false
Eulophia graminea,2026-10-04 13:51:04 -0400,,"Millhopper Shopping Center, Gainesville, FL, US",29.6723616667,-82.3872833333,,Chinese Crown Orchid,https://www.inaturalist.org/observations/405876322,https://inaturalist-open-data.s3.amazonaws.com/photos/745591756/medium.jpg,lcmajure,405876322,Chinese Crown Orchid,Plantae,427629,1,0,2026-10-04 13:51:04-04:00,2026-10-04,2026-10-04 17:51:04 UTC,Eastern Time (US & Canada),3,3,,,false,,,1821428,Lucas C. Majure,2026-10-04 20:07:48 UTC,2026-10-04 21:11:52 UTC,research,CC-BY-NC,NA,3,false
Eulophia hians hians,2026-10-04 09:28:24 +0200,,"Rietvlei 101-Ir, Johannesburg South, 2053, South Africa",-26.3044478997,28.0149867997,,Blue Yawning Harlequin,https://www.inaturalist.org/observations/405872600,https://inaturalist-open-data.s3.amazonaws.com/photos/745583177/medium.jpg,traceyh14,405872600,Blue Yawning Harlequin,Plantae,599258,2,0,2026-10-04 09:28:24,2026-10-04,2026-10-04 07:28:24 UTC,Pretoria,NA,NA,,open,false,gps,gps,4089602,Tracey Herbst,2026-10-04 19:52:53 UTC,2026-10-05 15:17:33 UTC,research,CC-BY-NC,NA,2,false
Eulophia cochlearis,2026-10-04 16:43:00 +0200,,"Garden Route District Municipality, South Africa",-33.9644566307,22.5140635498,,Spoon Cinderella Orchid,https://www.inaturalist.org/observations/405841436,https://static.inaturalist.org/photos/745518107/medium.jpg,ludwig_muller,405841436,Spoon Cinderella Orchid,Plantae,1453532,2,0,2026/10/04 4:43 PM,2026-10-04,2026-10-04 14:43:00 UTC,Pretoria,31,31,,open,false,,,1456163,Ludwig Muller,2026-10-04 18:04:37 UTC,2026-10-05 17:23:01 UTC,research,,NA,NA,false
Eulophia maculata,2026-10-04 09:36:00 -0400,,"Coconut Creek, FL, USA",26.3210766667,-80.1992433333,,Monk Orchid,https://www.inaturalist.org/observations/405835543,https://static.inaturalist.org/photos/745506889/medium.jpg,pbuchwald,405835543,Monk Orchid,Plantae,1453469,1,0,2026/10/04 9:36 AM,2026-10-04,2026-10-04 13:36:00 UTC,Eastern Time (US & Canada),NA,NA,,open,false,,,2340704,P Buchwald,2026-10-04 17:45:11 UTC,2026-10-05 00:49:20 UTC,research,,NA,NA,false
Eulophia maculata,2026-09-23 16:31:30 -0400,,"Deering Estate, Palmetto Bay, FL, US",25.6164266523,-80.3082876664,,Monk Orchid,https://www.inaturalist.org/observations/405771923,https://static.inaturalist.org/photos/745380579/medium.jpg,sarahkolarik,405771923,Monk Orchid,Plantae,1453469,1,0,2026-09-23 16:31:30-04:00,2026-09-23,2026-09-23 20:31:30 UTC,Eastern Time (US & Canada),171,171,,open,false,,,4937883,Sarah-jean Kolarik,2026-10-04 13:46:18 UTC,2026-10-06 04:34:22 UTC,research,,NA,3,false
Eulophia hians hians,2026-10-04 08:31:55 +0200,,"Pretoria, Gauteng, ZA",-25.8031266834,28.2655446669,,Blue Yawning Harlequin,https://www.inaturalist.org/observations/405710640,https://inaturalist-open-data.s3.amazonaws.com/photos/745261334/medium.jpg,tonycooper,405710640,Blue Yawning Harlequin,Plantae,599258,1,0,2026-10-04 08:31:55,2026-10-04,2026-10-04 06:31:55 UTC,Pretoria,3,3,,open,false,,,1161363,tonycooper,2026-10-04 07:41:24 UTC,2026-10-04 08:13:39 UTC,research,CC-BY-NC,NA,843,false
Eulophia hians hians,2026-10-04 08:31:18 +0200,,"Pretoria, Gauteng, ZA",-25.8031323133,28.2655639295,,Blue Yawning Harlequin,https://www.inaturalist.org/observations/405710602,https://inaturalist-open-data.s3.amazonaws.com/photos/745261263/medium.jpg,tonycooper,405710602,Blue Yawning Harlequin,Plantae,599258,1,0,2026-10-04 08:31:18,2026-10-04,2026-10-04 06:31:18 UTC,Pretoria,3,3,,open,false,,,1161363,tonycooper,2026-10-04 07:41:07 UTC,2026-10-04 08:13:42 UTC,research,CC-BY-NC,NA,843,false
Eulophia streptopetala,2015-10-15 15:33:00 +0200,,"Jolivet, South Africa",-30.3172107297,30.3485030379,,Twisted Harlequin,https://www.inaturalist.org/observations/405707108,https://inaturalist-open-data.s3.amazonaws.com/photos/745253400/medium.jpg,graham_g,405707108,Twisted Harlequin,Plantae,543627,1,0,2015/10/15 3:33 PM,2015-10-15,2015-10-15 13:33:00 UTC,Pretoria,300,300,,open,false,,,748380,,2026-10-04 07:15:29 UTC,2026-10-04 07:18:10 UTC,research,CC-BY-NC,NA,NA,false
Eulophia maculata,2026-10-03 08:52:14 -0600,,"Antiguo Cuscatlán, La Libertad, SV",13.7046466667,-89.2773133333,,Monk Orchid,https://www.inaturalist.org/observations/405672321,https://inaturalist-open-data.s3.amazonaws.com/photos/745182546/medium.jpg,nestorh,405672321,Orquídea monja africana,Plantae,1453469,2,0,2026-10-03 08:52:14,2026-10-03,2026-10-03 14:52:14 UTC,America/El_Salvador,4,4,,open,false,,,210766,Nestor Herrera,2026-10-04 03:17:01 UTC,2026-10-06 01:46:25 UTC,research,CC-BY-NC,NA,843,false
Eulophia maculata,2026-05-07 12:03:15 -0300,,"Cuité de Mamanguape - PB, 58289-000, Brasil",-6.9147803432,-35.251115039,,Monk Orchid,https://www.inaturalist.org/observations/405650619,https://inaturalist-open-data.s3.amazonaws.com/photos/745138520/medium.jpg,artemisflora64005,405650619,Orquídea-monge,Plantae,1453469,1,0,2026-05-07 12:03:15,2026-05-07,2026-05-07 15:03:15 UTC,America/Fortaleza,211,211,,open,false,gps,gps,10777080,Artemis Flora - LenteEVerso,2026-10-04 01:25:43 UTC,2026-10-04 02:31:52 UTC,research,CC-BY-NC,NA,2,false
Eulophia maculata,2026-10-03 11:34:14 -0600,,"Campeche, MX",18.5995953887,-90.945545476,,Monk Orchid,https://www.inaturalist.org/observations/405573900,https://inaturalist-open-data.s3.amazonaws.com/photos/744979466/medium.jpg,antonio_peza,405573900,Orquídea monja africana,Plantae,1453469,1,0,2026-10-03 11:34:14,2026-10-03,2026-10-03 17:34:14 UTC,America/Merida,3,3,,open,false,,,270613,Antonio Pérez Zárate,2026-10-03 20:06:25 UTC,2026-10-05 15:54:55 UTC,research,CC-BY-NC,NA,843,false
Eulophia graminea,2026-10-03 12:48:55 -0600,,"Cansahcab, Yuc., MX",21.1625348938,-89.1053714604,,Chinese Crown Orchid,https://www.inaturalist.org/observations/405552986,https://inaturalist-open-data.s3.amazonaws.com/photos/744938512/medium.jpg,ignacio_aranda,405552986,Eulophia graminea,Plantae,427629,2,0,2026-10-03 12:48:55-06:00,2026-10-03,2026-10-03 18:48:55 UTC,America/Merida,347,347,,,false,,,7374301,Ignacio Aranda,2026-10-03 18:50:51 UTC,2026-10-05 15:54:48 UTC,research,CC-BY-NC,NA,3,false
Eulophia hians,2026-09-27 08:39:19 +0200,,"Thaba Chweu Local Municipality, South Africa",-25.0410385131,30.5018196106,,Yawning Harlequin,https://www.inaturalist.org/observations/405539998,https://inaturalist-open-data.s3.amazonaws.com/photos/744913208/medium.jpg,arista_botha,405539998,Yawning Harlequin,Plantae,415244,1,0,2026-09-27 08:39:19,2026-09-27,2026-09-27 06:39:19 UTC,Pretoria,NA,NA,,open,false,gps,gps,3494556,Arista Botha,2026-10-03 18:04:20 UTC,2026-10-03 18:48:45 UTC,research,CC-BY-NC-SA,NA,2,false
Eulophia hians hians,2026-10-03 10:10:22 +0200,,"City of Tshwane, ZA-GT, ZA",-25.7064960058,28.3572985242,,Blue Yawning Harlequin,https://www.inaturalist.org/observations/405528120,https://inaturalist-open-data.s3.amazonaws.com/photos/744887973/medium.jpg,nicdj,405528120,Blue Yawning Harlequin,Plantae,599258,2,0,2026-10-03 10:10:22,2026-10-03,2026-10-03 08:10:22 UTC,Pretoria,33,29936,obscured,open,true,,,5959695,,2026-10-03 17:19:23 UTC,2026-10-04 10:15:53 UTC,research,CC-BY-NC,NA,843,false
Eulophia speciosa,2026-10-02 12:07:12 +0200,,"Kwadukuza Municipality, South Africa",-29.5488782997,31.1833424997,,Golden Harlequin,https://www.inaturalist.org/observations/405469592,https://inaturalist-open-data.s3.amazonaws.com/photos/744773101/medium.jpg,brendancsmith3,405469592,Golden Harlequin,Plantae,140704,1,0,2026-10-02 12:07:12,2026-10-02,2026-10-02 10:07:12 UTC,Pretoria,NA,NA,,open,false,gps,gps,2047389,Brendan Smith,2026-10-03 13:31:39 UTC,2026-10-03 15:10:49 UTC,research,CC-BY-SA,NA,2,false
Eulophia speciosa,2026-10-02 09:42:23 +0200,,"C5VG+M4, South Africa",-29.5552393,31.1773418,,Golden Harlequin,https://www.inaturalist.org/observations/405469520,https://inaturalist-open-data.s3.amazonaws.com/photos/744773027/medium.jpg,brendancsmith3,405469520,Golden Harlequin,Plantae,140704,1,0,2026-10-02 09:42:23,2026-10-02,2026-10-02 07:42:23 UTC,Pretoria,NA,NA,,open,false,gps,gps,2047389,Brendan Smith,2026-10-03 13:31:22 UTC,2026-10-03 15:11:03 UTC,research,CC-BY-SA,NA,2,false
Eulophia hians hians,2026-10-03 00:00:00 +0200,,"West Rand District Municipality, South Africa",-26.4389000739,27.4026686597,,Blue Yawning Harlequin,https://www.inaturalist.org/observations/405433859,https://inaturalist-open-data.s3.amazonaws.com/photos/744702495/medium.jpg,kyle_campbell1,405433859,Blue Yawning Harlequin,Plantae,599258,1,0,2026/10/03,2026-10-03,,Pretoria,100,100,,open,false,,,5171908,Kyle Campbell,2026-10-03 09:59:05 UTC,2026-10-03 15:14:55 UTC,research,CC-BY-ND,NA,NA,false
Eulophia hians,2026-10-02 16:05:41 +0200,,"City of Tshwane, ZA-GT, ZA",-25.7420708193,28.2596277818,,Yawning Harlequin,https://www.inaturalist.org/observations/405401887,https://static.inaturalist.org/photos/744641099/medium.jpg,michellegreve,405401887,Yawning Harlequin,Plantae,415244,1,0,2026-10-02 16:05:41,2026-10-02,2026-10-02 14:05:41 UTC,Pretoria,7,7,,open,false,,,1109236,Michelle Greve,2026-10-03 05:49:00 UTC,2026-10-03 10:32:47 UTC,research,,NA,2,false
Eulophia graminea,2026-10-02 12:58:00 -0500,,"Town Center, The Woodlands, TX, USA",30.1667618552,-95.4581410851,,Chinese Crown Orchid,https://www.inaturalist.org/observations/405330696,https://inaturalist-open-data.s3.amazonaws.com/photos/744491972/medium.jpg,drbh2o,405330696,Chinese Crown Orchid,Plantae,427629,1,0,2026/10/02 12:58 PM,2026-10-02,2026-10-02 17:58:00 UTC,Central Time (US & Canada),1,1,,,false,,,521220,Matt,2026-10-02 22:15:47 UTC,2026-10-05 06:12:15 UTC,research,CC-BY-NC,NA,NA,false
Eulophia cucullata,2026-10-01 13:55:40 +0100,,"Ngabé, CG-PO, CG",-3.31454475,15.47516762,,Hooded Harlequin,https://www.inaturalist.org/observations/405321111,https://inaturalist-open-data.s3.amazonaws.com/photos/744471290/medium.jpg,pzzz,405321111,Eulophia cucullata,Plantae,338672,2,0,2026-10-01 13:55:40,2026-10-01,2026-10-01 12:55:40 UTC,Africa/Brazzaville,3,3,,,false,,,2100791,,2026-10-02 21:26:33 UTC,2026-10-04 18:47:43 UTC,research,CC-BY-NC,NA,2,false
Eulophia maculata,2026-10-02 18:16:00 -0300,,"Rua Benedito de Almeida Bueno, 279 - Centro, Atibaia - SP, 12940-660, Brasil",-23.1155807444,-46.5532068908,,Monk Orchid,https://www.inaturalist.org/observations/405319270,https://inaturalist-open-data.s3.amazonaws.com/photos/744467072/medium.jpg,yuri85295,405319270,Orquídea-monge,Plantae,1453469,1,0,2026-10-02 18:16:00,2026-10-02,2026-10-02 21:16:00 UTC,Brasilia,6640,6640,,open,false,gps,gps,9914012,Yuri Bernardino,2026-10-02 21:17:15 UTC,2026-10-02 22:01:34 UTC,research,CC-BY-NC,NA,2,false
Eulophia speciosa,2026-10-02 09:56:12 +0200,"Forest Loop, Eastern Shores, iSimangaliso Wetland Park North of St Lucia, KwaZulu-Natal, SOUTH AFRICA","Forest Loop, Eastern Shores, iSimangaliso Wetland Park North of St Lucia, Mtubatuba, KwaZulu-Natal, South Africa",-28.260985,32.472871,"Orchid, Orchidaceae, Golden Harlequin, Eulophia speciosa, Taxonomy:binomial=Eulophia speciosa, Forest Loop, Eastern Shores, iSimangaliso, St Lucia, KwaZulu-Natal, SOUTH AFRICA, Golden Harlequin (Eulophia speciosa)",Golden Harlequin,https://www.inaturalist.org/observations/405274475,https://inaturalist-open-data.s3.amazonaws.com/photos/744377284/medium.jpg,berniedup,405274475,Golden Harlequin,Plantae,140704,1,0,2026-10-02 09:56:12,2026-10-02,2026-10-02 07:56:12 UTC,Pretoria,NA,NA,,open,false,,,4487,Bernard DUPONT,2026-10-02 17:52:17 UTC,2026-10-02 19:53:27 UTC,research,CC-BY,NA,NA,false
Eulophia speciosa,2026-10-02 12:50:52 +0200,"Loop Road, Eastern Shores, iSimangaliso Wetland Park North of St Lucia, KwaZulu-Natal, SOUTH AFRICA","Loop Road, Eastern Shores, iSimangaliso Wetland Park North of St Lucia, Mtubatuba, KwaZulu-Natal, South Africa",-28.125756,32.508995,"Loop Road, Eastern Shores, iSimangaliso, St Lucia, KwaZulu-Natal, SOUTH AFRICA, Orchid, Orchidaceae, Golden Harlequin, Eulophia speciosa, Taxonomy:binomial=Eulophia speciosa, Golden Harlequin (Eulophia speciosa)",Golden Harlequin,https://www.inaturalist.org/observations/405272388,https://inaturalist-open-data.s3.amazonaws.com/photos/744372814/medium.jpg,berniedup,405272388,Golden Harlequin,Plantae,140704,1,0,2026-10-02 12:50:52,2026-10-02,2026-10-02 10:50:52 UTC,Pretoria,NA,NA,,open,false,,,4487,Bernard DUPONT,2026-10-02 17:42:09 UTC,2026-10-02 19:53:18 UTC,research,CC-BY,NA,NA,false
Eulophia speciosa,2026-10-02 12:55:58 +0200,"Loop Road, Eastern Shores, iSimangaliso Wetland Park North of St Lucia, KwaZulu-Natal, SOUTH AFRICA","Loop Road, Eastern Shores, iSimangaliso Wetland Park North of St Lucia, Mtubatuba, KwaZulu-Natal, South Africa",-28.126872,32.50863,"Loop Road, Eastern Shores, iSimangaliso, St Lucia, KwaZulu-Natal, SOUTH AFRICA, Orchid, Orchidaceae, Golden Harlequin, Eulophia speciosa, Taxonomy:binomial=Eulophia speciosa, Golden Harlequin (Eulophia speciosa)",Golden Harlequin,https://www.inaturalist.org/observations/405272372,https://inaturalist-open-data.s3.amazonaws.com/photos/744372793/medium.jpg,berniedup,405272372,Golden Harlequin,Plantae,140704,1,0,2026-10-02 12:55:58,2026-10-02,2026-10-02 10:55:58 UTC,Pretoria,NA,NA,,open,false,,,4487,Bernard DUPONT,2026-10-02 17:42:07 UTC,2026-10-02 19:53:06 UTC,research,CC-BY,NA,NA,false
Eulophia maculata,2026-09-24 11:23:35 -0600,,"Nindirí, Nicaragua",11.9917829,-86.1445874,,Monk Orchid,https://www.inaturalist.org/observations/405245941,https://inaturalist-open-data.s3.amazonaws.com/photos/744321972/medium.jpg,kevram_delgado,405245941,Orquídea monja africana,Plantae,1453469,2,0,2026-09-24 11:23:35,2026-09-24,2026-09-24 17:23:35 UTC,America/Managua,NA,NA,,open,false,gps,gps,5346438,Kevin Ramírez,2026-10-02 15:45:51 UTC,2026-10-03 01:52:20 UTC,research,CC-BY-NC,NA,2,false
Eulophia hians hians,2026-10-02 00:00:00 +0200,,"Westonaria, South Africa",-26.3837523499,27.642758698,,Blue Yawning Harlequin,https://www.inaturalist.org/observations/405240463,https://inaturalist-open-data.s3.amazonaws.com/photos/744308189/medium.jpg,kyle_campbell1,405240463,Blue Yawning Harlequin,Plantae,599258,1,0,2026/10/02,2026-10-02,,Pretoria,100,100,,open,false,,,5171908,Kyle Campbell,2026-10-02 15:22:53 UTC,2026-10-02 18:28:43 UTC,research,CC-BY-ND,NA,NA,false
Eulophia hians hians,2026-10-02 00:00:00 +0200,,"Westonaria, South Africa",-26.3837523499,27.642758698,,Blue Yawning Harlequin,https://www.inaturalist.org/observations/405240458,https://inaturalist-open-data.s3.amazonaws.com/photos/744308178/medium.jpg,kyle_campbell1,405240458,Blue Yawning Harlequin,Plantae,599258,1,0,2026/10/02,2026-10-02,,Pretoria,100,100,,open,false,,,5171908,Kyle Campbell,2026-10-02 15:22:52 UTC,2026-10-02 18:28:43 UTC,research,CC-BY-ND,NA,NA,false
Eulophia hians hians,2026-10-02 00:00:00 +0200,,"Westonaria, South Africa",-26.3837523499,27.642758698,,Blue Yawning Harlequin,https://www.inaturalist.org/observations/405240456,https://inaturalist-open-data.s3.amazonaws.com/photos/744308171/medium.jpg,kyle_campbell1,405240456,Blue Yawning Harlequin,Plantae,599258,1,0,2026/10/02,2026-10-02,,Pretoria,100,100,,open,false,,,5171908,Kyle Campbell,2026-10-02 15:22:52 UTC,2026-10-02 18:28:44 UTC,research,CC-BY-ND,NA,NA,false
Eulophia hians hians,2026-10-02 00:00:00 +0200,,"Westonaria, South Africa",-26.3837523499,27.642758698,,Blue Yawning Harlequin,https://www.inaturalist.org/observations/405240440,https://inaturalist-open-data.s3.amazonaws.com/photos/744308139/medium.jpg,kyle_campbell1,405240440,Blue Yawning Harlequin,Plantae,599258,1,0,2026/10/02,2026-10-02,,Pretoria,100,100,,open,false,,,5171908,Kyle Campbell,2026-10-02 15:22:49 UTC,2026-10-02 18:28:46 UTC,research,CC-BY-ND,NA,NA,false
Eulophia hians hians,2026-10-02 00:00:00 +0200,,"Westonaria, South Africa",-26.3837523499,27.642758698,,Blue Yawning Harlequin,https://www.inaturalist.org/observations/405240439,https://inaturalist-open-data.s3.amazonaws.com/photos/744308149/medium.jpg,kyle_campbell1,405240439,Blue Yawning Harlequin,Plantae,599258,1,0,2026/10/02,2026-10-02,,Pretoria,100,100,,open,false,,,5171908,Kyle Campbell,2026-10-02 15:22:49 UTC,2026-10-02 18:28:48 UTC,research,CC-BY-ND,NA,NA,false
Eulophia hians hians,2026-10-02 00:00:00 +0200,,"Westonaria, South Africa",-26.3837523499,27.642758698,,Blue Yawning Harlequin,https://www.inaturalist.org/observations/405240438,https://inaturalist-open-data.s3.amazonaws.com/photos/744308129/medium.jpg,kyle_campbell1,405240438,Blue Yawning Harlequin,Plantae,599258,1,0,2026/10/02,2026-10-02,,Pretoria,100,100,,open,false,,,5171908,Kyle Campbell,2026-10-02 15:22:49 UTC,2026-10-02 18:28:49 UTC,research,CC-BY-ND,NA,NA,false
Eulophia hians hians,2026-10-02 00:00:00 +0200,,"Westonaria, South Africa",-26.3837523499,27.642758698,,Blue Yawning Harlequin,https://www.inaturalist.org/observations/405240418,https://inaturalist-open-data.s3.amazonaws.com/photos/744308100/medium.jpg,kyle_campbell1,405240418,Blue Yawning Harlequin,Plantae,599258,1,0,2026/10/02,2026-10-02,,Pretoria,100,100,,open,false,,,5171908,Kyle Campbell,2026-10-02 15:22:45 UTC,2026-10-02 18:28:50 UTC,research,CC-BY-ND,NA,NA,false
Eulophia hians hians,2026-10-02 00:00:00 +0200,,"Westonaria, South Africa",-26.3837523499,27.642758698,,Blue Yawning Harlequin,https://www.inaturalist.org/observations/405240417,https://inaturalist-open-data.s3.amazonaws.com/photos/744308101/medium.jpg,kyle_campbell1,405240417,Blue Yawning Harlequin,Plantae,599258,1,0,2026/10/02,2026-10-02,,Pretoria,100,100,,open,false,,,5171908,Kyle Campbell,2026-10-02 15:22:45 UTC,2026-10-02 18:28:52 UTC,research,CC-BY-ND,NA,NA,false
Eulophia hians hians,2026-10-02 00:00:00 +0200,,"Westonaria, South Africa",-26.3823745006,27.6406587825,,Blue Yawning Harlequin,https://www.inaturalist.org/observations/405238072,https://inaturalist-open-data.s3.amazonaws.com/photos/744295966/medium.jpg,kyle_campbell1,405238072,Blue Yawning Harlequin,Plantae,599258,1,0,2026/10/02,2026-10-02,,Pretoria,100,100,,open,false,,,5171908,Kyle Campbell,2026-10-02 15:12:55 UTC,2026-10-02 18:35:24 UTC,research,CC-BY-ND,NA,NA,false
Eulophia hians hians,2026-10-02 00:00:00 +0200,,"Westonaria, South Africa",-26.3790966542,27.64772349,,Blue Yawning Harlequin,https://www.inaturalist.org/observations/405227474,https://inaturalist-open-data.s3.amazonaws.com/photos/744283691/medium.jpg,kyle_campbell1,405227474,Blue Yawning Harlequin,Plantae,599258,1,0,2026/10/02,2026-10-02,,Pretoria,100,100,,open,false,,,5171908,Kyle Campbell,2026-10-02 14:24:33 UTC,2026-10-02 18:36:01 UTC,research,CC-BY-ND,NA,NA,false
Eulophia hians hians,2026-10-02 00:00:00 +0200,,"Westonaria, South Africa",-26.3790966542,27.64772349,,Blue Yawning Harlequin,https://www.inaturalist.org/observations/405227472,https://inaturalist-open-data.s3.amazonaws.com/photos/744283728/medium.jpg,kyle_campbell1,405227472,Blue Yawning Harlequin,Plantae,599258,1,0,2026/10/02,2026-10-02,,Pretoria,100,100,,open,false,,,5171908,Kyle Campbell,2026-10-02 14:24:33 UTC,2026-10-02 18:36:01 UTC,research,CC-BY-ND,NA,NA,false
Eulophia hians hians,2026-10-02 00:00:00 +0200,,"Westonaria, South Africa",-26.3790966542,27.64772349,,Blue Yawning Harlequin,https://www.inaturalist.org/observations/405227464,https://inaturalist-open-data.s3.amazonaws.com/photos/744283689/medium.jpg,kyle_campbell1,405227464,Blue Yawning Harlequin,Plantae,599258,1,0,2026/10/02,2026-10-02,,Pretoria,100,100,,open,false,,,5171908,Kyle Campbell,2026-10-02 14:24:29 UTC,2026-10-02 18:36:03 UTC,research,CC-BY-ND,NA,NA,false
Eulophia hians hians,2026-10-02 00:00:00 +0200,,"Westonaria, South Africa",-26.3790966542,27.64772349,,Blue Yawning Harlequin,https://www.inaturalist.org/observations/405227457,https://inaturalist-open-data.s3.amazonaws.com/photos/744283630/medium.jpg,kyle_campbell1,405227457,Blue Yawning Harlequin,Plantae,599258,1,0,2026/10/02,2026-10-02,,Pretoria,100,100,,open,false,,,5171908,Kyle Campbell,2026-10-02 14:24:28 UTC,2026-10-02 18:36:04 UTC,research,CC-BY-ND,NA,NA,false
Eulophia hians hians,2026-10-02 00:00:00 +0200,,"Westonaria, South Africa",-26.3790966542,27.64772349,,Blue Yawning Harlequin,https://www.inaturalist.org/observations/405227456,https://inaturalist-open-data.s3.amazonaws.com/photos/744283631/medium.jpg,kyle_campbell1,405227456,Blue Yawning Harlequin,Plantae,599258,1,0,2026/10/02,2026-10-02,,Pretoria,100,100,,open,false,,,5171908,Kyle Campbell,2026-10-02 14:24:27 UTC,2026-10-02 18:36:07 UTC,research,CC-BY-ND,NA,NA,false
Eulophia hians hians,2026-09-29 18:02:20 +0200,,"Sterkfontein DMA, South Africa",-25.8630491046,27.8524674475,,Blue Yawning Harlequin,https://www.inaturalist.org/observations/405226746,https://inaturalist-open-data.s3.amazonaws.com/photos/744285500/medium.jpg,themeda2,405226746,Blue Yawning Harlequin,Plantae,599258,2,0,2026-09-29 18:02:20,2026-09-29,2026-09-29 16:02:20 UTC,Pretoria,61,61,,open,false,,,6253572,Jenny,2026-10-02 14:21:07 UTC,2026-10-02 17:07:18 UTC,research,CC-BY-NC,NA,2,false
Eulophia maculata,2026-10-02 08:29:53 -0500,,"Montijo, PA-VR, PA",7.34796,-80.7799433333,,Monk Orchid,https://www.inaturalist.org/observations/405216579,https://inaturalist-open-data.s3.amazonaws.com/photos/744265909/medium.jpg,itzelrodriguez,405216579,Orquídea monja africana,Plantae,1453469,2,0,2026-10-02 08:29:53,2026-10-02,2026-10-02 13:29:53 UTC,America/Panama,1,1,,open,false,,,2833366,itzel ivon Rodriguez,2026-10-02 13:30:29 UTC,2026-10-03 12:37:09 UTC,research,CC-BY-NC,NA,2,false
Eulophia graminea,2026-10-01 14:57:03 -0400,,"Clearwater, FL, US",27.9769546772,-82.7272087802,,Chinese Crown Orchid,https://www.inaturalist.org/observations/405172834,https://static.inaturalist.org/photos/744179675/medium.jpg,goergen,405172834,Chinese Crown Orchid,Plantae,427629,1,0,2026-10-01 14:57:03,2026-10-01,2026-10-01 18:57:03 UTC,Eastern Time (US & Canada),3,3,,,false,,,742493,,2026-10-02 08:11:13 UTC,2026-10-02 16:52:36 UTC,research,,NA,843,false
Eulophia lamellata,2026-09-20 15:27:00 +0200,,"Baskloof Fynbos Private Nature Reserve, Cape Town, Western Cape, South Africa",-34.1952194444,18.3835333333,,Upright Sandy Cinderella Orchid,https://www.inaturalist.org/observations/405142324,https://inaturalist-open-data.s3.amazonaws.com/photos/744105149/medium.jpg,kristofz,405142324,Upright Sandy Cinderella Orchid,Plantae,1453531,2,0,2026/09/20 3:27 PM,2026-09-20,2026-09-20 13:27:00 UTC,Pretoria,NA,NA,,open,false,,,83313,Kristof Zyskowski,2026-10-02 03:43:46 UTC,2026-10-02 13:09:23 UTC,research,CC-BY,NA,NA,false
Eulophia alta,2012-10-04 09:00:00 -0400,,"Collier County, FL, USA",25.9879755505,-81.591275649,,Wild Coco,https://www.inaturalist.org/observations/405122492,https://inaturalist-open-data.s3.amazonaws.com/photos/744079278/medium.jpg,bente_torvund,405122492,Wild Coco,Plantae,162776,2,0,2012/10/04 9:00 AM,2012-10-04,2012-10-04 13:00:00 UTC,Eastern Time (US & Canada),141,141,,,false,,,10790668,,2026-10-02 01:35:38 UTC,2026-10-02 04:35:55 UTC,research,CC-BY-NC,NA,NA,false
Eulophia maculata,2026-09-30 11:24:32 -0600,,"Tuxtla Gutiérrez, MX-CH, MX",16.7230401997,-93.0939154997,,Monk Orchid,https://www.inaturalist.org/observations/405105998,https://static.inaturalist.org/photos/744044562/medium.jpg,e_gomez,405105998,Orquídea monja africana,Plantae,1453469,2,0,2026-09-30 11:24:32,2026-09-30,2026-09-30 17:24:32 UTC,Mexico City,NA,NA,,open,false,gps,gps,30050,Ernesto Gómez,2026-10-02 00:00:28 UTC,2026-10-02 14:49:21 UTC,research,CC-BY-NC-ND,NA,2,false
Eulophia maculata,2026-10-01 12:43:43 -0600,,"29103 Chis., Mexico",16.6726666667,-93.1299555556,,Monk Orchid,https://www.inaturalist.org/observations/405105484,https://inaturalist-open-data.s3.amazonaws.com/photos/744042360/medium.jpg,mattandeliz,405105484,Monk Orchid,Plantae,1453469,3,0,2026-10-01 12:43:43,2026-10-01,2026-10-01 18:43:43 UTC,Mexico City,NA,NA,,open,false,gps,gps,430162,Matt Cohen and Elizabeth Hargrave,2026-10-01 23:56:30 UTC,2026-10-02 14:49:18 UTC,research,CC-BY-NC,NA,2,false
Eulophia maculata,2026-10-01 10:05:49 -0600,,"Carmen, MX-CM, MX",18.2447323746,-91.3452652049,,Monk Orchid,https://www.inaturalist.org/observations/405100190,https://static.inaturalist.org/photos/744031274/medium.jpg,jorgeesantiagoo,405100190,Orquídea monja africana,Plantae,1453469,2,0,2026-10-01 10:05:49-06:00,2026-10-01,2026-10-01 16:05:49 UTC,America/Merida,6,6,,open,false,,,414470,Jorge Santiago,2026-10-01 23:27:38 UTC,2026-10-02 04:33:50 UTC,research,,NA,3,false
Eulophia graminea,2026-10-01 10:30:24 -0400,NE 73rd Lane Bronson FL ,"East Bronson, FL, USA",29.4412128058,-82.5898464024,,Chinese Crown Orchid,https://www.inaturalist.org/observations/405051656,https://inaturalist-open-data.s3.amazonaws.com/photos/744019923/medium.jpg,chinabont,405051656,Chinese Crown Orchid,Plantae,427629,1,0,2026-10-01 10:30:24,2026-10-01,2026-10-01 14:30:24 UTC,Eastern Time (US & Canada),814,814,,,false,gps,gps,1089940,China Bont,2026-10-01 19:16:53 UTC,2026-10-02 01:50:47 UTC,research,CC-BY-NC,NA,2,false
Eulophia speciosa,2026-09-29 11:37:41 +0200,,"La Mercy, 4399, South Africa",-29.6777343,31.1070387,,Golden Harlequin,https://www.inaturalist.org/observations/405037653,https://inaturalist-open-data.s3.amazonaws.com/photos/743904774/medium.jpg,nature-club,405037653,Golden Harlequin,Plantae,140704,1,0,2026-09-29 11:37:41,2026-09-29,2026-09-29 09:37:41 UTC,Pretoria,NA,NA,,open,false,gps,gps,2051743,Allister Starke,2026-10-01 18:10:00 UTC,2026-10-02 04:43:21 UTC,research,CC-BY-NC,NA,2,false
Eulophia petersii,2026-09-30 15:02:23 +0200,,"Ehlanzeni, ZA-MP, ZA",-25.5278830045,31.0231879923,,Garden Harlequin,https://www.inaturalist.org/observations/405033498,https://inaturalist-open-data.s3.amazonaws.com/photos/743896822/medium.jpg,liam_botha,405033498,Garden Harlequin,Plantae,489945,2,0,2026-09-30 15:02:23+02:00,2026-09-30,2026-09-30 13:02:23 UTC,Pretoria,8,8,,open,false,,,4328498,Liam Botha,2026-10-01 17:49:51 UTC,2026-10-03 03:59:03 UTC,research,CC-BY-NC,NA,3,false
Eulophia platypetala,2026-09-29 06:26:36 +0200,,"Cacadu, ZA-EC, ZA",-33.8275496063,24.6084444491,,Garden Route Harlequin,https://www.inaturalist.org/observations/405001716,https://inaturalist-open-data.s3.amazonaws.com/photos/743833519/medium.jpg,decklan,405001716,Garden Route Harlequin,Plantae,585546,1,0,2026-09-29 06:26:36,2026-09-29,2026-09-29 04:26:36 UTC,Pretoria,NA,28902,obscured,open,true,gps,gps,4441545,Decklan,2026-10-01 15:10:16 UTC,2026-10-01 23:06:35 UTC,research,CC-BY-NC,NA,2,false
Eulophia maculata,2026-09-28 15:32:27 -0600,,"70990 Oax., México",15.9101479997,-96.1298412,,Monk Orchid,https://www.inaturalist.org/observations/404997064,https://static.inaturalist.org/photos/743825247/medium.jpg,magali70,404997064,Orquídea monja africana,Plantae,1453469,2,0,2026-09-28 15:32:27,2026-09-28,2026-09-28 21:32:27 UTC,Mexico City,NA,NA,,open,false,gps,gps,3922791,Magali Vázquez Cárcamo,2026-10-01 14:49:25 UTC,2026-10-02 14:48:46 UTC,research,CC-BY-SA,NA,2,false
Eulophia maculata,2026-10-01 10:22:45 -0400,,"Miami, FL, US",25.6767647015,-80.3787523262,,Monk Orchid,https://www.inaturalist.org/observations/404991280,https://inaturalist-open-data.s3.amazonaws.com/photos/743814096/medium.jpg,pikachutrain,404991280,Monk Orchid,Plantae,1453469,1,0,2026-10-01 10:22:45,2026-10-01,2026-10-01 14:22:45 UTC,Eastern Time (US & Canada),7,7,,open,false,,,10426056,Henry Chu,2026-10-01 14:23:33 UTC,2026-10-01 23:01:28 UTC,research,CC-BY-NC,NA,843,false
Eulophia maculata,2026-10-01 09:24:22 -0400,,"Boca Raton, FL 33428, USA",26.3503432,-80.1962020997,,Monk Orchid,https://www.inaturalist.org/observations/404986746,https://static.inaturalist.org/photos/743805385/medium.jpg,deepindigoblue,404986746,Monk Orchid,Plantae,1453469,2,0,2026-10-01 09:24:22,2026-10-01,2026-10-01 13:24:22 UTC,Eastern Time (US & Canada),NA,NA,,open,false,gps,gps,2534235,Steve Carbol,2026-10-01 14:00:31 UTC,2026-10-01 23:00:32 UTC,research,,NA,2,false
Eulophia maculata,2026-09-28 14:13:38 -0600,,"WV57+QW, 70990 El Arroyón, Oax., México",15.9093911,-96.1327110997,,Monk Orchid,https://www.inaturalist.org/observations/404966444,https://static.inaturalist.org/photos/743767738/medium.jpg,magali70,404966444,Orquídea monja africana,Plantae,1453469,2,0,2026-09-28 14:13:38,2026-09-28,2026-09-28 20:13:38 UTC,Mexico City,NA,NA,,open,false,gps,gps,3922791,Magali Vázquez Cárcamo,2026-10-01 12:11:30 UTC,2026-10-02 14:48:43 UTC,research,CC-BY-SA,NA,2,false
Eulophia graminea,2026-09-27 10:53:10 -0400,,"NW 95 St & NW 2 Ct, Florida 33150, USA",25.8634208,-80.2019647997,,Chinese Crown Orchid,https://www.inaturalist.org/observations/404958665,https://inaturalist-open-data.s3.amazonaws.com/photos/743753133/medium.jpg,mruthg,404958665,Chinese Crown Orchid,Plantae,427629,3,0,2026-09-27 10:53:10,2026-09-27,2026-09-27 14:53:10 UTC,Eastern Time (US & Canada),NA,NA,,,false,,,10360441,,2026-10-01 11:14:34 UTC,2026-10-01 23:14:25 UTC,research,CC-BY-NC,NA,2,false
Eulophia hians,2015-09-17 11:34:00 +0200,,"Beacon Hill, Umtamvuna NR, South Africa",-31.0086515281,30.1755913086,,Yawning Harlequin,https://www.inaturalist.org/observations/404919122,https://inaturalist-open-data.s3.amazonaws.com/photos/743674131/medium.jpg,graham_g,404919122,Yawning Harlequin,Plantae,415244,1,0,2015/09/17 11:34 AM,2015-09-17,2015-09-17 09:34:00 UTC,Pretoria,250,250,,open,false,,,748380,,2026-10-01 05:45:45 UTC,2026-10-01 09:45:00 UTC,research,CC-BY-NC,NA,NA,false
Eulophia hians,2015-09-17 11:05:00 +0200,,"Beacon Hill, Umtamvuna NR, South Africa",-31.0086515281,30.1755913086,,Yawning Harlequin,https://www.inaturalist.org/observations/404919118,https://inaturalist-open-data.s3.amazonaws.com/photos/743674130/medium.jpg,graham_g,404919118,Yawning Harlequin,Plantae,415244,1,0,2015/09/17 11:05 AM,2015-09-17,2015-09-17 09:05:00 UTC,Pretoria,250,250,,open,false,,,748380,,2026-10-01 05:45:44 UTC,2026-10-01 06:11:46 UTC,research,CC-BY-NC,NA,NA,false
Eulophia maculata,2026-09-13 10:14:45 -0400,,"De Leon Springs, FL, US",29.1205971667,-81.3653716667,,Monk Orchid,https://www.inaturalist.org/observations/404844325,https://inaturalist-open-data.s3.amazonaws.com/photos/743522958/medium.jpg,poduromorpha,404844325,Monk Orchid,Plantae,1453469,2,0,2026-09-13 10:14:45,2026-09-13,2026-09-13 14:14:45 UTC,Eastern Time (US & Canada),4,4,,open,false,,,6059248,,2026-09-30 22:34:18 UTC,2026-10-01 05:02:02 UTC,research,CC-BY-NC,NA,843,false
Eulophia graminea,2026-09-30 13:53:32 -0400,,"Luna Bella Ln, New Smyrna Beach, FL, US",29.0344747011,-81.0318081119,,Chinese Crown Orchid,https://www.inaturalist.org/observations/404778015,https://static.inaturalist.org/photos/743390682/medium.jpg,charlevoixonthecoast,404778015,Chinese Crown Orchid,Plantae,427629,2,0,2026-09-30 13:53:32,2026-09-30,2026-09-30 17:53:32 UTC,Eastern Time (US & Canada),9,9,,,false,,,3560500,Chare C,2026-09-30 17:55:39 UTC,2026-10-01 05:09:15 UTC,research,,NA,843,false
Eulophia graminea,2026-09-27 17:47:11 -0400,,"SE Third St, Deerfield Beach, FL, US",26.3138735931,-80.0883392763,,Chinese Crown Orchid,https://www.inaturalist.org/observations/404760892,https://inaturalist-open-data.s3.amazonaws.com/photos/743357876/medium.jpg,claudiaaad,404760892,Chinese Crown Orchid,Plantae,427629,1,0,2026-09-27 17:47:11,2026-09-27,2026-09-27 21:47:11 UTC,Eastern Time (US & Canada),51,51,,,false,,,10920094,,2026-09-30 16:43:29 UTC,2026-09-30 21:45:53 UTC,research,CC-BY-NC,NA,843,false
Eulophia maculata,2026-09-29 09:07:43 -0400,,"Fort Lauderdale, FL, US",26.1435388333,-80.1041111667,,Monk Orchid,https://www.inaturalist.org/observations/404759281,https://inaturalist-open-data.s3.amazonaws.com/photos/743354814/medium.jpg,kmtorres,404759281,Monk Orchid,Plantae,1453469,1,0,2026-09-29 09:07:43,2026-09-29,2026-09-29 13:07:43 UTC,Eastern Time (US & Canada),4,4,,open,false,,,8424386,Karina M. Torres,2026-09-30 16:37:03 UTC,2026-09-30 21:46:46 UTC,research,CC-BY,NA,843,false
Eulophia speciosa,2026-09-30 16:17:01 +0200,,"Clansthal, Ezembeni, South Africa",-30.2340741997,30.7882083,,Golden Harlequin,https://www.inaturalist.org/observations/404747090,https://inaturalist-open-data.s3.amazonaws.com/photos/743330521/medium.jpg,clansthal,404747090,Golden Harlequin,Plantae,140704,1,0,2026-09-30 16:17:01,2026-09-30,2026-09-30 14:17:01 UTC,Pretoria,NA,NA,,open,false,gps,gps,7628878,Chris Hatton,2026-09-30 15:45:19 UTC,2026-10-01 05:48:04 UTC,research,CC-BY-NC,NA,2,false
Eulophia lamellata,2026-09-30 09:03:52 +0200,,"Cape Point, Western Cape, ZA",-34.1950283333,18.3837116667,,Upright Sandy Cinderella Orchid,https://www.inaturalist.org/observations/404701295,https://inaturalist-open-data.s3.amazonaws.com/photos/743245627/medium.jpg,cpvoget,404701295,Upright Sandy Cinderella Orchid,Plantae,1453531,2,0,2026-09-30 09:03:52,2026-09-30,2026-09-30 07:03:52 UTC,Pretoria,7,7,,open,false,,,715952,Caroline Voget,2026-09-30 12:01:13 UTC,2026-10-01 19:35:55 UTC,research,CC-BY,NA,843,false
Eulophia petersii,2026-09-29 08:04:00 +0200,,"Fetakgomo Tubatse, Sekhukhune, Limpopo",-24.683251,30.335386,,Garden Harlequin,https://www.inaturalist.org/observations/404655211,https://static.inaturalist.org/photos/743155407/medium.jpg,kaylaanne,404655211,Garden Harlequin,Plantae,489945,2,0,2026/09/29 8:04 AM,2026-09-29,2026-09-29 06:04:00 UTC,Pretoria,66199,66199,,open,false,,,8466078,Kayla Goodfellow,2026-09-30 06:06:50 UTC,2026-10-01 04:49:58 UTC,research,,NA,NA,false
Eulophia maculata,2026-09-29 10:27:30 -0600,,"Parque Nacional Rincón de la Vieja, Liberia, Guanacaste, CR",10.7728716667,-85.3426966667,,Monk Orchid,https://www.inaturalist.org/observations/404638723,https://static.inaturalist.org/photos/743121864/medium.jpg,brendan303,404638723,Eulophia maculata,Plantae,1453469,2,0,2026-09-29 10:27:30-06:00,2026-09-29,2026-09-29 16:27:30 UTC,America/Costa_Rica,4,4,,open,false,,,6243203,Brendan D.,2026-09-30 03:29:31 UTC,2026-10-02 06:29:06 UTC,research,,NA,3,false
Eulophia graminea,2026-06-07 10:33:00 -0500,,"Montgomery, Texas, United States",30.19102222,-95.58783056,,Chinese Crown Orchid,https://www.inaturalist.org/observations/404583645,https://inaturalist-open-data.s3.amazonaws.com/photos/743006451/medium.jpg,drbh2o,404583645,Chinese Crown Orchid,Plantae,427629,1,0,2026/06/07 10:33 AM,2026-06-07,2026-06-07 15:33:00 UTC,Central Time (US & Canada),NA,NA,,,false,,,521220,Matt,2026-09-29 22:36:20 UTC,2026-10-05 06:12:32 UTC,research,CC-BY-NC,NA,NA,false
Eulophia graminea,2026-06-07 18:15:00 -0500,,"Montgomery, Texas, United States",30.19697222,-95.48345278,,Chinese Crown Orchid,https://www.inaturalist.org/observations/404583642,https://inaturalist-open-data.s3.amazonaws.com/photos/743006428/medium.jpg,drbh2o,404583642,Chinese Crown Orchid,Plantae,427629,1,0,2026/06/07 6:15 PM,2026-06-07,2026-06-07 23:15:00 UTC,Central Time (US & Canada),NA,NA,,,false,,,521220,Matt,2026-09-29 22:36:20 UTC,2026-10-01 10:43:29 UTC,research,CC-BY-NC,NA,NA,false
Eulophia maculata,2026-09-29 13:31:10 -0400,,"Nalle Rd, North Fort Myers, FL, US",26.7166230232,-81.7912383471,,Monk Orchid,https://www.inaturalist.org/observations/404570243,https://inaturalist-open-data.s3.amazonaws.com/photos/742978155/medium.jpg,ezercruz,404570243,Monk Orchid,Plantae,1453469,2,0,2026-09-29 13:31:10-04:00,2026-09-29,2026-09-29 17:31:10 UTC,Eastern Time (US & Canada),18,18,,open,false,,,10334367,,2026-09-29 21:31:00 UTC,2026-09-30 21:47:19 UTC,research,CC-BY-NC,NA,3,false
Eulophia maculata,2026-09-29 13:18:06 -0400,,"Aguadilla, PR",18.4667930196,-67.120217979,,Monk Orchid,https://www.inaturalist.org/observations/404511659,https://inaturalist-open-data.s3.amazonaws.com/photos/742859908/medium.jpg,dummy_2004,404511659,Eulophia maculata,Plantae,1453469,2,0,2026-09-29 13:18:06,2026-09-29,2026-09-29 17:18:06 UTC,Puerto Rico,5,5,,open,false,gps,gps,8905410,Johann S. Rivera Vargas,2026-09-29 17:19:14 UTC,2026-10-01 10:21:02 UTC,research,CC-BY-NC,NA,2,false
Eulophia alta,2021-05-07 09:39:00 -0500,,"Leoncio Prado Province, Peru",-9.1015383663,-76.0524767496,,Wild Coco,https://www.inaturalist.org/observations/404505235,https://static.inaturalist.org/photos/742802075/medium.jpg,miguel_angel_hinojosa_talavera,404505235,Wild Coco,Plantae,162776,1,0,2021/05/07 9:39 AM,2021-05-07,2021-05-07 14:39:00 UTC,Quito,244,244,,,false,,,4288919,Miguel Angel Hinojosa Talavera,2026-09-29 16:51:33 UTC,2026-10-01 10:21:11 UTC,research,,NA,NA,false
Eulophia maculata,2026-09-29 08:30:55 -0400,,"Sandalfoot Cove, FL, USA",26.3487416667,-80.1955444444,,Monk Orchid,https://www.inaturalist.org/observations/404498952,https://static.inaturalist.org/photos/742835502/medium.jpg,jaykeller,404498952,Monk Orchid,Plantae,1453469,1,0,2026-09-29 08:30:55,2026-09-29,2026-09-29 12:30:55 UTC,Eastern Time (US & Canada),NA,NA,,open,false,gps,gps,27743,Jay L. Keller,2026-09-29 16:25:28 UTC,2026-09-29 16:30:38 UTC,research,,NA,2,false
Eulophia hians inaequalis,2026-09-29 00:00:00 +0200,,"Carletonville, 2499, South Africa",-26.4015457423,27.4636942493,,Yellow Yawning Harlequin,https://www.inaturalist.org/observations/404482804,https://inaturalist-open-data.s3.amazonaws.com/photos/742803211/medium.jpg,kyle_campbell1,404482804,Yellow Yawning Harlequin,Plantae,599259,1,0,2026/09/29,2026-09-29,,Pretoria,50,50,,open,false,,,5171908,Kyle Campbell,2026-09-29 15:16:43 UTC,2026-09-29 20:43:21 UTC,research,CC-BY-ND,NA,NA,false
Eulophia lamellata,2026-09-29 09:02:23 +0200,,"Table Mountain National Park, Cape Town, Western Cape, ZA",-34.1037666667,18.4344466667,,Upright Sandy Cinderella Orchid,https://www.inaturalist.org/observations/404437374,https://inaturalist-open-data.s3.amazonaws.com/photos/742722588/medium.jpg,cmerry,404437374,Eulophia lamellata,Plantae,1453531,2,0,2026-09-29 09:02:23+02:00,2026-09-29,2026-09-29 07:02:23 UTC,Pretoria,5,5,,open,false,,,691104,Corinne Merry,2026-09-29 11:47:41 UTC,2026-10-01 19:35:36 UTC,research,CC-BY-NC,NA,3,false
Eulophia streptopetala,2011-12-31 17:39:32 +0200,,"Thembisile Hani Local Municipality, South Africa",-25.559413404,29.2024376616,,Twisted Harlequin,https://www.inaturalist.org/observations/404430714,https://inaturalist-open-data.s3.amazonaws.com/photos/742707388/medium.jpg,heleen36505,404430714,Twisted Harlequin,Plantae,543627,1,0,2011-12-31 17:39:32,2011-12-31,2011-12-31 15:39:32 UTC,Pretoria,202,202,,open,false,gps,gps,8981964,Heleen Celliers,2026-09-29 11:02:12 UTC,2026-09-29 12:17:17 UTC,research,CC-BY-NC,NA,2,false
Eulophia streptopetala,2026-09-22 11:35:00 +0200,,"Cotswold Downs Golf & Country Estate, Hillcrest, 3610, South Africa",-29.7474263,30.7882162997,,Twisted Harlequin,https://www.inaturalist.org/observations/404398902,https://inaturalist-open-data.s3.amazonaws.com/photos/742645633/medium.jpg,richardmckibbin,404398902,Twisted Harlequin,Plantae,543627,1,0,2026/09/22 11:35 AM,2026-09-22,2026-09-22 09:35:00 UTC,Pretoria,NA,NA,,open,false,,,4545668,Richard McKibbin,2026-09-29 07:11:39 UTC,2026-09-29 19:14:44 UTC,research,CC-BY-NC,NA,NA,false
Eulophia graminea,2026-09-29 10:09:59 +0800,Growing as an epiphyte within decaying fork at base of Dracaena cambodiana. ,"Tanglin, Singapore",1.3191973352,103.8152667135,,Chinese Crown Orchid,https://www.inaturalist.org/observations/404367501,https://static.inaturalist.org/photos/742582733/medium.jpg,user157,404367501,Chinese Crown Orchid,Plantae,427629,1,0,2026-09-29 10:09:59,2026-09-29,2026-09-29 02:09:59 UTC,Singapore,NA,NA,,,false,gps,gps,4863806,.,2026-09-29 03:14:43 UTC,2026-10-06 14:37:05 UTC,research,,NA,2,false
Eulophia maculata,2026-09-23 21:12:00 -0600,,"Motul, Yuc., México",21.1450493178,-89.3255444808,,Monk Orchid,https://www.inaturalist.org/observations/404347163,https://static.inaturalist.org/photos/742532557/medium.jpg,jonathan_cruz,404347163,Orquídea monja africana,Plantae,1453469,3,0,2026/09/23 9:12 PM,2026-09-23,2026-09-24 03:12:00 UTC,America/Merida,8,8,,open,false,,,2166573,Jonathan de Jesús Cruz Tamayo,2026-09-29 01:23:16 UTC,2026-10-01 15:35:58 UTC,research,,NA,NA,false
Eulophia maculata,2026-09-23 21:10:00 -0600,,"Motul, Yuc., México",21.144554957,-89.3258987436,,Monk Orchid,https://www.inaturalist.org/observations/404347162,https://static.inaturalist.org/photos/742532513/medium.jpg,jonathan_cruz,404347162,Orquídea monja africana,Plantae,1453469,3,0,2026/09/23 9:10 PM,2026-09-23,2026-09-24 03:10:00 UTC,America/Merida,61,61,,open,false,,,2166573,Jonathan de Jesús Cruz Tamayo,2026-09-29 01:23:16 UTC,2026-10-01 15:35:58 UTC,research,,NA,NA,false
Eulophia angolensis,2026-09-28 13:30:23 +0200,,"North-Western, ZM",-11.66542,25.201795,,Vlei Harlequin,https://www.inaturalist.org/observations/404275796,https://inaturalist-open-data.s3.amazonaws.com/photos/742396703/medium.jpg,alanbedfordshaw,404275796,Vlei Harlequin,Plantae,585530,1,0,2026-09-28 13:30:23,2026-09-28,2026-09-28 11:30:23 UTC,Africa/Lusaka,4,4,,,false,,,6549401,,2026-09-28 19:52:02 UTC,2026-09-29 04:46:59 UTC,research,CC-BY-NC,NA,843,false
Eulophia maculata,2026-09-27 08:32:00 -0600,,"Cayo District, Belize",17.06397,-88.95853833,,Monk Orchid,https://www.inaturalist.org/observations/404249162,https://inaturalist-open-data.s3.amazonaws.com/photos/742331254/medium.jpg,jen13164,404249162,Monk Orchid,Plantae,1453469,3,0,2026/09/27 8:32 AM,2026-09-27,2026-09-27 14:32:00 UTC,America/Belize,NA,NA,,open,false,,,9667854,Jen McKnight,2026-09-28 18:11:56 UTC,2026-09-29 04:48:21 UTC,research,CC-BY-NC,NA,NA,false
Eulophia angolensis,2026-09-28 13:21:40 +0200,,"Mwinilunga, ZM-NW, ZM",-11.6653510413,25.2036925188,,Vlei Harlequin,https://www.inaturalist.org/observations/404234671,https://inaturalist-open-data.s3.amazonaws.com/photos/742314827/medium.jpg,jenbs,404234671,Vlei Harlequin,Plantae,585530,1,0,2026-09-28 13:21:40,2026-09-28,2026-09-28 11:21:40 UTC,Africa/Lusaka,4,4,,,false,,,3933496,Jen,2026-09-28 17:16:02 UTC,2026-09-29 16:49:51 UTC,research,CC-BY-NC,NA,843,false
Eulophia petersii,2026-09-28 11:51:03 +0200,,"Greater Tubatse Local Municipality, South Africa",-24.7162965997,30.2285849997,,Garden Harlequin,https://www.inaturalist.org/observations/404206058,https://static.inaturalist.org/photos/742260214/medium.jpg,albie_gotze,404206058,Garden Harlequin,Plantae,489945,1,0,2026-09-28 11:51:03,2026-09-28,2026-09-28 09:51:03 UTC,Pretoria,NA,NA,,open,false,gps,gps,8593491,Albie Götze,2026-09-28 15:28:53 UTC,2026-09-29 04:41:54 UTC,research,,NA,2,false
Eulophia graminea,2026-09-27 17:52:45 -0400,,"Sunset Dr, Tarpon Springs, FL, US",28.1545190161,-82.7889065272,,Chinese Crown Orchid,https://www.inaturalist.org/observations/404190896,https://static.inaturalist.org/photos/742229765/medium.jpg,dyeingforflowers,404190896,Chinese Crown Orchid,Plantae,427629,1,0,2026-09-27 17:52:45,2026-09-27,2026-09-27 21:52:45 UTC,Eastern Time (US & Canada),6,6,,,false,,,9223968,,2026-09-28 14:26:27 UTC,2026-09-28 22:51:56 UTC,research,,NA,843,false
Eulophia maculata,2026-09-22 08:52:00 -0600,,"Cabañas Este, El Salvador",13.8784972222,-88.6569833333,,Monk Orchid,https://www.inaturalist.org/observations/404178616,https://inaturalist-open-data.s3.amazonaws.com/photos/742202244/medium.jpg,nestorh,404178616,Orquídea monja africana,Plantae,1453469,2,0,2026/09/22 8:52 AM,2026-09-22,2026-09-22 14:52:00 UTC,America/El_Salvador,18,18,,open,false,,,210766,Nestor Herrera,2026-09-28 13:28:07 UTC,2026-09-29 04:32:50 UTC,research,CC-BY-NC,NA,NA,false
Eulophia maculata,2026-09-26 14:48:21 -0600,,"Cayo District, Belize",17.0599707997,-89.0266732,,Monk Orchid,https://www.inaturalist.org/observations/404174334,https://inaturalist-open-data.s3.amazonaws.com/photos/742195857/medium.jpg,emmas90,404174334,Monk Orchid,Plantae,1453469,1,0,2026-09-26 14:48:21,2026-09-26,2026-09-26 20:48:21 UTC,America/Belize,NA,NA,,open,false,gps,gps,1553950,,2026-09-28 13:03:14 UTC,2026-09-29 03:26:16 UTC,research,CC-BY-NC,NA,2,false
Eulophia hians hians,2026-09-28 00:00:00 +0200,,"Carletonville, 2499, South Africa",-26.3786414134,27.4100741018,,Blue Yawning Harlequin,https://www.inaturalist.org/observations/404138882,https://inaturalist-open-data.s3.amazonaws.com/photos/742122315/medium.jpg,kyle_campbell1,404138882,Blue Yawning Harlequin,Plantae,599258,1,0,2026/09/28,2026-09-28,,Pretoria,50,50,,open,false,,,5171908,Kyle Campbell,2026-09-28 08:59:01 UTC,2026-09-28 13:52:56 UTC,research,CC-BY-ND,NA,NA,false
Eulophia hians hians,2026-09-28 00:00:00 +0200,,"Carletonville, 2499, South Africa",-26.3786414134,27.4100741018,,Blue Yawning Harlequin,https://www.inaturalist.org/observations/404138852,https://inaturalist-open-data.s3.amazonaws.com/photos/742122136/medium.jpg,kyle_campbell1,404138852,Blue Yawning Harlequin,Plantae,599258,1,0,2026/09/28,2026-09-28,,Pretoria,50,50,,open,false,,,5171908,Kyle Campbell,2026-09-28 08:58:47 UTC,2026-09-28 13:53:14 UTC,research,CC-BY-ND,NA,NA,false
Eulophia picta,2026-09-28 10:54:40 +0800,,Taiwan,24.0685457315,120.6955090967,,Shepherd's Crook Orchid,https://www.inaturalist.org/observations/404121127,https://inaturalist-open-data.s3.amazonaws.com/photos/742089013/medium.jpg,yymnvee,404121127,垂頭地寶蘭,Plantae,1598926,2,0,2026-09-28 10:54:40,2026-09-28,2026-09-28 02:54:40 UTC,Taipei,1830,30112,obscured,,true,gps,gps,1049734,yii,2026-09-28 06:45:48 UTC,2026-09-29 08:12:13 UTC,research,CC-BY-NC,NA,2,false
Eulophia maculata,2026-09-26 09:57:00 -0600,,"Noj Kaax Meen Elijio Panti National Park Visitors Center, Cayo, BZ",17.0285833333,-89.0121611167,,Monk Orchid,https://www.inaturalist.org/observations/404045777,https://inaturalist-open-data.s3.amazonaws.com/photos/741935961/medium.jpg,mjvillacorta,404045777,Monk Orchid,Plantae,1453469,1,0,2026-09-26 09:57:00-06:00,2026-09-26,2026-09-26 15:57:00 UTC,America/Belize,15,15,,open,false,,,8634450,Mishelly Villacorta,2026-09-27 23:58:17 UTC,2026-10-04 21:15:17 UTC,research,CC-BY,NA,3,false
Eulophia maculata,2026-09-27 13:47:01 -0300,,"PE-027, 6, Abreu e Lima - PE, 55825-000, Brasil",-7.9057477,-35.0611376,,Monk Orchid,https://www.inaturalist.org/observations/404017259,https://inaturalist-open-data.s3.amazonaws.com/photos/741875998/medium.jpg,marcello_ofiologia,404017259,Orquídea-monge,Plantae,1453469,2,0,2026-09-27 13:47:01,2026-09-27,2026-09-27 16:47:01 UTC,America/Recife,NA,NA,,open,false,gps,gps,10338644,Marcello Mastroianni Albuquerque Araújo,2026-09-27 22:09:03 UTC,2026-09-28 15:09:34 UTC,research,CC-BY,NA,2,false
Eulophia micrantha,2026-09-26 16:59:00 +0200,,"Betty's Bay, 7141, South Africa",-34.3625735066,18.8669680078,,Wavy Cinderella Orchid,https://www.inaturalist.org/observations/403953274,https://inaturalist-open-data.s3.amazonaws.com/photos/741752838/medium.jpg,pieterlag,403953274,Wavy Cinderella Orchid,Plantae,1453529,3,0,2026/09/26 4:59 PM,2026-09-26,2026-09-26 14:59:00 UTC,Pretoria,2,2,,open,false,,,8987404,,2026-09-27 18:47:27 UTC,2026-09-28 12:43:15 UTC,research,CC-BY-NC,NA,NA,false
Eulophia cucullata,2026-09-27 13:18:21 +0100,,"Kouilou, CG",-4.0863138333,11.323125,,Hooded Harlequin,https://www.inaturalist.org/observations/403937516,https://inaturalist-open-data.s3.amazonaws.com/photos/741786259/medium.jpg,gwili,403937516,Hooded Harlequin,Plantae,338672,1,0,2026-09-27 13:18:21,2026-09-27,2026-09-27 12:18:21 UTC,Africa/Brazzaville,4,4,,,false,,,1045928,Gwili Gibbon,2026-09-27 17:57:20 UTC,2026-09-28 12:55:33 UTC,research,CC-BY-NC,NA,843,false
Eulophia maculata,2025-10-13 16:57:30 -0400,"Although invasive, a beautiful ground dwelling orchid species.","Jacarandas, Cape Coral, FL, USA",26.7322555556,-81.9088,,Monk Orchid,https://www.inaturalist.org/observations/403927441,https://inaturalist-open-data.s3.amazonaws.com/photos/741701925/medium.jpg,ivyvine21,403927441,Monk Orchid,Plantae,1453469,1,0,2025-10-13 16:57:30,2025-10-13,2025-10-13 20:57:30 UTC,Eastern Time (US & Canada),NA,NA,,open,false,gps,gps,11088504,,2026-09-27 17:22:44 UTC,2026-09-28 10:48:23 UTC,research,CC-BY-NC,NA,2,false
Eulophia maculata,2026-09-27 08:50:00 -0400,,"Parkland, FL, USA",26.3143916667,-80.2054833333,,Monk Orchid,https://www.inaturalist.org/observations/403895889,https://static.inaturalist.org/photos/741640957/medium.jpg,pbuchwald,403895889,Monk Orchid,Plantae,1453469,1,0,2026/09/27 8:50 AM,2026-09-27,2026-09-27 12:50:00 UTC,Eastern Time (US & Canada),NA,NA,,open,false,,,2340704,P Buchwald,2026-09-27 15:35:22 UTC,2026-09-27 18:21:51 UTC,research,,NA,NA,false
Eulophia maculata,2026-09-27 08:49:00 -0400,,"Parkland, FL, USA",26.3143916667,-80.2054833333,,Monk Orchid,https://www.inaturalist.org/observations/403895771,https://static.inaturalist.org/photos/741640429/medium.jpg,pbuchwald,403895771,Monk Orchid,Plantae,1453469,1,0,2026/09/27 8:49 AM,2026-09-27,2026-09-27 12:49:00 UTC,Eastern Time (US & Canada),NA,NA,,open,false,,,2340704,P Buchwald,2026-09-27 15:34:57 UTC,2026-09-28 10:48:48 UTC,research,,NA,NA,false
Eulophia hians,2026-09-18 14:22:55 +0200,,"Saint's MTB, Sandton, Gauteng, ZA",-26.0862138333,28.0103277833,,Yawning Harlequin,https://www.inaturalist.org/observations/403881000,https://inaturalist-open-data.s3.amazonaws.com/photos/741612814/medium.jpg,patch_earlam,403881000,Yawning Harlequin,Plantae,415244,1,0,2026-09-18 14:22:55,2026-09-18,2026-09-18 12:22:55 UTC,Pretoria,3,3,,open,false,,,8848127,,2026-09-27 14:46:25 UTC,2026-09-28 10:51:44 UTC,research,CC-BY-NC,NA,843,false
Eulophia maculata,2026-09-26 00:00:00 -0500,,"Coconut Creek, FL, USA",26.22948761,-80.1869306745,,Monk Orchid,https://www.inaturalist.org/observations/403839867,https://inaturalist-open-data.s3.amazonaws.com/photos/741532782/medium.jpg,coolcrittersyt,403839867,Monk Orchid,Plantae,1453469,1,0,2026/09/26,2026-09-26,,Eastern Time (US & Canada),85,85,,open,false,,,1038911,Mikie Green,2026-09-27 12:03:14 UTC,2026-09-28 10:50:19 UTC,research,CC-BY-NC,NA,NA,false
Eulophia cochlearis,2026-09-27 09:45:57 +0200,,"Bitou Local Municipality, South Africa",-34.0900899997,23.3014881,,Spoon Cinderella Orchid,https://www.inaturalist.org/observations/403826897,https://static.inaturalist.org/photos/741509153/medium.jpg,kirsten243,403826897,Spoon Cinderella Orchid,Plantae,1453532,3,0,2026-09-27 09:45:57,2026-09-27,2026-09-27 07:45:57 UTC,Pretoria,NA,NA,,open,false,gps,gps,3564076,Kirsten Deacon,2026-09-27 10:53:36 UTC,2026-09-28 07:15:44 UTC,research,,NA,2,false
Eulophia picta,2026-09-27 09:52:18 +1000,,"Queensland, AU",-27.707612321,153.1803863592,,Shepherd's Crook Orchid,https://www.inaturalist.org/observations/403797653,https://inaturalist-open-data.s3.amazonaws.com/photos/741890137/medium.jpg,chanice1,403797653,Shepherd's Crook Orchid,Plantae,1598926,1,0,2026-09-27 09:52:18,2026-09-27,2026-09-26 23:52:18 UTC,Brisbane,4,29704,,obscured,true,,,11086473,Chanice Booth,2026-09-27 07:55:49 UTC,2026-09-28 04:08:32 UTC,research,CC-BY-NC,NA,843,false
Eulophia hians hians,2026-09-27 08:12:08 +0200,,"Pretoria, Gauteng, ZA",-25.8045468014,28.2656868082,,Blue Yawning Harlequin,https://www.inaturalist.org/observations/403793320,https://inaturalist-open-data.s3.amazonaws.com/photos/741444606/medium.jpg,tonycooper,403793320,Blue Yawning Harlequin,Plantae,599258,1,0,2026-09-27 08:12:08,2026-09-27,2026-09-27 06:12:08 UTC,Pretoria,4,4,,open,false,,,1161363,tonycooper,2026-09-27 07:23:21 UTC,2026-09-28 10:19:20 UTC,research,CC-BY-NC,NA,843,false
Eulophia hians hians,2026-09-27 08:11:26 +0200,,"Pretoria, Gauteng, ZA",-25.8045734558,28.2656568848,,Blue Yawning Harlequin,https://www.inaturalist.org/observations/403793302,https://inaturalist-open-data.s3.amazonaws.com/photos/741444575/medium.jpg,tonycooper,403793302,Blue Yawning Harlequin,Plantae,599258,1,0,2026-09-27 08:11:26,2026-09-27,2026-09-27 06:11:26 UTC,Pretoria,5,5,,open,false,,,1161363,tonycooper,2026-09-27 07:23:14 UTC,2026-09-28 10:19:24 UTC,research,CC-BY-NC,NA,843,false
Eulophia picta,2022-07-10 16:14:10 +1000,,"Whitsunday, AU-QL, AU",-20.2286274642,148.7682978568,,Shepherd's Crook Orchid,https://www.inaturalist.org/observations/403766998,https://inaturalist-open-data.s3.amazonaws.com/photos/741393418/medium.jpg,lysw,403766998,Shepherd's Crook Orchid,Plantae,1598926,2,0,2022-07-10 16:14:10,2022-07-10,2022-07-10 06:14:10 UTC,Brisbane,30,30490,,obscured,true,,,11085912,Lysw,2026-09-27 04:28:18 UTC,2026-09-27 08:35:33 UTC,research,CC-BY-NC,NA,843,false
Eulophia graminea,2026-09-26 11:00:33 -0400,,"SW 63rd Street Rd, Ocala, FL, US",29.1239945,-82.2506033333,,Chinese Crown Orchid,https://www.inaturalist.org/observations/403721140,https://inaturalist-open-data.s3.amazonaws.com/photos/741299086/medium.jpg,zvanstanley,403721140,Chinese Crown Orchid,Plantae,427629,1,0,2026-09-26 11:00:33,2026-09-26,2026-09-26 15:00:33 UTC,Eastern Time (US & Canada),3,3,,,false,,,164050,Zach Van Stanley,2026-09-27 00:30:49 UTC,2026-09-27 04:39:09 UTC,research,CC-BY-NC,NA,843,false
Eulophia picta,2022-07-13 09:01:00 +1000,,"Queensland, AU",-20.3612798385,149.0636012315,,Shepherd's Crook Orchid,https://www.inaturalist.org/observations/403689190,https://inaturalist-open-data.s3.amazonaws.com/photos/741231149/medium.jpg,lysw,403689190,Shepherd's Crook Orchid,Plantae,1598926,2,0,2022-07-13 09:01:00,2022-07-13,2022-07-12 23:01:00 UTC,Australia/Lindeman,200,30490,,obscured,true,,,11085912,Lysw,2026-09-26 22:05:55 UTC,2026-09-27 04:51:35 UTC,research,CC-BY-NC,NA,843,false
Eulophia picta,2025-01-01 06:44:51 +1000,,"Queensland, AU",-16.8573876156,145.7090925204,,Shepherd's Crook Orchid,https://www.inaturalist.org/observations/403671756,https://inaturalist-open-data.s3.amazonaws.com/photos/741197126/medium.jpg,lysw,403671756,Shepherd's Crook Orchid,Plantae,1598926,2,0,2025-01-01 06:44:51,2025-01-01,2024-12-31 20:44:51 UTC,Brisbane,18,30780,,obscured,true,,,11085912,Lysw,2026-09-26 21:03:57 UTC,2026-09-27 04:50:30 UTC,research,CC-BY-NC,NA,843,false
Eulophia graminea,2026-09-17 12:38:41 -0400,,"122nd St, Seminole, FL, US",27.8458269257,-82.8078477753,,Chinese Crown Orchid,https://www.inaturalist.org/observations/403604396,https://inaturalist-open-data.s3.amazonaws.com/photos/741063405/medium.jpg,jamfsa,403604396,Chinese Crown Orchid,Plantae,427629,1,0,2026-09-17 12:38:41,2026-09-17,2026-09-17 16:38:41 UTC,Eastern Time (US & Canada),12,12,,,false,,,10880585,,2026-09-26 17:15:36 UTC,2026-09-27 05:02:53 UTC,research,CC-BY-NC,NA,843,false
Eulophia graminea,2026-09-26 12:43:43 -0400,,"Burns Rd, Palm Beach Gardens, FL, US",26.8301166667,-80.1033638333,,Chinese Crown Orchid,https://www.inaturalist.org/observations/403597793,https://inaturalist-open-data.s3.amazonaws.com/photos/741050738/medium.jpg,hardeeparty,403597793,Chinese Crown Orchid,Plantae,427629,2,0,2026-09-26 12:43:43-04:00,2026-09-26,2026-09-26 16:43:43 UTC,Eastern Time (US & Canada),3,3,,,false,,,8372098,James Hardee,2026-09-26 16:54:37 UTC,2026-09-27 05:02:40 UTC,research,,NA,3,false
Eulophia maculata,2026-09-26 11:54:06 -0400,,Odessa,28.0882968903,-82.5996551514,,Monk Orchid,https://www.inaturalist.org/observations/403579544,https://inaturalist-open-data.s3.amazonaws.com/photos/741015034/medium.jpg,ashley_u,403579544,Monk Orchid,Plantae,1453469,2,0,Sat Sep 26 2026 11:54:06 GMT -0400 (EDT),2026-09-26,2026-09-26 15:54:06 UTC,Eastern Time (US & Canada),2,2,,open,false,,,10494642,Ashley U,2026-09-26 15:54:13 UTC,2026-09-27 05:02:29 UTC,research,CC-BY-NC,NA,333,false
Eulophia micrantha,2026-09-26 16:58:30 +0200,,"Betty's Bay, 7141, South Africa",-34.36264425,18.86703987,,Wavy Cinderella Orchid,https://www.inaturalist.org/observations/403563883,https://inaturalist-open-data.s3.amazonaws.com/photos/741814239/medium.jpg,pieter_la_grange_jr,403563883,Wavy Cinderella Orchid,Plantae,1453529,2,0,2026-09-26 16:58:30,2026-09-26,2026-09-26 14:58:30 UTC,Pretoria,3,3,,open,false,,,9477609,Pieter La Grange (jr),2026-09-26 15:02:09 UTC,2026-09-27 20:27:59 UTC,research,CC-BY-NC,NA,2,false
Eulophia cochlearis,2026-09-26 08:31:11 +0200,,"Western Cape, ZA",-33.8633033333,22.4437416667,,Spoon Cinderella Orchid,https://www.inaturalist.org/observations/403547566,https://inaturalist-open-data.s3.amazonaws.com/photos/740954167/medium.jpg,thereserivett,403547566,Spoon Cinderella Orchid,Plantae,1453532,1,0,2026-09-26 08:31:11,2026-09-26,2026-09-26 06:31:11 UTC,Pretoria,2,2,,open,false,,,5174742,,2026-09-26 14:03:44 UTC,2026-09-27 20:00:08 UTC,research,CC-BY-NC,NA,843,false
Eulophia maculata,2026-09-26 06:11:35 -0600,,"Belén de Nosarita, Provincia de Guanacaste, Nicoya, Costa Rica",10.0413104938,-85.4702631198,,Monk Orchid,https://www.inaturalist.org/observations/403524780,https://inaturalist-open-data.s3.amazonaws.com/photos/740912323/medium.jpg,waldblickgarten,403524780,Gefleckte Mönchsorchidee,Plantae,1453469,1,0,2026-09-26 06:11:35,2026-09-26,2026-09-26 12:11:35 UTC,America/Costa_Rica,13,13,,open,false,,,8123226,Dani,2026-09-26 12:13:02 UTC,2026-09-27 05:08:39 UTC,research,CC-BY-NC,NA,2,false
Eulophia parviflora,2026-09-26 11:53:45 +0200,,"Sardinia Bay, Gqeberha, South Africa",-34.03769496,25.53443621,,Mini Harlequin,https://www.inaturalist.org/observations/403502123,https://inaturalist-open-data.s3.amazonaws.com/photos/740866102/medium.jpg,emilycwhitfield,403502123,Mini Harlequin,Plantae,577769,2,0,2026-09-26 11:53:45,2026-09-26,2026-09-26 09:53:45 UTC,Pretoria,3,3,,open,false,,,6352212,Emily Whitfield,2026-09-26 09:57:07 UTC,2026-09-26 12:29:24 UTC,research,CC-BY,NA,2,false
Eulophia hians hians,2026-09-26 00:00:00 +0200,,"West Rand District Municipality, South Africa",-26.323152772,27.4069566512,,Blue Yawning Harlequin,https://www.inaturalist.org/observations/403501695,https://inaturalist-open-data.s3.amazonaws.com/photos/740863182/medium.jpg,kyle_campbell1,403501695,Blue Yawning Harlequin,Plantae,599258,1,0,2026/09/26,2026-09-26,,Pretoria,50,50,,open,false,,,5171908,Kyle Campbell,2026-09-26 09:54:23 UTC,2026-09-27 14:05:23 UTC,research,CC-BY-ND,NA,NA,false
Eulophia hians hians,2026-09-26 00:00:00 +0200,,"West Rand District Municipality, South Africa",-26.323152772,27.4069566512,,Blue Yawning Harlequin,https://www.inaturalist.org/observations/403501691,https://inaturalist-open-data.s3.amazonaws.com/photos/740863179/medium.jpg,kyle_campbell1,403501691,Blue Yawning Harlequin,Plantae,599258,1,0,2026/09/26,2026-09-26,,Pretoria,50,50,,open,false,,,5171908,Kyle Campbell,2026-09-26 09:54:21 UTC,2026-09-27 14:05:35 UTC,research,CC-BY-ND,NA,NA,false
Eulophia hians hians,2026-09-26 00:00:00 +0200,,"West Rand District Municipality, South Africa",-26.323152772,27.4069566512,,Blue Yawning Harlequin,https://www.inaturalist.org/observations/403501688,https://inaturalist-open-data.s3.amazonaws.com/photos/740863168/medium.jpg,kyle_campbell1,403501688,Blue Yawning Harlequin,Plantae,599258,1,0,2026/09/26,2026-09-26,,Pretoria,50,50,,open,false,,,5171908,Kyle Campbell,2026-09-26 09:54:21 UTC,2026-09-27 14:05:43 UTC,research,CC-BY-ND,NA,NA,false
Eulophia hians hians,2026-09-26 00:00:00 +0200,,"West Rand District Municipality, South Africa",-26.323152772,27.4069566512,,Blue Yawning Harlequin,https://www.inaturalist.org/observations/403501687,https://inaturalist-open-data.s3.amazonaws.com/photos/740863054/medium.jpg,kyle_campbell1,403501687,Blue Yawning Harlequin,Plantae,599258,1,0,2026/09/26,2026-09-26,,Pretoria,50,50,,open,false,,,5171908,Kyle Campbell,2026-09-26 09:54:21 UTC,2026-09-27 14:05:54 UTC,research,CC-BY-ND,NA,NA,false
Eulophia hians hians,2026-09-26 00:00:00 +0200,,"West Rand District Municipality, South Africa",-26.323152772,27.4069566512,,Blue Yawning Harlequin,https://www.inaturalist.org/observations/403501683,https://inaturalist-open-data.s3.amazonaws.com/photos/740863053/medium.jpg,kyle_campbell1,403501683,Blue Yawning Harlequin,Plantae,599258,1,0,2026/09/26,2026-09-26,,Pretoria,50,50,,open,false,,,5171908,Kyle Campbell,2026-09-26 09:54:20 UTC,2026-09-27 14:06:03 UTC,research,CC-BY-ND,NA,NA,false
Eulophia hians hians,2026-09-26 00:00:00 +0200,,"West Rand District Municipality, South Africa",-26.323152772,27.4069566512,,Blue Yawning Harlequin,https://www.inaturalist.org/observations/403501663,https://inaturalist-open-data.s3.amazonaws.com/photos/740862651/medium.jpg,kyle_campbell1,403501663,Blue Yawning Harlequin,Plantae,599258,1,0,2026/09/26,2026-09-26,,Pretoria,50,50,,open,false,,,5171908,Kyle Campbell,2026-09-26 09:54:16 UTC,2026-09-27 14:06:26 UTC,research,CC-BY-ND,NA,NA,false
Eulophia hians hians,2026-09-26 00:00:00 +0200,,"West Rand District Municipality, South Africa",-26.323152772,27.4069566512,,Blue Yawning Harlequin,https://www.inaturalist.org/observations/403501662,https://inaturalist-open-data.s3.amazonaws.com/photos/740862605/medium.jpg,kyle_campbell1,403501662,Blue Yawning Harlequin,Plantae,599258,1,0,2026/09/26,2026-09-26,,Pretoria,50,50,,open,false,,,5171908,Kyle Campbell,2026-09-26 09:54:16 UTC,2026-09-27 14:06:36 UTC,research,CC-BY-ND,NA,NA,false
Eulophia hians hians,2026-09-26 00:00:00 +0200,,"West Rand District Municipality, South Africa",-26.323152772,27.4069566512,,Blue Yawning Harlequin,https://www.inaturalist.org/observations/403501661,https://inaturalist-open-data.s3.amazonaws.com/photos/740862607/medium.jpg,kyle_campbell1,403501661,Blue Yawning Harlequin,Plantae,599258,1,0,2026/09/26,2026-09-26,,Pretoria,50,50,,open,false,,,5171908,Kyle Campbell,2026-09-26 09:54:15 UTC,2026-09-27 14:06:53 UTC,research,CC-BY-ND,NA,NA,false
Eulophia hians hians,2026-09-26 00:00:00 +0200,,"West Rand District Municipality, South Africa",-26.323152772,27.4069566512,,Blue Yawning Harlequin,https://www.inaturalist.org/observations/403501657,https://inaturalist-open-data.s3.amazonaws.com/photos/740862520/medium.jpg,kyle_campbell1,403501657,Blue Yawning Harlequin,Plantae,599258,1,0,2026/09/26,2026-09-26,,Pretoria,50,50,,open,false,,,5171908,Kyle Campbell,2026-09-26 09:54:14 UTC,2026-09-27 14:07:01 UTC,research,CC-BY-ND,NA,NA,false
Eulophia hians hians,2026-09-26 00:00:00 +0200,,"West Rand District Municipality, South Africa",-26.323152772,27.4069566512,,Blue Yawning Harlequin,https://www.inaturalist.org/observations/403501655,https://inaturalist-open-data.s3.amazonaws.com/photos/740862518/medium.jpg,kyle_campbell1,403501655,Blue Yawning Harlequin,Plantae,599258,1,0,2026/09/26,2026-09-26,,Pretoria,50,50,,open,false,,,5171908,Kyle Campbell,2026-09-26 09:54:14 UTC,2026-09-27 14:07:09 UTC,research,CC-BY-ND,NA,NA,false
Eulophia ensata,2015-08-29 16:15:00 +0200,,"Rennies Beach, Port Edward, 4295, South Africa",-31.0693067443,30.2100544371,,Sword Harlequin,https://www.inaturalist.org/observations/403481847,https://inaturalist-open-data.s3.amazonaws.com/photos/740828134/medium.jpg,graham_g,403481847,Sword Harlequin,Plantae,578692,1,0,2015/08/29 4:15 PM,2015-08-29,2015-08-29 14:15:00 UTC,Pretoria,100,100,,open,false,,,748380,,2026-09-26 07:39:53 UTC,2026-09-26 12:05:17 UTC,research,CC-BY-NC,NA,NA,false
Eulophia lamellata,2026-09-25 13:18:28 +0200,,"Cape Peninsula, Cape Town, South Africa",-34.2662732,18.4276413997,,Upright Sandy Cinderella Orchid,https://www.inaturalist.org/observations/403475730,https://static.inaturalist.org/photos/740817622/medium.jpg,marius71200,403475730,Upright Sandy Cinderella Orchid,Plantae,1453531,3,0,2026-09-25 13:18:28,2026-09-25,2026-09-25 11:18:28 UTC,Pretoria,NA,NA,,open,false,gps,gps,7498192,marius foon,2026-09-26 06:59:05 UTC,2026-09-27 14:15:17 UTC,research,,NA,2,false
Eulophia graminea,2026-09-25 16:44:42 -0400,,"SE Port Saint Lucie Blvd, Port Saint Lucie, FL, US",27.2738383333,-80.3419116667,,Chinese Crown Orchid,https://www.inaturalist.org/observations/403405318,https://inaturalist-open-data.s3.amazonaws.com/photos/740673270/medium.jpg,jimw3,403405318,Chinese Crown Orchid,Plantae,427629,2,0,2026-09-25 16:44:42-04:00,2026-09-25,2026-09-25 20:44:42 UTC,Eastern Time (US & Canada),7,7,,,false,,,98904,James K. Wetterer,2026-09-25 23:40:17 UTC,2026-09-26 13:34:35 UTC,research,CC-BY-NC,NA,3,false
Eulophia graminea,2026-09-25 17:38:49 -0400,,"Oaks Mall SW 62nd Blvd, Gainesville, FL 32607, USA",29.6585471369,-82.4080933817,,Chinese Crown Orchid,https://www.inaturalist.org/observations/403380772,https://inaturalist-open-data.s3.amazonaws.com/photos/740624016/medium.jpg,wanamakerc,403380772,Eulophia graminea,Plantae,427629,4,0,2026-09-25 17:38:49,2026-09-25,2026-09-25 21:38:49 UTC,Eastern Time (US & Canada),7,7,,,false,,,1882743,Christian Wanamaker,2026-09-25 21:40:55 UTC,2026-09-26 13:35:13 UTC,research,CC-BY-NC,NA,2,false
Eulophia barbata,2026-09-25 13:47:50 +0200,,"Eden, ZA-WC, ZA",-33.9269924673,22.269203728,,Pale Cinderella Orchid,https://www.inaturalist.org/observations/403349734,https://static.inaturalist.org/photos/740576655/medium.jpg,carelf,403349734,Eulophia barbata,Plantae,1453530,1,0,2026-09-25 13:47:50+02:00,2026-09-25,2026-09-25 11:47:50 UTC,Pretoria,5,28902,obscured,obscured,true,,,2479971,Carel Fourie,2026-09-25 19:26:37 UTC,2026-09-27 20:15:11 UTC,research,,NA,3,false
Eulophia cochlearis,2023-10-14 15:25:00 +0200,,"District municipal de la route des jardins, Afrique du Sud",-34.0259736762,22.2397693234,,Spoon Cinderella Orchid,https://www.inaturalist.org/observations/403341694,https://inaturalist-open-data.s3.amazonaws.com/photos/740544765/medium.jpg,mycobel,403341694,Eulophia cochlearis,Plantae,1453532,3,0,2023/10/14 15:25,2023-10-14,2023-10-14 13:25:00 UTC,Pretoria,100,100,,open,false,,,5823227,Daniel Ghyselinck,2026-09-25 18:54:04 UTC,2026-09-27 19:59:36 UTC,research,CC-BY,NA,NA,false
Eulophia hians hians,2026-09-25 07:36:00 +0200,Eulophia hians hians - Blue Yawning Harlequin,"Wonderboom, Pretoria, 0182, South Africa",-25.6926022106,28.2055649146,,Blue Yawning Harlequin,https://www.inaturalist.org/observations/403306838,https://inaturalist-open-data.s3.amazonaws.com/photos/740472519/medium.jpg,tjeerddw,403306838,Blue Yawning Harlequin,Plantae,599258,1,0,2026/09/25 7:36 AM,2026-09-25,2026-09-25 05:36:00 UTC,Pretoria,2,2,,open,false,,,100845,tjeerd,2026-09-25 16:25:55 UTC,2026-09-26 16:52:57 UTC,research,CC-BY,NA,NA,false
Eulophia lamellata,2026-09-25 09:43:43 +0200,,"Table Mountain National Park, Cape Town, Western Cape, ZA",-34.09805,18.425675,,Upright Sandy Cinderella Orchid,https://www.inaturalist.org/observations/403233705,https://inaturalist-open-data.s3.amazonaws.com/photos/740336924/medium.jpg,nikita007,403233705,Upright Sandy Cinderella Orchid,Plantae,1453531,1,0,2026-09-25 09:43:43+02:00,2026-09-25,2026-09-25 07:43:43 UTC,Pretoria,6,6,,open,false,,,5998111,,2026-09-25 10:32:21 UTC,2026-09-27 14:15:26 UTC,research,CC-BY-NC,NA,3,false
Eulophia lamellata,2026-09-25 09:52:35 +0200,,"Western Cape, ZA",-34.0674404327,18.5418600802,,Upright Sandy Cinderella Orchid,https://www.inaturalist.org/observations/403233327,https://inaturalist-open-data.s3.amazonaws.com/photos/740336125/medium.jpg,nikita007,403233327,Upright Sandy Cinderella Orchid,Plantae,1453531,2,0,2026-09-25 09:52:35+02:00,2026-09-25,2026-09-25 07:52:35 UTC,Pretoria,4,28874,obscured,open,true,,,5998111,,2026-09-25 10:29:30 UTC,2026-09-27 14:15:37 UTC,research,CC-BY-NC,NA,3,false
Eulophia lamellata,2026-09-25 10:05:16 +0200,,"Western Cape, ZA",-34.0239491057,18.4082710078,,Upright Sandy Cinderella Orchid,https://www.inaturalist.org/observations/403233074,https://inaturalist-open-data.s3.amazonaws.com/photos/740335678/medium.jpg,nikita007,403233074,Upright Sandy Cinderella Orchid,Plantae,1453531,2,0,2026-09-25 10:05:16+02:00,2026-09-25,2026-09-25 08:05:16 UTC,Pretoria,3,28874,obscured,open,true,,,5998111,,2026-09-25 10:27:49 UTC,2026-09-27 14:15:15 UTC,research,CC-BY-NC,NA,3,false
Eulophia cucullata,2026-09-25 07:49:27 +0200,,"Mtubatuba, Südafrika",-28.3635783333,32.4222316667,,Hooded Harlequin,https://www.inaturalist.org/observations/403199142,https://inaturalist-open-data.s3.amazonaws.com/photos/740270104/medium.jpg,malte_kroemer,403199142,Eulophia cucullata,Plantae,338672,1,0,2026-09-25 07:49:27,2026-09-25,2026-09-25 05:49:27 UTC,Pretoria,9,9,,open,false,,,4328023,Malte Krömer,2026-09-25 05:49:58 UTC,2026-09-25 11:46:26 UTC,research,CC-BY,NA,2,false
Eulophia maculata,2026-09-23 09:44:51 -0600,,"San Pedro Carchá, Guatemala",15.5121299941,-90.1469877362,,Monk Orchid,https://www.inaturalist.org/observations/403177856,https://static.inaturalist.org/photos/740229947/medium.jpg,amy_argueta,403177856,Monk Orchid,Plantae,1453469,1,0,2026-09-23 09:44:51,2026-09-23,2026-09-23 15:44:51 UTC,Central America,191,191,,open,false,gps,gps,3749439,Amy Argueta,2026-09-25 03:06:50 UTC,2026-09-25 04:13:05 UTC,research,,NA,2,false
Eulophia alta,2026-09-13 13:03:00 -0400,,"Florida, US",28.4350923049,-80.8506903814,,Wild Coco,https://www.inaturalist.org/observations/403170691,https://static.inaturalist.org/photos/740211966/medium.jpg,katedolamore,403170691,Wild Coco,Plantae,162776,3,0,2026/09/13 1:03 PM,2026-09-13,2026-09-13 17:03:00 UTC,Eastern Time (US & Canada),NA,29607,obscured,,true,,,438477,Kate Dolamore,2026-09-25 02:25:45 UTC,2026-09-28 05:07:03 UTC,research,,NA,NA,false
Eulophia picta,2026-09-25 08:24:11 +0800,,804台灣高雄市鼓山區M749+4H,22.6543835997,120.2680619,,Shepherd's Crook Orchid,https://www.inaturalist.org/observations/403150173,https://inaturalist-open-data.s3.amazonaws.com/photos/740174827/medium.jpg,ssnp164,403150173,垂頭地寶蘭,Plantae,1598926,1,0,2026-09-25 08:24:11,2026-09-25,2026-09-25 00:24:11 UTC,Taipei,NA,NA,,,false,gps,gps,7635609,洪海瑞,2026-09-25 00:34:42 UTC,2026-09-25 02:10:56 UTC,research,CC-BY-NC,NA,2,false
Eulophia graminea,2026-09-12 11:49:40 -0500,,"Bentford Manor Ct, Katy, TX, US",29.7490983138,-95.8731152959,,Chinese Crown Orchid,https://www.inaturalist.org/observations/403071712,https://inaturalist-open-data.s3.amazonaws.com/photos/740015237/medium.jpg,jill_bolin,403071712,Chinese Crown Orchid,Plantae,427629,2,0,2026-09-12 11:49:40-05:00,2026-09-12,2026-09-12 16:49:40 UTC,Central Time (US & Canada),13,13,,,false,,,11022634,Jill Bolin,2026-09-24 18:45:06 UTC,2026-09-25 04:42:21 UTC,research,CC-BY-NC,NA,3,false
Eulophia cucullata,2026-09-18 16:13:42 +0100,,"Londuimbale, AO-HM, AO",-12.3899966667,15.1098138333,,Hooded Harlequin,https://www.inaturalist.org/observations/403068586,https://inaturalist-open-data.s3.amazonaws.com/photos/740009028/medium.jpg,joachimbertrands_ornis_birding,403068586,Hooded Harlequin,Plantae,338672,2,0,2026-09-18 16:13:42,2026-09-18,2026-09-18 15:13:42 UTC,Africa/Luanda,6,6,,,false,,,2205392,Joachim Bertrands,2026-09-24 18:34:07 UTC,2026-09-25 11:23:04 UTC,research,CC-BY-NC,NA,843,false
Eulophia micrantha,2023-10-10 12:04:00 +0200,,"Betty's Bay, 7141, Afrique du Sud",-34.3625327429,18.8668973909,,Wavy Cinderella Orchid,https://www.inaturalist.org/observations/403068414,https://inaturalist-open-data.s3.amazonaws.com/photos/740007713/medium.jpg,mycobel,403068414,Eulophia micrantha,Plantae,1453529,2,0,2023/10/10 12:04,2023-10-10,2023-10-10 10:04:00 UTC,Pretoria,10,10,,open,false,,,5823227,Daniel Ghyselinck,2026-09-24 18:33:36 UTC,2026-09-27 14:04:59 UTC,research,CC-BY,NA,NA,false
Eulophia graminea,2026-09-24 13:38:01 -0400,,"Moonlit Way, Estero, FL, US",26.4398177276,-81.7168359832,,Chinese Crown Orchid,https://www.inaturalist.org/observations/403053440,https://inaturalist-open-data.s3.amazonaws.com/photos/739979825/medium.jpg,pacook54,403053440,Chinese Crown Orchid,Plantae,427629,3,0,2026-09-24 13:38:01-04:00,2026-09-24,2026-09-24 17:38:01 UTC,Eastern Time (US & Canada),13,13,,,false,,,2459285,,2026-09-24 17:38:08 UTC,2026-09-26 13:41:52 UTC,research,CC-BY-NC,NA,3,false
Eulophia maculata,2026-09-19 09:57:41 -0400,,"Coconut Creek, FL, US",26.3242724837,-80.1992902377,,Monk Orchid,https://www.inaturalist.org/observations/403052968,https://inaturalist-open-data.s3.amazonaws.com/photos/739978671/medium.jpg,katmoses,403052968,Monk Orchid,Plantae,1453469,2,0,2026-09-19 09:57:41,2026-09-19,2026-09-19 13:57:41 UTC,Eastern Time (US & Canada),5,5,,open,false,,,10909737,,2026-09-24 17:36:08 UTC,2026-09-26 13:42:15 UTC,research,CC-BY-NC,NA,843,false
Eulophia parviflora,2026-09-24 13:11:51 +0200,,"Motala Street, Pinetown, KwaZulu-Natal, ZA",-29.8038916667,30.832,,Mini Harlequin,https://www.inaturalist.org/observations/403047637,https://inaturalist-open-data.s3.amazonaws.com/photos/739968343/medium.jpg,paolocandotti,403047637,Mini Harlequin,Plantae,577769,2,0,2026-09-24 13:11:51,2026-09-24,2026-09-24 11:11:51 UTC,Pretoria,4,4,,open,false,,,778039,Paolo Candotti,2026-09-24 17:16:07 UTC,2026-09-25 09:24:03 UTC,research,CC-BY-NC,NA,843,false
Eulophia maculata,2026-09-24 12:09:00 -0300,,"Morro do Demétrio, Miracema - RJ, 28460-000, Brasil",-21.416183,-42.1920625997,,Monk Orchid,https://www.inaturalist.org/observations/403038860,https://inaturalist-open-data.s3.amazonaws.com/photos/739952409/medium.jpg,renatamello,403038860,Orquídea-monge,Plantae,1453469,2,0,2026-09-24 12:09:00,2026-09-24,2026-09-24 15:09:00 UTC,Brasilia,NA,NA,,open,false,gps,gps,5441839,Renata Mello,2026-09-24 16:45:21 UTC,2026-09-25 09:20:57 UTC,research,CC-BY-NC,NA,2,false
Eulophia graminea,2026-09-24 12:38:58 -0400,,"Nokomis, FL, US",27.1193114417,-82.424557355,,Chinese Crown Orchid,https://www.inaturalist.org/observations/403038657,https://static.inaturalist.org/photos/739959724/medium.jpg,cloudstrife,403038657,Chinese Crown Orchid,Plantae,427629,3,0,2026-09-24 12:38:58,2026-09-24,2026-09-24 16:38:58 UTC,Eastern Time (US & Canada),8,8,,,false,,,2594803,Chris,2026-09-24 16:44:21 UTC,2026-09-26 13:42:28 UTC,research,,NA,843,false
Eulophia graminea,2026-09-09 08:22:15 -0400,,"S Cochran Rd, Geneva, FL, US",28.7254218191,-81.1462663437,,Chinese Crown Orchid,https://www.inaturalist.org/observations/402982935,https://static.inaturalist.org/photos/739847196/medium.jpg,ian182,402982935,Chinese Crown Orchid,Plantae,427629,2,0,2026-09-09 08:22:15,2026-09-09,2026-09-09 12:22:15 UTC,Eastern Time (US & Canada),11,11,,,false,,,1292409,Ian Clemens,2026-09-24 12:56:19 UTC,2026-09-26 13:43:25 UTC,research,,NA,843,false
Eulophia horsfallii,2026-08-22 10:21:00 +0200,,"uMkhanyakude District Municipality, South Africa",-28.3348944424,32.3923902407,,Purple Vlei Harlequin,https://www.inaturalist.org/observations/402940924,https://inaturalist-open-data.s3.amazonaws.com/photos/739764742/medium.jpg,kobus_lubbe,402940924,Purple Vlei Harlequin,Plantae,502552,1,0,2026/08/22 10:21 AM,2026-08-22,2026-08-22 08:21:00 UTC,Pretoria,61,61,,open,false,,,6340251,Kobus Lubbe,2026-09-24 07:33:44 UTC,2026-09-24 10:02:00 UTC,research,CC-BY-NC,NA,NA,false
Eulophia maculata,2026-09-23 08:36:36 -0400,,"Florida, US",27.4926332954,-80.4108146141,,Monk Orchid,https://www.inaturalist.org/observations/402843463,https://static.inaturalist.org/photos/739569907/medium.jpg,jj0056,402843463,Monk Orchid,Plantae,1453469,2,0,2026-09-23 08:36:36,2026-09-23,2026-09-23 12:36:36 UTC,Eastern Time (US & Canada),7,29727,obscured,open,true,,,9260032,,2026-09-23 21:26:38 UTC,2026-09-26 13:44:48 UTC,research,,NA,843,false
Eulophia maculata,2026-09-23 05:57:56 -0400,,"E Campus Cir, Miami, FL, US",25.7549528294,-80.3788510799,,Monk Orchid,https://www.inaturalist.org/observations/402798329,https://inaturalist-open-data.s3.amazonaws.com/photos/739484749/medium.jpg,biosfera_antropoceno,402798329,Monk Orchid,Plantae,1453469,2,0,2026-09-23 05:57:56,2026-09-23,2026-09-23 09:57:56 UTC,Eastern Time (US & Canada),194,194,,open,false,,,3373007,Jason Flor Flores,2026-09-23 18:31:45 UTC,2026-09-26 02:33:28 UTC,research,CC-BY-NC,NA,843,false
Eulophia maculata,2026-07-18 11:37:28 -0400,,"Hickey Creek Mitigation Park Wildlife and Environmental Area Trail, Alva, FL, US",26.7125701014,-81.6652429126,,Monk Orchid,https://www.inaturalist.org/observations/402595358,https://inaturalist-open-data.s3.amazonaws.com/photos/739090545/medium.jpg,christopher_reed1,402595358,Monk Orchid,Plantae,1453469,1,0,2026-07-18 11:37:28,2026-07-18,2026-07-18 15:37:28 UTC,Eastern Time (US & Canada),7,7,,open,false,,,9728306,Christopher Reed,2026-09-22 23:14:28 UTC,2026-09-23 00:37:31 UTC,research,CC-BY-NC,NA,843,false
Eulophia welwitschii,2020-01-08 10:34:00 +0200,,"Rietvallei 377-Jr, Pretoria, 0181, South Africa",-25.9046278638,28.309548166,,Banana Orchid,https://www.inaturalist.org/observations/402535025,https://inaturalist-open-data.s3.amazonaws.com/photos/738961918/medium.jpg,ecowild,402535025,Banana Orchid,Plantae,1081394,2,0,2020/01/08 10:34 AM,2020-01-08,2020-01-08 08:34:00 UTC,Pretoria,15,15,,open,false,,,5174545,Phillip Nieuwoudt,2026-09-22 19:05:38 UTC,2026-09-25 12:30:23 UTC,research,CC-BY-NC,NA,NA,false
Eulophia welwitschii,2020-01-08 07:13:00 +0200,,"Rietvallei 377-Jr, Pretoria, 0181, South Africa",-25.885397516,28.2973877071,,Banana Orchid,https://www.inaturalist.org/observations/402534934,https://inaturalist-open-data.s3.amazonaws.com/photos/738961712/medium.jpg,ecowild,402534934,Banana Orchid,Plantae,1081394,2,0,2020/01/08 7:13 AM,2020-01-08,2020-01-08 05:13:00 UTC,Pretoria,50,50,,open,false,,,5174545,Phillip Nieuwoudt,2026-09-22 19:05:29 UTC,2026-09-25 12:30:30 UTC,research,CC-BY-NC,NA,NA,false
Eulophia graminea,2026-09-22 08:19:38 -0400,,"Lee County, US-FL, US",26.5943181218,-81.9450193919,,Chinese Crown Orchid,https://www.inaturalist.org/observations/402459094,https://inaturalist-open-data.s3.amazonaws.com/photos/738829019/medium.jpg,christina16090,402459094,Chinese Crown Orchid,Plantae,427629,1,0,2026-09-22 08:19:38,2026-09-22,2026-09-22 12:19:38 UTC,Eastern Time (US & Canada),8,8,,,false,,,11042158,Christina,2026-09-22 14:14:14 UTC,2026-09-23 00:45:07 UTC,research,CC-BY-NC,NA,843,false
Eulophia cochlearis,2026-09-18 10:56:00 +0200,,"Garden Route District Municipality, South Africa",-34.0688383333,23.2855716667,,Spoon Cinderella Orchid,https://www.inaturalist.org/observations/402442070,https://inaturalist-open-data.s3.amazonaws.com/photos/738786312/medium.jpg,kareneichholz,402442070,Spoon Cinderella Orchid,Plantae,1453532,1,0,2026/09/18 10:56 AM,2026-09-18,2026-09-18 08:56:00 UTC,Pretoria,4,4,,open,false,,,1668995,Karen Eichholz,2026-09-22 12:55:58 UTC,2026-09-27 19:59:20 UTC,research,CC-BY,NA,NA,false
Eulophia graminea,2026-09-20 09:23:10 -0400,,"S Willow St, Fellsmere, FL, US",27.7622533333,-80.59328,,Chinese Crown Orchid,https://www.inaturalist.org/observations/402433547,https://static.inaturalist.org/photos/738779142/medium.jpg,depdave,402433547,Chinese Crown Orchid,Plantae,427629,1,0,2026-09-20 09:23:10,2026-09-20,2026-09-20 13:23:10 UTC,Eastern Time (US & Canada),32,32,,,false,,,1289011,,2026-09-22 12:12:42 UTC,2026-09-22 13:26:19 UTC,research,,NA,843,false
Eulophia hians hians,2026-09-22 00:00:00 +0200,,"West Rand District Municipality, South Africa",-26.3171640207,27.419246319,,Blue Yawning Harlequin,https://www.inaturalist.org/observations/402416585,https://inaturalist-open-data.s3.amazonaws.com/photos/738746612/medium.jpg,kyle_campbell1,402416585,Blue Yawning Harlequin,Plantae,599258,1,0,2026/09/22,2026-09-22,,Pretoria,100,100,,open,false,,,5171908,Kyle Campbell,2026-09-22 10:11:11 UTC,2026-09-22 12:31:24 UTC,research,CC-BY-ND,NA,NA,false
Eulophia hians hians,2026-09-22 00:00:00 +0200,,"West Rand District Municipality, South Africa",-26.3171640207,27.419246319,,Blue Yawning Harlequin,https://www.inaturalist.org/observations/402416577,https://inaturalist-open-data.s3.amazonaws.com/photos/738746558/medium.jpg,kyle_campbell1,402416577,Blue Yawning Harlequin,Plantae,599258,1,0,2026/09/22,2026-09-22,,Pretoria,100,100,,open,false,,,5171908,Kyle Campbell,2026-09-22 10:11:09 UTC,2026-09-22 12:31:17 UTC,research,CC-BY-ND,NA,NA,false
Eulophia hians hians,2026-09-22 00:00:00 +0200,,"West Rand District Municipality, South Africa",-26.3171640207,27.419246319,,Blue Yawning Harlequin,https://www.inaturalist.org/observations/402416576,https://inaturalist-open-data.s3.amazonaws.com/photos/738746552/medium.jpg,kyle_campbell1,402416576,Blue Yawning Harlequin,Plantae,599258,1,0,2026/09/22,2026-09-22,,Pretoria,100,100,,open,false,,,5171908,Kyle Campbell,2026-09-22 10:11:09 UTC,2026-09-22 12:30:37 UTC,research,CC-BY-ND,NA,NA,false
Eulophia hians hians,2026-09-22 00:00:00 +0200,,"West Rand District Municipality, South Africa",-26.3171640207,27.419246319,,Blue Yawning Harlequin,https://www.inaturalist.org/observations/402416566,https://inaturalist-open-data.s3.amazonaws.com/photos/738746416/medium.jpg,kyle_campbell1,402416566,Blue Yawning Harlequin,Plantae,599258,1,0,2026/09/22,2026-09-22,,Pretoria,100,100,,open,false,,,5171908,Kyle Campbell,2026-09-22 10:11:06 UTC,2026-09-22 12:30:47 UTC,research,CC-BY-ND,NA,NA,false
Eulophia hians hians,2026-09-22 00:00:00 +0200,,"West Rand District Municipality, South Africa",-26.3171640207,27.419246319,,Blue Yawning Harlequin,https://www.inaturalist.org/observations/402416563,https://inaturalist-open-data.s3.amazonaws.com/photos/738746353/medium.jpg,kyle_campbell1,402416563,Blue Yawning Harlequin,Plantae,599258,1,0,2026/09/22,2026-09-22,,Pretoria,100,100,,open,false,,,5171908,Kyle Campbell,2026-09-22 10:11:05 UTC,2026-09-22 12:30:58 UTC,research,CC-BY-ND,NA,NA,false
Eulophia hians hians,2026-09-22 00:00:00 +0200,,"West Rand District Municipality, South Africa",-26.3171640207,27.419246319,,Blue Yawning Harlequin,https://www.inaturalist.org/observations/402416560,https://inaturalist-open-data.s3.amazonaws.com/photos/738746358/medium.jpg,kyle_campbell1,402416560,Blue Yawning Harlequin,Plantae,599258,1,0,2026/09/22,2026-09-22,,Pretoria,100,100,,open,false,,,5171908,Kyle Campbell,2026-09-22 10:11:04 UTC,2026-09-22 12:31:06 UTC,research,CC-BY-ND,NA,NA,false
Eulophia hians hians,2026-09-22 00:00:00 +0200,,"West Rand District Municipality, South Africa",-26.3171640207,27.419246319,,Blue Yawning Harlequin,https://www.inaturalist.org/observations/402416558,https://inaturalist-open-data.s3.amazonaws.com/photos/738746296/medium.jpg,kyle_campbell1,402416558,Blue Yawning Harlequin,Plantae,599258,1,0,2026/09/22,2026-09-22,,Pretoria,100,100,,open,false,,,5171908,Kyle Campbell,2026-09-22 10:11:03 UTC,2026-09-22 12:30:24 UTC,research,CC-BY-ND,NA,NA,false
Eulophia hians hians,2026-09-22 00:00:00 +0200,,"West Rand District Municipality, South Africa",-26.3171640207,27.419246319,,Blue Yawning Harlequin,https://www.inaturalist.org/observations/402416550,https://inaturalist-open-data.s3.amazonaws.com/photos/738746126/medium.jpg,kyle_campbell1,402416550,Blue Yawning Harlequin,Plantae,599258,1,0,2026/09/22,2026-09-22,,Pretoria,100,100,,open,false,,,5171908,Kyle Campbell,2026-09-22 10:11:01 UTC,2026-10-02 18:36:07 UTC,research,CC-BY-ND,NA,NA,false
Eulophia hians hians,2026-09-22 00:00:00 +0200,,"West Rand District Municipality, South Africa",-26.3171640207,27.419246319,,Blue Yawning Harlequin,https://www.inaturalist.org/observations/402416545,https://inaturalist-open-data.s3.amazonaws.com/photos/738746093/medium.jpg,kyle_campbell1,402416545,Blue Yawning Harlequin,Plantae,599258,1,0,2026/09/22,2026-09-22,,Pretoria,100,100,,open,false,,,5171908,Kyle Campbell,2026-09-22 10:10:59 UTC,2026-09-22 12:30:15 UTC,research,CC-BY-ND,NA,NA,false
Eulophia hians hians,2026-09-22 00:00:00 +0200,,"West Rand District Municipality, South Africa",-26.3171640207,27.419246319,,Blue Yawning Harlequin,https://www.inaturalist.org/observations/402416544,https://inaturalist-open-data.s3.amazonaws.com/photos/738746064/medium.jpg,kyle_campbell1,402416544,Blue Yawning Harlequin,Plantae,599258,1,0,2026/09/22,2026-09-22,,Pretoria,100,100,,open,false,,,5171908,Kyle Campbell,2026-09-22 10:10:59 UTC,2026-09-22 12:30:06 UTC,research,CC-BY-ND,NA,NA,false
Eulophia hians hians,2026-09-22 00:00:00 +0200,,"West Rand District Municipality, South Africa",-26.3171640207,27.419246319,,Blue Yawning Harlequin,https://www.inaturalist.org/observations/402416543,https://inaturalist-open-data.s3.amazonaws.com/photos/738746063/medium.jpg,kyle_campbell1,402416543,Blue Yawning Harlequin,Plantae,599258,1,0,2026/09/22,2026-09-22,,Pretoria,100,100,,open,false,,,5171908,Kyle Campbell,2026-09-22 10:10:59 UTC,2026-09-22 12:29:20 UTC,research,CC-BY-ND,NA,NA,false
Eulophia hians hians,2026-09-22 00:00:00 +0200,,"West Rand District Municipality, South Africa",-26.3171640207,27.419246319,,Blue Yawning Harlequin,https://www.inaturalist.org/observations/402416539,https://inaturalist-open-data.s3.amazonaws.com/photos/738746034/medium.jpg,kyle_campbell1,402416539,Blue Yawning Harlequin,Plantae,599258,1,0,2026/09/22,2026-09-22,,Pretoria,100,100,,open,false,,,5171908,Kyle Campbell,2026-09-22 10:10:57 UTC,2026-09-22 12:29:30 UTC,research,CC-BY-ND,NA,NA,false
Eulophia hians hians,2026-09-22 00:00:00 +0200,,"West Rand District Municipality, South Africa",-26.3171640207,27.419246319,,Blue Yawning Harlequin,https://www.inaturalist.org/observations/402416538,https://inaturalist-open-data.s3.amazonaws.com/photos/738745977/medium.jpg,kyle_campbell1,402416538,Blue Yawning Harlequin,Plantae,599258,1,0,2026/09/22,2026-09-22,,Pretoria,100,100,,open,false,,,5171908,Kyle Campbell,2026-09-22 10:10:57 UTC,2026-09-22 12:29:44 UTC,research,CC-BY-ND,NA,NA,false
Eulophia hians hians,2026-09-22 00:00:00 +0200,,"West Rand District Municipality, South Africa",-26.3171640207,27.419246319,NA,Blue Yawning Harlequin,https://www.inaturalist.org/observations/402416536,https://inaturalist-open-data.s3.amazonaws.com/photos/738745976/medium.jpg,kyle_campbell1,402416536,Blue Yawning Harlequin,Plantae,599258,1,0,2026/09/22,2026-09-22,,Pretoria,100,100,,open,false,,,5171908,Kyle Campbell,2026-09-22 10:10:55 UTC,2026-09-22 12:29:55 UTC,research,CC-BY-ND,NA,NA,false
Eulophia hians hians,2026-09-22 00:00:00 +0200,,"West Rand District Municipality, South Africa",-26.3171640207,27.419246319,NA,Blue Yawning Harlequin,https://www.inaturalist.org/observations/402416534,https://inaturalist-open-data.s3.amazonaws.com/photos/738745899/medium.jpg,kyle_campbell1,402416534,Blue Yawning Harlequin,Plantae,599258,1,0,2026/09/22,2026-09-22,,Pretoria,100,100,,open,false,,,5171908,Kyle Campbell,2026-09-22 10:10:54 UTC,2026-09-22 12:29:08 UTC,research,CC-BY-ND,NA,NA,false
Eulophia hians hians,2026-09-22 00:00:00 +0200,,"West Rand District Municipality, South Africa",-26.3171640207,27.419246319,NA,Blue Yawning Harlequin,https://www.inaturalist.org/observations/402416533,https://inaturalist-open-data.s3.amazonaws.com/photos/738745943/medium.jpg,kyle_campbell1,402416533,Blue Yawning Harlequin,Plantae,599258,1,0,2026/09/22,2026-09-22,,Pretoria,100,100,,open,false,,,5171908,Kyle Campbell,2026-09-22 10:10:54 UTC,2026-09-22 12:42:59 UTC,research,CC-BY-ND,NA,NA,false
Eulophia hians hians,2026-09-22 00:00:00 +0200,,"West Rand District Municipality, South Africa",-26.3171640207,27.419246319,NA,Blue Yawning Harlequin,https://www.inaturalist.org/observations/402416530,https://inaturalist-open-data.s3.amazonaws.com/photos/738745879/medium.jpg,kyle_campbell1,402416530,Blue Yawning Harlequin,Plantae,599258,1,0,2026/09/22,2026-09-22,,Pretoria,100,100,,open,false,,,5171908,Kyle Campbell,2026-09-22 10:10:52 UTC,2026-09-22 12:28:56 UTC,research,CC-BY-ND,NA,NA,false
Eulophia hians hians,2026-09-22 00:00:00 +0200,,"West Rand District Municipality, South Africa",-26.3171640207,27.419246319,NA,Blue Yawning Harlequin,https://www.inaturalist.org/observations/402416529,https://inaturalist-open-data.s3.amazonaws.com/photos/738745842/medium.jpg,kyle_campbell1,402416529,Blue Yawning Harlequin,Plantae,599258,1,0,2026/09/22,2026-09-22,,Pretoria,100,100,,open,false,,,5171908,Kyle Campbell,2026-09-22 10:10:52 UTC,2026-09-22 12:28:44 UTC,research,CC-BY-ND,NA,NA,false
Eulophia hians hians,2026-09-22 00:00:00 +0200,,"West Rand District Municipality, South Africa",-26.3171640207,27.419246319,NA,Blue Yawning Harlequin,https://www.inaturalist.org/observations/402416528,https://inaturalist-open-data.s3.amazonaws.com/photos/738745832/medium.jpg,kyle_campbell1,402416528,Blue Yawning Harlequin,Plantae,599258,1,0,2026/09/22,2026-09-22,,Pretoria,100,100,,open,false,,,5171908,Kyle Campbell,2026-09-22 10:10:51 UTC,2026-09-22 12:22:01 UTC,research,CC-BY-ND,NA,NA,false
Eulophia hians hians,2026-09-22 00:00:00 +0200,,"West Rand District Municipality, South Africa",-26.3171640207,27.419246319,NA,Blue Yawning Harlequin,https://www.inaturalist.org/observations/402416527,https://inaturalist-open-data.s3.amazonaws.com/photos/738745828/medium.jpg,kyle_campbell1,402416527,Blue Yawning Harlequin,Plantae,599258,1,0,2026/09/22,2026-09-22,,Pretoria,100,100,,open,false,,,5171908,Kyle Campbell,2026-09-22 10:10:51 UTC,2026-09-22 12:21:52 UTC,research,CC-BY-ND,NA,NA,false
Eulophia hians hians,2026-09-22 00:00:00 +0200,,"West Rand District Municipality, South Africa",-26.3154906799,27.4198962914,NA,Blue Yawning Harlequin,https://www.inaturalist.org/observations/402415270,https://inaturalist-open-data.s3.amazonaws.com/photos/738744055/medium.jpg,kyle_campbell1,402415270,Blue Yawning Harlequin,Plantae,599258,1,0,2026/09/22,2026-09-22,,Pretoria,50,50,,open,false,,,5171908,Kyle Campbell,2026-09-22 10:00:38 UTC,2026-10-02 18:36:10 UTC,research,CC-BY-ND,NA,NA,false
Eulophia hians hians,2026-09-22 00:00:00 +0200,,"West Rand District Municipality, South Africa",-26.3154906799,27.4198962914,NA,Blue Yawning Harlequin,https://www.inaturalist.org/observations/402415267,https://inaturalist-open-data.s3.amazonaws.com/photos/738744042/medium.jpg,kyle_campbell1,402415267,Blue Yawning Harlequin,Plantae,599258,1,0,2026/09/22,2026-09-22,,Pretoria,50,50,,open,false,,,5171908,Kyle Campbell,2026-09-22 10:00:37 UTC,2026-10-02 18:36:12 UTC,research,CC-BY-ND,NA,NA,false
Eulophia hians hians,2026-09-22 00:00:00 +0200,,"West Rand District Municipality, South Africa",-26.3154906799,27.4198962914,NA,Blue Yawning Harlequin,https://www.inaturalist.org/observations/402415239,https://inaturalist-open-data.s3.amazonaws.com/photos/738743260/medium.jpg,kyle_campbell1,402415239,Blue Yawning Harlequin,Plantae,599258,1,0,2026/09/22,2026-09-22,,Pretoria,50,50,,open,false,,,5171908,Kyle Campbell,2026-09-22 10:00:27 UTC,2026-09-22 12:28:07 UTC,research,CC-BY-ND,NA,NA,false
Eulophia hians hians,2026-09-22 00:00:00 +0200,,"West Rand District Municipality, South Africa",-26.3154906799,27.4198962914,NA,Blue Yawning Harlequin,https://www.inaturalist.org/observations/402415235,https://inaturalist-open-data.s3.amazonaws.com/photos/738743161/medium.jpg,kyle_campbell1,402415235,Blue Yawning Harlequin,Plantae,599258,1,0,2026/09/22,2026-09-22,,Pretoria,50,50,,open,false,,,5171908,Kyle Campbell,2026-09-22 10:00:26 UTC,2026-09-22 12:22:20 UTC,research,CC-BY-ND,NA,NA,false
Eulophia hians hians,2026-09-22 00:00:00 +0200,,"West Rand District Municipality, South Africa",-26.3154930586,27.4206968156,NA,Blue Yawning Harlequin,https://www.inaturalist.org/observations/402415029,https://inaturalist-open-data.s3.amazonaws.com/photos/738742678/medium.jpg,kyle_campbell1,402415029,Blue Yawning Harlequin,Plantae,599258,1,0,2026/09/22,2026-09-22,,Pretoria,50,50,,open,false,,,5171908,Kyle Campbell,2026-09-22 09:58:45 UTC,2026-09-22 12:24:12 UTC,research,CC-BY-ND,NA,NA,false
Eulophia hians hians,2026-09-22 00:00:00 +0200,,"West Rand District Municipality, South Africa",-26.3154930586,27.4206968156,NA,Blue Yawning Harlequin,https://www.inaturalist.org/observations/402415028,https://inaturalist-open-data.s3.amazonaws.com/photos/738742747/medium.jpg,kyle_campbell1,402415028,Blue Yawning Harlequin,Plantae,599258,1,0,2026/09/22,2026-09-22,,Pretoria,50,50,,open,false,,,5171908,Kyle Campbell,2026-09-22 09:58:45 UTC,2026-09-22 12:24:26 UTC,research,CC-BY-ND,NA,NA,false
Eulophia hians hians,2026-09-22 00:00:00 +0200,,"West Rand District Municipality, South Africa",-26.3154930586,27.4206968156,NA,Blue Yawning Harlequin,https://www.inaturalist.org/observations/402415026,https://inaturalist-open-data.s3.amazonaws.com/photos/738742677/medium.jpg,kyle_campbell1,402415026,Blue Yawning Harlequin,Plantae,599258,1,0,2026/09/22,2026-09-22,,Pretoria,50,50,,open,false,,,5171908,Kyle Campbell,2026-09-22 09:58:45 UTC,2026-09-22 12:24:00 UTC,research,CC-BY-ND,NA,NA,false
Eulophia hians hians,2026-09-22 00:00:00 +0200,,"West Rand District Municipality, South Africa",-26.3268726817,27.409284039,NA,Blue Yawning Harlequin,https://www.inaturalist.org/observations/402412919,https://inaturalist-open-data.s3.amazonaws.com/photos/738739157/medium.jpg,kyle_campbell1,402412919,Blue Yawning Harlequin,Plantae,599258,1,0,2026/09/22,2026-09-22,,Pretoria,100,100,,open,false,,,5171908,Kyle Campbell,2026-09-22 09:41:04 UTC,2026-09-22 12:26:08 UTC,research,CC-BY-ND,NA,NA,false
Eulophia graminea,2026-09-20 23:20:40 -0400,From a friend's flower bed,"Florida, US",28.4137047438,-81.2544278217,NA,Chinese Crown Orchid,https://www.inaturalist.org/observations/402324547,https://inaturalist-open-data.s3.amazonaws.com/photos/738561537/medium.jpg,trustyredwolf,402324547,Chinese Crown Orchid,Plantae,427629,1,0,2026-09-20 23:20:40,2026-09-20,2026-09-21 03:20:40 UTC,Eastern Time (US & Canada),31340,31340,obscured,,true,gps,gps,2285057,Camille,2026-09-21 23:38:40 UTC,2026-09-22 00:15:18 UTC,research,CC-BY-ND,NA,2,false
Eulophia maculata,2026-09-21 16:54:40 -0400,,"SE Italy St, Port Saint Lucie, FL, US",27.2553783333,-80.2940133333,NA,Monk Orchid,https://www.inaturalist.org/observations/402298875,https://inaturalist-open-data.s3.amazonaws.com/photos/738510432/medium.jpg,hardeeparty,402298875,Monk Orchid,Plantae,1453469,1,0,2026-09-21 16:54:40-04:00,2026-09-21,2026-09-21 20:54:40 UTC,Eastern Time (US & Canada),2,2,,open,false,,,8372098,James Hardee,2026-09-21 21:37:22 UTC,2026-09-22 00:55:21 UTC,research,,NA,3,false
Eulophia graminea,2026-09-21 13:13:56 -0400,,"Oviedo, FL 32765, USA",28.6362050615,-81.2644824386,NA,Chinese Crown Orchid,https://www.inaturalist.org/observations/402233505,https://inaturalist-open-data.s3.amazonaws.com/photos/738381519/medium.jpg,jessicaschlimmer,402233505,Chinese Crown Orchid,Plantae,427629,1,0,2026-09-21 13:13:56,2026-09-21,2026-09-21 17:13:56 UTC,Eastern Time (US & Canada),264,264,,,false,gps,gps,10065380,Jess,2026-09-21 17:20:07 UTC,2026-09-21 17:45:05 UTC,research,CC-BY-NC,NA,2,false
Eulophia maculata,2026-09-21 13:17:11 -0400,,"SE Federal Hwy, Stuart, FL, US",27.1764896848,-80.2364503501,NA,Monk Orchid,https://www.inaturalist.org/observations/402232963,https://inaturalist-open-data.s3.amazonaws.com/photos/738380244/medium.jpg,charismaticcashew,402232963,Monk Orchid,Plantae,1453469,2,0,2026-09-21 13:17:11,2026-09-21,2026-09-21 17:17:11 UTC,Eastern Time (US & Canada),4,4,,open,false,,,10582270,Jack,2026-09-21 17:17:45 UTC,2026-09-28 01:09:31 UTC,research,CC-BY-NC,NA,843,false
Eulophia hians,2025-08-28 17:15:00 +0200,,"Ehlanzeni District Municipality, South Africa",-25.3504238128,31.0385284422,NA,Yawning Harlequin,https://www.inaturalist.org/observations/402173876,https://static.inaturalist.org/photos/738266863/medium.jpg,peta_h,402173876,Yawning Harlequin,Plantae,415244,1,0,2025/08/28 5:15 PM,2025-08-28,2025-08-28 15:15:00 UTC,Pretoria,NA,NA,,open,false,,,7378858,Peta Hardy,2026-09-21 13:15:21 UTC,2026-10-06 15:16:04 UTC,research,,NA,NA,false
Eulophia hians hians,2026-09-21 00:00:00 +0200,,"West Rand District Municipality, South Africa",-26.3120864901,27.3897587143,NA,Blue Yawning Harlequin,https://www.inaturalist.org/observations/402133536,https://inaturalist-open-data.s3.amazonaws.com/photos/738184814/medium.jpg,kyle_campbell1,402133536,Blue Yawning Harlequin,Plantae,599258,1,0,2026/09/21,2026-09-21,,Pretoria,100,100,,open,false,,,5171908,Kyle Campbell,2026-09-21 08:58:52 UTC,2026-09-21 15:25:07 UTC,research,CC-BY-ND,NA,NA,false
Eulophia hians hians,2026-09-21 00:00:00 +0200,,"West Rand District Municipality, South Africa",-26.3098745008,27.3914967857,NA,Blue Yawning Harlequin,https://www.inaturalist.org/observations/402133291,https://inaturalist-open-data.s3.amazonaws.com/photos/738185267/medium.jpg,kyle_campbell1,402133291,Blue Yawning Harlequin,Plantae,599258,1,0,2026/09/21,2026-09-21,,Pretoria,100,100,,open,false,,,5171908,Kyle Campbell,2026-09-21 08:58:23 UTC,2026-10-02 18:36:13 UTC,research,CC-BY-ND,NA,NA,false
Eulophia maculata,2026-09-20 19:15:42 -0400,,"Tampa, FL 33635, USA",28.0238475556,-82.5995178056,NA,Monk Orchid,https://www.inaturalist.org/observations/402110233,https://inaturalist-open-data.s3.amazonaws.com/photos/738142089/medium.jpg,xanderferret,402110233,Monk Orchid,Plantae,1453469,1,0,2026-09-20 19:15:42,2026-09-20,2026-09-20 23:15:42 UTC,Eastern Time (US & Canada),NA,NA,,open,false,gps,gps,9687222,,2026-09-21 05:53:30 UTC,2026-09-22 00:19:57 UTC,research,CC-BY,NA,2,false
Eulophia hians,2026-09-19 07:37:16 +0200,,"Makana Local Municipality, South Africa",-33.3366303,26.4721854997,NA,Yawning Harlequin,https://www.inaturalist.org/observations/402104236,https://inaturalist-open-data.s3.amazonaws.com/photos/738130405/medium.jpg,debbiebodley,402104236,Yawning Harlequin,Plantae,415244,2,0,2026-09-19 07:37:16,2026-09-19,2026-09-19 05:37:16 UTC,Pretoria,NA,NA,,open,false,gps,gps,707320,Debbie Bodley,2026-09-21 05:10:02 UTC,2026-09-21 05:50:59 UTC,research,CC-BY-NC,NA,2,false
Eulophia maculata,2026-09-20 13:01:12 -0600,,"97922 Yokdzonot, Yuc., México",20.7071829,-88.731275,NA,Monk Orchid,https://www.inaturalist.org/observations/402096143,https://inaturalist-open-data.s3.amazonaws.com/photos/738114156/medium.jpg,ichi_wildlife_mx,402096143,Orquídea monja africana,Plantae,1453469,3,0,2026-09-20 13:01:12,2026-09-20,2026-09-20 19:01:12 UTC,America/Merida,NA,NA,,open,false,gps,gps,81833,J. Ismael Arellano Ciau,2026-09-21 04:19:25 UTC,2026-09-21 19:36:29 UTC,research,CC-BY-NC,NA,2,false
Eulophia graminea,2026-09-20 21:42:18 -0400,,"S Williamson Blvd, Port Orange, FL, US",29.1083300821,-81.0317451549,NA,Chinese Crown Orchid,https://www.inaturalist.org/observations/402066142,https://inaturalist-open-data.s3.amazonaws.com/photos/738054756/medium.jpg,jacob_ssaunders,402066142,Chinese Crown Orchid,Plantae,427629,1,0,2026-09-20 21:42:18,2026-09-20,2026-09-21 01:42:18 UTC,Eastern Time (US & Canada),54,54,,,false,,,10131618,Jacob Saunders,2026-09-21 01:42:51 UTC,2026-09-21 04:43:58 UTC,research,CC-BY-NC,NA,843,false
Eulophia maculata,2026-09-19 00:32:00 -0400,,"Davie, FL, USA",26.0762965995,-80.3255425315,NA,Monk Orchid,https://www.inaturalist.org/observations/402035745,https://inaturalist-open-data.s3.amazonaws.com/photos/737990776/medium.jpg,bennypoo,402035745,Monk Orchid,Plantae,1453469,2,0,2026/09/19 12:32 AM,2026-09-19,2026-09-19 04:32:00 UTC,Eastern Time (US & Canada),38,38,,open,false,,,87743,Ben Machado,2026-09-20 23:33:58 UTC,2026-09-21 04:44:25 UTC,research,CC-BY,NA,NA,false
Eulophia maculata,2026-09-20 16:03:15 -0400,,"Gen Hutchison Pkwy, Longwood, FL, US",28.71997,-81.3313916667,NA,Monk Orchid,https://www.inaturalist.org/observations/402009384,https://inaturalist-open-data.s3.amazonaws.com/photos/737936862/medium.jpg,kcpi3141,402009384,Monk Orchid,Plantae,1453469,1,0,2026-09-20 16:03:15,2026-09-20,2026-09-20 20:03:15 UTC,Eastern Time (US & Canada),16,16,,open,false,,,6490376,Kevin Chiang,2026-09-20 21:54:08 UTC,2026-09-21 04:53:34 UTC,research,CC-BY-NC,NA,843,false
Eulophia maculata,2026-04-19 12:53:59 -0500,,"Junín, PE",-11.0399778333,-75.30697,NA,Monk Orchid,https://www.inaturalist.org/observations/401952959,https://inaturalist-open-data.s3.amazonaws.com/photos/737822643/medium.jpg,piero_ar,401952959,Eulophia maculata,Plantae,1453469,1,0,2026-04-19 12:53:59,2026-04-19,2026-04-19 17:53:59 UTC,Quito,7,7,,open,false,,,8642044,Piero Arana,2026-09-20 18:59:16 UTC,2026-09-21 04:49:31 UTC,research,CC-BY-NC,NA,843,false
Eulophia hians,2026-09-20 12:25:00 +0200,,"Monastery, Highlands road south west of Grahamstown, Makana, Eastern Cape, South Africa",-33.33654523,26.4722121,NA,Yawning Harlequin,https://www.inaturalist.org/observations/401946373,https://inaturalist-open-data.s3.amazonaws.com/photos/737794283/medium.jpg,craigpeter,401946373,Yawning Harlequin,Plantae,415244,2,0,2026/09/20 12:25 PM,2026-09-20,2026-09-20 10:25:00 UTC,Pretoria,2,2,,open,false,,,833117,Craig Peter,2026-09-20 18:38:22 UTC,2026-09-21 04:51:21 UTC,research,CC-BY-NC,NA,NA,false
Eulophia streptopetala,2026-09-20 10:47:08 +0300,,"Morogoro, TZ",-6.8973630579,37.6726313745,NA,Twisted Harlequin,https://www.inaturalist.org/observations/401927238,https://inaturalist-open-data.s3.amazonaws.com/photos/737771109/medium.jpg,s_orsenigo,401927238,Eulophia streptopetala,Plantae,543627,1,0,2026-09-20 10:47:08+03:00,2026-09-20,2026-09-20 07:47:08 UTC,Nairobi,2223,2223,,,false,,,7115301,Simone Orsenigo,2026-09-20 17:39:25 UTC,2026-09-21 05:12:49 UTC,research,CC-BY-NC,NA,3,false
Eulophia hians inaequalis,2026-09-19 13:35:00 +0200,,"Boskop Nature Reserve, Dr Kenneth Kaunda District Municipality, South Africa",-26.5331361509,27.1237867471,NA,Yellow Yawning Harlequin,https://www.inaturalist.org/observations/401925239,https://inaturalist-open-data.s3.amazonaws.com/photos/737763407/medium.jpg,corriedt,401925239,Yellow Yawning Harlequin,Plantae,599259,1,0,2026/09/19 1:35 PM,2026-09-19,2026-09-19 11:35:00 UTC,Pretoria,2,2,,open,false,,,3689841,Corrie du Toit,2026-09-20 17:32:17 UTC,2026-09-21 10:09:24 UTC,research,CC-BY-NC,NA,NA,false
Eulophia hians inaequalis,2026-09-19 13:34:00 +0200,,"Boskop Nature Reserve, Dr Kenneth Kaunda District Municipality, South Africa",-26.533168708,27.1236825628,NA,Yellow Yawning Harlequin,https://www.inaturalist.org/observations/401925238,https://inaturalist-open-data.s3.amazonaws.com/photos/737763423/medium.jpg,corriedt,401925238,Yellow Yawning Harlequin,Plantae,599259,1,0,2026/09/19 1:34 PM,2026-09-19,2026-09-19 11:34:00 UTC,Pretoria,2,2,,open,false,,,3689841,Corrie du Toit,2026-09-20 17:32:17 UTC,2026-09-21 10:09:25 UTC,research,CC-BY-NC,NA,NA,false
Eulophia hians inaequalis,2026-09-19 13:33:00 +0200,,Boskop Nature Reserve,-26.5331714298,27.1236592668,NA,Yellow Yawning Harlequin,https://www.inaturalist.org/observations/401925237,https://inaturalist-open-data.s3.amazonaws.com/photos/737763402/medium.jpg,corriedt,401925237,Yellow Yawning Harlequin,Plantae,599259,1,0,2026/09/19 1:33 PM,2026-09-19,2026-09-19 11:33:00 UTC,Pretoria,2,2,,open,false,,,3689841,Corrie du Toit,2026-09-20 17:32:17 UTC,2026-09-21 10:09:28 UTC,research,CC-BY-NC,NA,NA,false
Eulophia hians,2026-09-19 13:20:00 +0200,,"Boskop Nature Reserve, Dr Kenneth Kaunda District Municipality, South Africa",-26.5321794116,27.1231066702,NA,Yawning Harlequin,https://www.inaturalist.org/observations/401918680,https://inaturalist-open-data.s3.amazonaws.com/photos/737751503/medium.jpg,corriedt,401918680,Yawning Harlequin,Plantae,415244,1,0,2026/09/19 1:20 PM,2026-09-19,2026-09-19 11:20:00 UTC,Pretoria,2,2,,open,false,,,3689841,Corrie du Toit,2026-09-20 17:11:24 UTC,2026-09-20 17:21:18 UTC,research,CC-BY-NC,NA,NA,false
Eulophia hians,2026-09-19 13:20:00 +0200,,"Boskop Nature Reserve, Dr Kenneth Kaunda District Municipality, South Africa",-26.5322119532,27.1231057688,NA,Yawning Harlequin,https://www.inaturalist.org/observations/401918679,https://inaturalist-open-data.s3.amazonaws.com/photos/737751511/medium.jpg,corriedt,401918679,Yawning Harlequin,Plantae,415244,1,0,2026/09/19 1:20 PM,2026-09-19,2026-09-19 11:20:00 UTC,Pretoria,2,2,,open,false,,,3689841,Corrie du Toit,2026-09-20 17:11:24 UTC,2026-09-20 17:21:20 UTC,research,CC-BY-NC,NA,NA,false
Eulophia tuberculata,2026-09-19 13:17:00 +0200,,"Boskop Nature Reserve, Dr Kenneth Kaunda District Municipality, South Africa",-26.5321750795,27.1233627636,NA,Knobby Harlequin,https://www.inaturalist.org/observations/401918678,https://inaturalist-open-data.s3.amazonaws.com/photos/737751509/medium.jpg,corriedt,401918678,Knobby Harlequin,Plantae,571054,1,0,2026/09/19 1:17 PM,2026-09-19,2026-09-19 11:17:00 UTC,Pretoria,4,4,,open,false,,,3689841,Corrie du Toit,2026-09-20 17:11:24 UTC,2026-09-20 17:21:35 UTC,research,CC-BY-NC,NA,NA,false
Eulophia tuberculata,2026-09-19 13:13:00 +0200,,"Boskop Nature Reserve, Dr Kenneth Kaunda District Municipality, South Africa",-26.5322926662,27.1232715685,NA,Knobby Harlequin,https://www.inaturalist.org/observations/401915556,https://inaturalist-open-data.s3.amazonaws.com/photos/737746570/medium.jpg,corriedt,401915556,Knobby Harlequin,Plantae,571054,1,0,2026/09/19 1:13 PM,2026-09-19,2026-09-19 11:13:00 UTC,Pretoria,4,4,,open,false,,,3689841,Corrie du Toit,2026-09-20 17:00:52 UTC,2026-09-20 17:21:38 UTC,research,CC-BY-NC,NA,NA,false
Eulophia tuberculata,2026-09-19 13:18:00 +0200,,"Boskop Nature Reserve, Dr Kenneth Kaunda District Municipality, South Africa",-26.532267469,27.1233225305,NA,Knobby Harlequin,https://www.inaturalist.org/observations/401914304,https://inaturalist-open-data.s3.amazonaws.com/photos/737744150/medium.jpg,corriedt,401914304,Knobby Harlequin,Plantae,571054,2,0,2026/09/19 1:18 PM,2026-09-19,2026-09-19 11:18:00 UTC,Pretoria,2,2,,open,false,,,3689841,Corrie du Toit,2026-09-20 16:56:31 UTC,2026-10-01 14:01:40 UTC,research,CC-BY-NC,NA,NA,false
Eulophia graminea,2026-09-20 12:36:39 -0400,,Pinellas Park,27.8313217163,-82.7345275879,NA,Chinese Crown Orchid,https://www.inaturalist.org/observations/401909335,https://inaturalist-open-data.s3.amazonaws.com/photos/744817015/medium.jpg,cid1090,401909335,Chinese Crown Orchid,Plantae,427629,2,0,Sun Sep 20 2026 12:36:39 GMT -0400 (EDT),2026-09-20,2026-09-20 16:36:39 UTC,Eastern Time (US & Canada),5,5,,,false,,,3599551,,2026-09-20 16:39:00 UTC,2026-10-03 15:11:20 UTC,research,CC-BY-NC,NA,333,false
Eulophia maculata,2026-09-19 10:54:15 -0400,,"St Lucie West, FL 34987, USA",27.30942147,-80.5489762,NA,Monk Orchid,https://www.inaturalist.org/observations/401886148,https://inaturalist-open-data.s3.amazonaws.com/photos/737688801/medium.jpg,mickim,401886148,Monk Orchid,Plantae,1453469,1,0,2026-09-19 10:54:15,2026-09-19,2026-09-19 14:54:15 UTC,Eastern Time (US & Canada),NA,NA,,open,false,gps,gps,6147639,,2026-09-20 15:26:20 UTC,2026-09-20 17:04:31 UTC,research,CC-BY-NC,NA,2,false
Eulophia cochlearis,2026-09-18 11:03:53 +0200,Knysna Sand Fynbos ,"Eden, ZA-WC, ZA",-34.0052794205,23.321601401,NA,Spoon Cinderella Orchid,https://www.inaturalist.org/observations/401854163,https://inaturalist-open-data.s3.amazonaws.com/photos/737627504/medium.jpg,lynn3bee,401854163,Spoon Cinderella Orchid,Plantae,1453532,1,0,2026-09-18 11:03:53,2026-09-18,2026-09-18 09:03:53 UTC,Pretoria,4,28874,obscured,open,true,gps,gps,7635427,Lynn M,2026-09-20 13:34:45 UTC,2026-09-20 16:31:58 UTC,research,CC-BY-NC,NA,2,false
Eulophia parvula,2026-09-20 09:38:09 +0200,,"Leopards Hill Road, Lusaka, ZM",-15.5299116667,28.6296666667,NA,,https://www.inaturalist.org/observations/401837331,https://inaturalist-open-data.s3.amazonaws.com/photos/737594699/medium.jpg,troos,401837331,Eulophia parvula,Plantae,1494183,1,0,2026-09-20 09:38:09,2026-09-20,2026-09-20 07:38:09 UTC,Africa/Lusaka,13,13,,,false,,,1109131,Troos van der Merwe,2026-09-20 12:22:30 UTC,2026-09-20 13:02:43 UTC,research,CC-BY-NC,NA,843,false
Eulophia graminea,2026-09-10 16:15:00 -0400,,"Bayview, St. Petersburg, FL 33711, USA",27.7366541322,-82.6909006555,NA,Chinese Crown Orchid,https://www.inaturalist.org/observations/401828506,https://static.inaturalist.org/photos/737571062/medium.jpg,vidasplants,401828506,Chinese Crown Orchid,Plantae,427629,2,0,2026/09/10 4:15 PM,2026-09-10,2026-09-10 20:15:00 UTC,Eastern Time (US & Canada),9,9,,,false,,,1940355,Vida Svahnström,2026-09-20 11:39:19 UTC,2026-09-20 12:38:24 UTC,research,CC-BY-NC,NA,NA,false
Eulophia horsfallii,2023-04-04 13:13:00 +0100,Photo Pierre Munch,"San Carlos de Luba, Guinée équatoriale",3.2543367244,8.5440252798,NA,Purple Vlei Harlequin,https://www.inaturalist.org/observations/401818752,https://inaturalist-open-data.s3.amazonaws.com/photos/737558241/medium.jpg,thierrycordenos,401818752,Eulophia horsfallii,Plantae,502552,1,0,2023/04/04 13:13,2023-04-04,2023-04-04 12:13:00 UTC,Africa/Malabo,488,488,,,false,,,1609208,CORDENOS Thierry,2026-09-20 10:43:16 UTC,2026-09-23 15:06:10 UTC,research,CC-BY-NC,NA,NA,false
Eulophia hians hians,2026-09-19 12:57:00 +0200,,"Boskop Nature Reserve, Dr Kenneth Kaunda District Municipality, South Africa",-26.5317371282,27.1225393254,NA,Blue Yawning Harlequin,https://www.inaturalist.org/observations/401807409,https://inaturalist-open-data.s3.amazonaws.com/photos/737536806/medium.jpg,corriedt,401807409,Blue Yawning Harlequin,Plantae,599258,2,0,2026/09/19 12:57 PM,2026-09-19,2026-09-19 10:57:00 UTC,Pretoria,2,2,,open,false,,,3689841,Corrie du Toit,2026-09-20 09:34:31 UTC,2026-09-20 12:16:56 UTC,research,CC-BY-NC,NA,NA,false
Eulophia graminea,2026-09-16 12:56:54 -0400,,"Sun City Center, FL, US",27.6669283333,-82.370745,NA,Chinese Crown Orchid,https://www.inaturalist.org/observations/401692321,https://inaturalist-open-data.s3.amazonaws.com/photos/737301766/medium.jpg,gallos_s_24,401692321,Chinese Crown Orchid,Plantae,427629,2,0,2026-09-16 12:56:54,2026-09-16,2026-09-16 16:56:54 UTC,Eastern Time (US & Canada),6,6,,,false,,,6113591,,2026-09-19 23:06:02 UTC,2026-09-22 20:57:47 UTC,research,CC-BY-NC,NA,843,false
Eulophia hians hians,2026-09-19 16:56:14 +0200,,"Wonderboom, Pretoria, 0182, South Africa",-25.6928441953,28.2054633368,NA,Blue Yawning Harlequin,https://www.inaturalist.org/observations/401643765,https://inaturalist-open-data.s3.amazonaws.com/photos/737205644/medium.jpg,cdzerefos,401643765,Blue Yawning Harlequin,Plantae,599258,2,0,2026-09-19 16:56:14,2026-09-19,2026-09-19 14:56:14 UTC,Pretoria,8,8,,open,false,,,4673879,C.M. Dzerefos,2026-09-19 20:14:44 UTC,2026-09-25 13:47:09 UTC,research,CC-BY-NC,NA,2,false
Eulophia maculata,2026-09-19 11:43:00 -0400,,"Paleo Hammock Preserve, 8551 Carlton Rd, Port St. Lucie, FL 34987, USA",27.3101614,-80.5465086,NA,Monk Orchid,https://www.inaturalist.org/observations/401637318,https://inaturalist-open-data.s3.amazonaws.com/photos/737193284/medium.jpg,rexia,401637318,Monk Orchid,Plantae,1453469,1,0,2026/09/19 11:43 AM,2026-09-19,2026-09-19 15:43:00 UTC,Eastern Time (US & Canada),207,207,,open,false,,,318866,,2026-09-19 19:55:46 UTC,2026-09-20 11:13:49 UTC,research,CC-BY-NC,NA,NA,false
Eulophia graminea,2026-09-19 14:17:00 -0400,,"Millhopper Plaza, Gainesville, FL 32605, USA",29.6721861111,-82.3881,NA,Chinese Crown Orchid,https://www.inaturalist.org/observations/401608224,https://inaturalist-open-data.s3.amazonaws.com/photos/737136948/medium.jpg,robgur,401608224,Chinese Crown Orchid,Plantae,427629,1,0,2026-09-19 14:17:00,2026-09-19,2026-09-19 18:17:00 UTC,Eastern Time (US & Canada),NA,NA,,,false,gps,gps,11064,Robert Guralnick,2026-09-19 18:25:20 UTC,2026-09-19 23:17:35 UTC,research,CC-BY,NA,2,false
Eulophia graminea,2026-09-18 10:29:43 -0400,,"E Hampton Cir, Alva, FL, US",26.68972,-81.6863533333,NA,Chinese Crown Orchid,https://www.inaturalist.org/observations/401541353,https://inaturalist-open-data.s3.amazonaws.com/photos/737013343/medium.jpg,locoguy47,401541353,Chinese Crown Orchid,Plantae,427629,1,0,2026-09-18 10:29:43,2026-09-18,2026-09-18 14:29:43 UTC,Eastern Time (US & Canada),7,7,,,false,,,11054313,,2026-09-19 14:58:52 UTC,2026-09-20 11:40:28 UTC,research,CC-BY-NC,NA,843,false
Eulophia hians,2026-09-19 13:29:32 +0200,,"Mahogany Ridge, Pinetown, 3608, South Africa",-29.8169729861,30.812494475,NA,Yawning Harlequin,https://www.inaturalist.org/observations/401525599,https://static.inaturalist.org/photos/736983376/medium.jpg,nubigenus,401525599,Eulophia hians,Plantae,415244,1,0,2026-09-19 13:29:32,2026-09-19,2026-09-19 11:29:32 UTC,Pretoria,NA,NA,,open,false,gps,gps,3958502,Camilla Rose Christie,2026-09-19 14:08:02 UTC,2026-09-20 11:00:37 UTC,research,,NA,2,false
Eulophia tuberculata,2026-09-19 10:38:23 +0200,,"City of Tshwane, ZA-GT, ZA",-25.8741109584,27.9740932687,NA,Knobby Harlequin,https://www.inaturalist.org/observations/401513817,https://inaturalist-open-data.s3.amazonaws.com/photos/736959725/medium.jpg,liam_botha,401513817,Knobby Harlequin,Plantae,571054,1,0,2026-09-19 10:38:23+02:00,2026-09-19,2026-09-19 08:38:23 UTC,Pretoria,8,8,,open,false,,,4328498,Liam Botha,2026-09-19 13:21:25 UTC,2026-09-19 16:32:28 UTC,research,CC-BY-NC,NA,3,false
Eulophia tuberculata,2026-09-19 09:53:14 +0200,,"City of Tshwane, ZA-GT, ZA",-25.8518666262,27.9897320806,NA,Knobby Harlequin,https://www.inaturalist.org/observations/401513701,https://inaturalist-open-data.s3.amazonaws.com/photos/736959476/medium.jpg,liam_botha,401513701,Knobby Harlequin,Plantae,571054,1,0,2026-09-19 09:53:14+02:00,2026-09-19,2026-09-19 07:53:14 UTC,Pretoria,2557,2557,,open,false,,,4328498,Liam Botha,2026-09-19 13:20:48 UTC,2026-09-19 16:32:49 UTC,research,CC-BY-NC,NA,3,false
Eulophia tuberculata,2026-09-18 15:12:00 +0200,,"City of Tshwane Metropolitan Municipality, South Africa",-25.7719073997,28.6937427,NA,Knobby Harlequin,https://www.inaturalist.org/observations/401499296,https://inaturalist-open-data.s3.amazonaws.com/photos/736930907/medium.jpg,sp_bester,401499296,Knobby Harlequin,Plantae,571054,2,0,2026/09/18 3:12 PM,2026-09-18,2026-09-18 13:12:00 UTC,Pretoria,NA,NA,,open,false,,,799427,Pieter,2026-09-19 12:13:18 UTC,2026-09-20 16:50:11 UTC,research,CC-BY-NC,NA,NA,false
Eulophia hians hians,2026-09-18 15:09:00 +0200,,"City of Tshwane Metropolitan Municipality, South Africa",-25.7719744,28.6936332,NA,Blue Yawning Harlequin,https://www.inaturalist.org/observations/401499293,https://inaturalist-open-data.s3.amazonaws.com/photos/736930885/medium.jpg,sp_bester,401499293,Blue Yawning Harlequin,Plantae,599258,2,0,2026/09/18 3:09 PM,2026-09-18,2026-09-18 13:09:00 UTC,Pretoria,NA,NA,,open,false,,,799427,Pieter,2026-09-19 12:13:18 UTC,2026-09-20 12:08:36 UTC,research,CC-BY-NC,NA,NA,false
Eulophia cochlearis,2026-09-18 12:24:00 +0200,,"RCC, Garden Route District Municipality, South Africa",-34.0772083333,23.300475,NA,Spoon Cinderella Orchid,https://www.inaturalist.org/observations/401342239,https://inaturalist-open-data.s3.amazonaws.com/photos/736615301/medium.jpg,nicky,401342239,Spoon Cinderella Orchid,Plantae,1453532,3,0,2026/09/18 12:24 PM,2026-09-18,2026-09-18 10:24:00 UTC,Pretoria,2,2,,open,false,,,7682,Nicola van Berkel,2026-09-18 20:47:36 UTC,2026-09-20 16:32:04 UTC,research,CC-BY,NA,NA,false
Eulophia maculata,2026-09-18 17:19:16 -0300,,"Casimiro de Abreu - RJ, Brasil",-22.42840575,-42.03582,NA,Monk Orchid,https://www.inaturalist.org/observations/401337741,https://inaturalist-open-data.s3.amazonaws.com/photos/736608265/medium.jpg,thiagomajima,401337741,Orquídea-monge,Plantae,1453469,2,0,2026-09-18 17:19:16,2026-09-18,2026-09-18 20:19:16 UTC,Brasilia,NA,NA,,open,false,gps,gps,10838019,Thiago Majima,2026-09-18 20:28:44 UTC,2026-09-21 21:47:49 UTC,research,CC-BY-NC,NA,2,false
Eulophia graminea,2026-09-10 10:03:00 -0500,,"Montgomery, Texas, United States",30.20918333,-95.46168611,NA,Chinese Crown Orchid,https://www.inaturalist.org/observations/401265317,https://inaturalist-open-data.s3.amazonaws.com/photos/736469334/medium.jpg,drbh2o,401265317,Chinese Crown Orchid,Plantae,427629,1,0,2026/09/10 10:03 AM,2026-09-10,2026-09-10 15:03:00 UTC,Central Time (US & Canada),NA,NA,,,false,,,521220,Matt,2026-09-18 15:44:34 UTC,2026-09-19 11:18:05 UTC,research,CC-BY-NC,NA,NA,false
Eulophia graminea,2026-09-14 08:30:00 -0500,,"Montgomery, Texas, United States",30.20383889,-95.45831944,NA,Chinese Crown Orchid,https://www.inaturalist.org/observations/401265312,https://inaturalist-open-data.s3.amazonaws.com/photos/736469303/medium.jpg,drbh2o,401265312,Chinese Crown Orchid,Plantae,427629,1,0,2026/09/14 8:30 AM,2026-09-14,2026-09-14 13:30:00 UTC,Central Time (US & Canada),NA,NA,,,false,,,521220,Matt,2026-09-18 15:44:32 UTC,2026-09-19 11:17:54 UTC,research,CC-BY-NC,NA,NA,false
Eulophia picta,2026-09-14 10:52:00 +1000,,Australia,-27.0320409646,153.5442291363,NA,Shepherd's Crook Orchid,https://www.inaturalist.org/observations/401143493,https://inaturalist-open-data.s3.amazonaws.com/photos/736236742/medium.jpg,lthie,401143493,Shepherd's Crook Orchid,Plantae,1598926,1,0,2026/09/14 10:52 AM,2026-09-14,2026-09-14 00:52:00 UTC,Brisbane,228,29775,,obscured,true,,,5932097,,2026-09-18 02:58:45 UTC,2026-09-18 04:00:22 UTC,research,CC-BY-NC,NA,NA,false
Eulophia picta,2026-09-14 10:48:00 +1000,,Australia,-27.1010426736,153.4956612237,NA,Shepherd's Crook Orchid,https://www.inaturalist.org/observations/401141600,https://inaturalist-open-data.s3.amazonaws.com/photos/736234227/medium.jpg,lthie,401141600,Shepherd's Crook Orchid,Plantae,1598926,1,0,2026/09/14 10:48 AM,2026-09-14,2026-09-14 00:48:00 UTC,Brisbane,7,29775,,obscured,true,,,5932097,,2026-09-18 02:46:13 UTC,2026-09-18 03:59:27 UTC,research,CC-BY-NC,NA,NA,false
Eulophia maculata,2026-09-16 16:33:02 -0400,,"Oakland Park Boulevard & #1595 - (Days Inn), Oakland Park, FL 33309, USA",26.1668055556,-80.1617722222,NA,Monk Orchid,https://www.inaturalist.org/observations/401133922,https://inaturalist-open-data.s3.amazonaws.com/photos/736221032/medium.jpg,coreytcallaghan,401133922,Monk Orchid,Plantae,1453469,3,0,2026-09-16 16:33:02,2026-09-16,2026-09-16 20:33:02 UTC,Eastern Time (US & Canada),NA,NA,,open,false,gps,gps,1677488,Corey Callaghan,2026-09-18 02:04:21 UTC,2026-09-18 12:24:33 UTC,research,CC-BY-NC,NA,2,false
Eulophia maculata,2026-09-12 11:49:00 -0300,,"Campos dos Goytacazes - RJ, Brasil",-21.8049956824,-41.6731891335,NA,Monk Orchid,https://www.inaturalist.org/observations/401102280,https://inaturalist-open-data.s3.amazonaws.com/photos/736142950/medium.jpg,filipeprates,401102280,Orquídea-monge,Plantae,1453469,2,0,2026/09/12 11:49,2026-09-12,2026-09-12 14:49:00 UTC,Brasilia,615,615,,open,false,,,5669500,,2026-09-17 23:13:26 UTC,2026-09-18 04:06:29 UTC,research,CC-BY,NA,NA,false
Eulophia maculata,2026-09-16 13:40:47 -0400,,"Juniper-Poplar Hall, Tampa, FL 33620, USA",28.0602035278,-82.4204711667,NA,Monk Orchid,https://www.inaturalist.org/observations/401061520,https://inaturalist-open-data.s3.amazonaws.com/photos/736077752/medium.jpg,xanderferret,401061520,Monk Orchid,Plantae,1453469,2,0,2026-09-16 13:40:47,2026-09-16,2026-09-16 17:40:47 UTC,Eastern Time (US & Canada),NA,NA,,open,false,gps,gps,9687222,,2026-09-17 20:12:17 UTC,2026-09-18 04:13:59 UTC,research,CC-BY,NA,2,false
Eulophia maculata,2026-09-04 08:09:00 -0600,,"Cuitláhuac, Ver., México",18.754636,-96.734226,NA,Monk Orchid,https://www.inaturalist.org/observations/401056475,https://static.inaturalist.org/photos/736040256/medium.jpg,rodrigocarral,401056475,Orquídea monja africana,Plantae,1453469,2,0,2026/09/04 8:09 AM,2026-09-04,2026-09-04 14:09:00 UTC,Mexico City,NA,NA,,open,false,,,420342,José Rodrigo Carral Domínguez,2026-09-17 19:51:56 UTC,2026-09-20 17:56:22 UTC,research,,NA,NA,false
Eulophia bolusii,2026-09-17 08:52:27 +0200,,"Cape Peninsula, Cape Town, South Africa",-34.1356014507,18.3952967729,NA,Upside-down Sandy Cinderella Orchid,https://www.inaturalist.org/observations/401021400,https://inaturalist-open-data.s3.amazonaws.com/photos/735997373/medium.jpg,stuhall,401021400,Upside-down Sandy Cinderella Orchid,Plantae,1453534,2,0,2026-09-17 08:52:27,2026-09-17,2026-09-17 06:52:27 UTC,Pretoria,8,8,,open,false,,,775826,Stuart Hall,2026-09-17 17:27:23 UTC,2026-09-19 15:23:21 UTC,research,CC-BY-NC,NA,2,false
Eulophia streptopetala,2025-10-23 12:22:58 +0300,,"Meru, TZ",-3.23458,36.8411116667,NA,Twisted Harlequin,https://www.inaturalist.org/observations/400933277,https://static.inaturalist.org/photos/735829371/medium.jpg,donchelu,400933277,Eulophia streptopetala,Plantae,543627,2,0,2025-10-23 12:22:58,2025-10-23,2025-10-23 09:22:58 UTC,Nairobi,NA,NA,,,false,,,1297237,Donyo Gabriel,2026-09-17 09:57:55 UTC,2026-09-18 04:30:46 UTC,research,,NA,843,false
Eulophia maculata,2026-09-12 14:49:08 -0400,,"Bayamón, Cidra 00739, Puerto Rico",18.1817013889,-66.1432630556,NA,Monk Orchid,https://www.inaturalist.org/observations/400881608,https://inaturalist-open-data.s3.amazonaws.com/photos/735722112/medium.jpg,komille277,400881608,Monk Orchid,Plantae,1453469,2,0,2026-09-12 14:49:08,2026-09-12,2026-09-12 18:49:08 UTC,Puerto Rico,NA,NA,,open,false,gps,gps,844805,Kurt Miller,2026-09-17 01:52:42 UTC,2026-09-18 16:39:06 UTC,research,CC-BY-SA,NA,2,false
Eulophia graminea,2026-09-16 18:47:11 -0400,,"Pinellas Park, FL 33781, USA",27.84703466,-82.7079149,NA,Chinese Crown Orchid,https://www.inaturalist.org/observations/400847501,https://inaturalist-open-data.s3.amazonaws.com/photos/735650234/medium.jpg,robinson_s_11,400847501,Chinese Crown Orchid,Plantae,427629,1,0,2026-09-16 18:47:11,2026-09-16,2026-09-16 22:47:11 UTC,Eastern Time (US & Canada),3,3,,,false,,,2182539,Stephanie Robinson,2026-09-16 22:47:32 UTC,2026-09-17 00:32:07 UTC,research,CC-BY-NC,NA,2,false
Eulophia maculata,2026-09-16 16:56:28 -0400,,"Port Saint Lucie, FL, US",27.2698033333,-80.278825,NA,Monk Orchid,https://www.inaturalist.org/observations/400828910,https://inaturalist-open-data.s3.amazonaws.com/photos/735613371/medium.jpg,hardeeparty,400828910,Monk Orchid,Plantae,1453469,2,0,2026-09-16 16:56:28-04:00,2026-09-16,2026-09-16 20:56:28 UTC,Eastern Time (US & Canada),11,11,,open,false,,,8372098,James Hardee,2026-09-16 21:24:45 UTC,2026-09-19 12:00:46 UTC,research,,NA,3,false
Eulophia maculata,2026-09-16 10:52:39 -0600,,"Yaxcabá, Yuc., MX",20.3928883333,-88.675645,NA,Monk Orchid,https://www.inaturalist.org/observations/400779020,https://static.inaturalist.org/photos/735513196/medium.jpg,renan0604,400779020,Orquídea monja africana,Plantae,1453469,3,0,2026-09-16 10:52:39,2026-09-16,2026-09-16 16:52:39 UTC,America/Merida,4,4,,open,false,,,7059198,Renan Itzá Franco,2026-09-16 18:10:32 UTC,2026-09-17 18:38:32 UTC,research,,NA,843,false
Eulophia streptopetala,2026-09-16 12:47:43 +0300,,"Makuli Forest, Makueni, KE",-1.8195586698,37.5069699996,NA,Twisted Harlequin,https://www.inaturalist.org/observations/400753644,https://inaturalist-open-data.s3.amazonaws.com/photos/735461747/medium.jpg,ngumbauveronicah,400753644,Twisted Harlequin,Plantae,543627,1,0,2026-09-16 12:47:43,2026-09-16,2026-09-16 09:47:43 UTC,Nairobi,4,4,,,false,,,5073933,Ngumbau Veronicah,2026-09-16 16:25:59 UTC,2026-09-17 11:57:16 UTC,research,CC-BY-NC,NA,843,false
Eulophia tuberculata,2026-09-15 14:20:56 +0200,,"Krugersdorp, South Africa",-26.0012923315,27.8452955559,NA,Knobby Harlequin,https://www.inaturalist.org/observations/400692657,https://inaturalist-open-data.s3.amazonaws.com/photos/735343293/medium.jpg,richardgill,400692657,Knobby Harlequin,Plantae,571054,1,0,2026-09-15 14:20:56,2026-09-15,2026-09-15 12:20:56 UTC,Pretoria,215,215,,open,false,gps,gps,1288995,Richard Gill,2026-09-16 11:38:54 UTC,2026-09-16 12:00:04 UTC,research,CC-BY-NC,NA,2,false
Eulophia hians hians,2026-09-16 00:00:00 +0200,,"Carletonville, 2499, South Africa",-26.3798328884,27.4126868731,NA,Blue Yawning Harlequin,https://www.inaturalist.org/observations/400672787,https://inaturalist-open-data.s3.amazonaws.com/photos/735303787/medium.jpg,kyle_campbell1,400672787,Blue Yawning Harlequin,Plantae,599258,1,0,2026/09/16,2026-09-16,,Pretoria,100,100,,open,false,,,5171908,Kyle Campbell,2026-09-16 09:05:37 UTC,2026-09-22 12:44:00 UTC,research,CC-BY-ND,NA,NA,false
Eulophia maculata,2026-08-21 10:14:19 -0400,,Puerto Rico,18.1603481466,-65.5210741339,NA,Monk Orchid,https://www.inaturalist.org/observations/400597667,https://inaturalist-open-data.s3.amazonaws.com/photos/735158520/medium.jpg,omarmcarmona,400597667,Monk Orchid,Plantae,1453469,2,0,2026-08-21 10:14:19,2026-08-21,2026-08-21 14:14:19 UTC,Puerto Rico,51,30683,obscured,open,true,,,162314,Omar Monzon Carmona,2026-09-16 00:21:12 UTC,2026-09-18 16:40:30 UTC,research,CC-BY-NC,NA,843,false
Eulophia graminea,2026-09-15 16:42:14 -0400,,"SE Via Tesoro, Port Saint Lucie, FL, US",27.211655,-80.3275833333,NA,Chinese Crown Orchid,https://www.inaturalist.org/observations/400584700,https://inaturalist-open-data.s3.amazonaws.com/photos/735132336/medium.jpg,hardeeparty,400584700,Chinese Crown Orchid,Plantae,427629,3,0,2026-09-15 16:42:14-04:00,2026-09-15,2026-09-15 20:42:14 UTC,Eastern Time (US & Canada),3,3,,,false,,,8372098,James Hardee,2026-09-15 23:13:10 UTC,2026-09-16 12:45:39 UTC,research,,NA,3,false
Eulophia graminea,2026-09-15 17:45:43 -0400,Removed,"Mile Marker 87 Tavrnier, Islamorada, FL 33036, USA",24.9616699295,-80.5685320124,NA,Chinese Crown Orchid,https://www.inaturalist.org/observations/400567710,https://inaturalist-open-data.s3.amazonaws.com/photos/735097099/medium.jpg,lt422,400567710,Chinese Crown Orchid,Plantae,427629,2,0,2026-09-15 17:45:43,2026-09-15,2026-09-15 21:45:43 UTC,Eastern Time (US & Canada),8,8,,,false,gps,gps,294081,Liz T,2026-09-15 21:49:16 UTC,2026-09-16 12:45:50 UTC,research,CC-BY-NC,NA,2,false
Eulophia maculata,2026-09-15 10:38:39 -0500,,"Panamá, PA",8.9071866667,-79.6401216667,NA,Monk Orchid,https://www.inaturalist.org/observations/400484572,https://inaturalist-open-data.s3.amazonaws.com/photos/734925304/medium.jpg,kassrosario,400484572,Orquídea monja africana,Plantae,1453469,3,0,2026-09-15 10:38:39,2026-09-15,2026-09-15 15:38:39 UTC,America/Panama,2,2,,open,false,,,8188328,,2026-09-15 16:09:06 UTC,2026-09-16 00:59:01 UTC,research,CC-BY-NC,NA,843,false
Eulophia ramosa,2023-11-05 15:17:00 +0300,Photo Pierre Munch,"District d'Ihosy, Madagascar",-22.6439834008,45.3345607488,NA,,https://www.inaturalist.org/observations/400460164,https://inaturalist-open-data.s3.amazonaws.com/photos/734876912/medium.jpg,thierrycordenos,400460164,Eulophia ramosa,Plantae,482647,1,0,2023/11/05 15:17,2023-11-05,2023-11-05 12:17:00 UTC,Nairobi,15,15,,open,false,,,1609208,CORDENOS Thierry,2026-09-15 14:15:43 UTC,2026-09-24 11:19:20 UTC,research,CC-BY-NC,NA,NA,false
Eulophia hians hians,2026-09-15 00:00:00 +0200,,"Carletonville, 2499, South Africa",-26.3925967398,27.3514610897,NA,Blue Yawning Harlequin,https://www.inaturalist.org/observations/400450486,https://inaturalist-open-data.s3.amazonaws.com/photos/734858184/medium.jpg,kyle_campbell1,400450486,Blue Yawning Harlequin,Plantae,599258,1,0,2026/09/15,2026-09-15,,Pretoria,100,100,,open,false,,,5171908,Kyle Campbell,2026-09-15 13:30:53 UTC,2026-09-22 12:44:05 UTC,research,CC-BY-ND,NA,NA,false
Eulophia hians hians,2026-09-15 00:00:00 +0200,,"Carletonville, 2499, South Africa",-26.3925967398,27.3514610897,NA,Blue Yawning Harlequin,https://www.inaturalist.org/observations/400450451,https://inaturalist-open-data.s3.amazonaws.com/photos/734858103/medium.jpg,kyle_campbell1,400450451,Blue Yawning Harlequin,Plantae,599258,1,0,2026/09/15,2026-09-15,,Pretoria,100,100,,open,false,,,5171908,Kyle Campbell,2026-09-15 13:30:48 UTC,2026-09-16 12:32:46 UTC,research,CC-BY-ND,NA,NA,false
Eulophia hians hians,2026-09-15 00:00:00 +0200,,"Carletonville, 2499, South Africa",-26.3925967398,27.3514610897,NA,Blue Yawning Harlequin,https://www.inaturalist.org/observations/400450410,https://inaturalist-open-data.s3.amazonaws.com/photos/734857978/medium.jpg,kyle_campbell1,400450410,Blue Yawning Harlequin,Plantae,599258,1,0,2026/09/15,2026-09-15,,Pretoria,100,100,,open,false,,,5171908,Kyle Campbell,2026-09-15 13:30:41 UTC,2026-10-02 18:36:36 UTC,research,CC-BY-ND,NA,NA,false
Eulophia hians hians,2026-09-15 00:00:00 +0200,,"Carletonville, 2499, South Africa",-26.3925967398,27.3514610897,NA,Blue Yawning Harlequin,https://www.inaturalist.org/observations/400450404,https://inaturalist-open-data.s3.amazonaws.com/photos/734857849/medium.jpg,kyle_campbell1,400450404,Blue Yawning Harlequin,Plantae,599258,1,0,2026/09/15,2026-09-15,,Pretoria,100,100,,open,false,,,5171908,Kyle Campbell,2026-09-15 13:30:39 UTC,2026-10-02 18:36:39 UTC,research,CC-BY-ND,NA,NA,false
Eulophia hians hians,2026-09-15 00:00:00 +0200,,"Carletonville, 2499, South Africa",-26.3925967398,27.3514610897,NA,Blue Yawning Harlequin,https://www.inaturalist.org/observations/400450401,https://inaturalist-open-data.s3.amazonaws.com/photos/734857846/medium.jpg,kyle_campbell1,400450401,Blue Yawning Harlequin,Plantae,599258,1,0,2026/09/15,2026-09-15,,Pretoria,100,100,,open,false,,,5171908,Kyle Campbell,2026-09-15 13:30:38 UTC,2026-10-02 18:36:39 UTC,research,CC-BY-ND,NA,NA,false
Eulophia hians hians,2026-09-15 00:00:00 +0200,,"Carletonville, 2499, South Africa",-26.3925967398,27.3514610897,NA,Blue Yawning Harlequin,https://www.inaturalist.org/observations/400450399,https://inaturalist-open-data.s3.amazonaws.com/photos/734857844/medium.jpg,kyle_campbell1,400450399,Blue Yawning Harlequin,Plantae,599258,1,0,2026/09/15,2026-09-15,,Pretoria,100,100,,open,false,,,5171908,Kyle Campbell,2026-09-15 13:30:38 UTC,2026-10-02 18:36:40 UTC,research,CC-BY-ND,NA,NA,false
Eulophia hians hians,2026-09-15 00:00:00 +0200,,"Carletonville, 2499, South Africa",-26.3933463611,27.3486501347,NA,Blue Yawning Harlequin,https://www.inaturalist.org/observations/400447331,https://inaturalist-open-data.s3.amazonaws.com/photos/734851463/medium.jpg,kyle_campbell1,400447331,Blue Yawning Harlequin,Plantae,599258,1,0,2026/09/15,2026-09-15,,Pretoria,100,100,,open,false,,,5171908,Kyle Campbell,2026-09-15 13:16:09 UTC,2026-10-02 18:36:41 UTC,research,CC-BY-ND,NA,NA,false
Eulophia hians hians,2026-09-15 00:00:00 +0200,,"Carletonville, 2499, South Africa",-26.3933463611,27.3486501347,NA,Blue Yawning Harlequin,https://www.inaturalist.org/observations/400447325,https://inaturalist-open-data.s3.amazonaws.com/photos/734851462/medium.jpg,kyle_campbell1,400447325,Blue Yawning Harlequin,Plantae,599258,1,0,2026/09/15,2026-09-15,,Pretoria,100,100,,open,false,,,5171908,Kyle Campbell,2026-09-15 13:16:07 UTC,2026-10-02 18:36:42 UTC,research,CC-BY-ND,NA,NA,false
Eulophia hians hians,2026-09-15 00:00:00 +0200,,"Carletonville, 2499, South Africa",-26.3933463611,27.3486501347,NA,Blue Yawning Harlequin,https://www.inaturalist.org/observations/400447324,https://inaturalist-open-data.s3.amazonaws.com/photos/734851442/medium.jpg,kyle_campbell1,400447324,Blue Yawning Harlequin,Plantae,599258,1,0,2026/09/15,2026-09-15,,Pretoria,100,100,,open,false,,,5171908,Kyle Campbell,2026-09-15 13:16:07 UTC,2026-10-02 18:36:43 UTC,research,CC-BY-ND,NA,NA,false
Eulophia hians hians,2026-09-15 00:00:00 +0200,,"Carletonville, 2499, South Africa",-26.3933463611,27.3486501347,NA,Blue Yawning Harlequin,https://www.inaturalist.org/observations/400447323,https://inaturalist-open-data.s3.amazonaws.com/photos/734851430/medium.jpg,kyle_campbell1,400447323,Blue Yawning Harlequin,Plantae,599258,1,0,2026/09/15,2026-09-15,,Pretoria,100,100,,open,false,,,5171908,Kyle Campbell,2026-09-15 13:16:07 UTC,2026-10-02 18:36:46 UTC,research,CC-BY-ND,NA,NA,false
Eulophia hians hians,2026-09-15 00:00:00 +0200,,"Carletonville, 2499, South Africa",-26.3933463611,27.3486501347,NA,Blue Yawning Harlequin,https://www.inaturalist.org/observations/400447318,https://inaturalist-open-data.s3.amazonaws.com/photos/734851427/medium.jpg,kyle_campbell1,400447318,Blue Yawning Harlequin,Plantae,599258,1,0,2026/09/15,2026-09-15,,Pretoria,100,100,,open,false,,,5171908,Kyle Campbell,2026-09-15 13:16:05 UTC,2026-10-02 18:36:47 UTC,research,CC-BY-ND,NA,NA,false
Eulophia hians hians,2026-09-15 00:00:00 +0200,,"Carletonville, 2499, South Africa",-26.3933463611,27.3486501347,NA,Blue Yawning Harlequin,https://www.inaturalist.org/observations/400447317,https://inaturalist-open-data.s3.amazonaws.com/photos/734851406/medium.jpg,kyle_campbell1,400447317,Blue Yawning Harlequin,Plantae,599258,1,0,2026/09/15,2026-09-15,,Pretoria,100,100,,open,false,,,5171908,Kyle Campbell,2026-09-15 13:16:05 UTC,2026-10-02 18:36:49 UTC,research,CC-BY-ND,NA,NA,false
Eulophia hians hians,2026-09-15 00:00:00 +0200,,"Carletonville, 2499, South Africa",-26.3933463611,27.3486501347,NA,Blue Yawning Harlequin,https://www.inaturalist.org/observations/400447315,https://inaturalist-open-data.s3.amazonaws.com/photos/734851392/medium.jpg,kyle_campbell1,400447315,Blue Yawning Harlequin,Plantae,599258,1,0,2026/09/15,2026-09-15,,Pretoria,100,100,,open,false,,,5171908,Kyle Campbell,2026-09-15 13:16:04 UTC,2026-10-02 18:36:52 UTC,research,CC-BY-ND,NA,NA,false
Eulophia hians hians,2026-09-15 00:00:00 +0200,,"Carletonville, 2499, South Africa",-26.3933463611,27.3486501347,NA,Blue Yawning Harlequin,https://www.inaturalist.org/observations/400447311,https://inaturalist-open-data.s3.amazonaws.com/photos/734851347/medium.jpg,kyle_campbell1,400447311,Blue Yawning Harlequin,Plantae,599258,1,0,2026/09/15,2026-09-15,,Pretoria,100,100,,open,false,,,5171908,Kyle Campbell,2026-09-15 13:16:03 UTC,2026-10-02 18:36:54 UTC,research,CC-BY-ND,NA,NA,false
Eulophia hians hians,2026-09-15 00:00:00 +0200,,"Carletonville, 2499, South Africa",-26.3933463611,27.3486501347,NA,Blue Yawning Harlequin,https://www.inaturalist.org/observations/400447310,https://inaturalist-open-data.s3.amazonaws.com/photos/734851358/medium.jpg,kyle_campbell1,400447310,Blue Yawning Harlequin,Plantae,599258,1,0,2026/09/15,2026-09-15,,Pretoria,100,100,,open,false,,,5171908,Kyle Campbell,2026-09-15 13:16:03 UTC,2026-10-02 18:36:55 UTC,research,CC-BY-ND,NA,NA,false
Eulophia hians inaequalis,2026-09-15 00:00:00 +0200,,"Carletonville, 2499, South Africa",-26.4036661534,27.4557456736,NA,Yellow Yawning Harlequin,https://www.inaturalist.org/observations/400417686,https://inaturalist-open-data.s3.amazonaws.com/photos/734793968/medium.jpg,kyle_campbell1,400417686,Yellow Yawning Harlequin,Plantae,599259,1,0,2026/09/15,2026-09-15,,Pretoria,50,50,,open,false,,,5171908,Kyle Campbell,2026-09-15 09:50:15 UTC,2026-09-22 12:44:32 UTC,research,CC-BY-ND,NA,NA,false
Eulophia hians inaequalis,2026-09-15 00:00:00 +0200,,"Carletonville, 2499, South Africa",-26.4030006949,27.4573566198,NA,Yellow Yawning Harlequin,https://www.inaturalist.org/observations/400416559,https://inaturalist-open-data.s3.amazonaws.com/photos/734791600/medium.jpg,kyle_campbell1,400416559,Yellow Yawning Harlequin,Plantae,599259,1,0,2026/09/15,2026-09-15,,Pretoria,50,50,,open,false,,,5171908,Kyle Campbell,2026-09-15 09:40:58 UTC,2026-09-22 12:44:42 UTC,research,CC-BY-ND,NA,NA,false
Eulophia hians inaequalis,2026-09-15 00:00:00 +0200,,"Carletonville, 2499, South Africa",-26.4030006949,27.4573566198,NA,Yellow Yawning Harlequin,https://www.inaturalist.org/observations/400416558,https://inaturalist-open-data.s3.amazonaws.com/photos/734791596/medium.jpg,kyle_campbell1,400416558,Yellow Yawning Harlequin,Plantae,599259,1,0,2026/09/15,2026-09-15,,Pretoria,50,50,,open,false,,,5171908,Kyle Campbell,2026-09-15 09:40:58 UTC,2026-09-15 10:43:16 UTC,research,CC-BY-ND,NA,NA,false
Eulophia hians hians,2026-09-15 00:00:00 +0200,,"Carletonville, 2499, South Africa",-26.4024084411,27.4581010323,NA,Blue Yawning Harlequin,https://www.inaturalist.org/observations/400416152,https://inaturalist-open-data.s3.amazonaws.com/photos/734790879/medium.jpg,kyle_campbell1,400416152,Blue Yawning Harlequin,Plantae,599258,1,0,2026/09/15,2026-09-15,,Pretoria,50,50,,open,false,,,5171908,Kyle Campbell,2026-09-15 09:36:50 UTC,2026-10-02 18:36:57 UTC,research,CC-BY-ND,NA,NA,false
Eulophia hians hians,2026-09-15 00:00:00 +0200,,"Carletonville, 2499, South Africa",-26.4024084411,27.4581010323,NA,Blue Yawning Harlequin,https://www.inaturalist.org/observations/400416150,https://inaturalist-open-data.s3.amazonaws.com/photos/734790877/medium.jpg,kyle_campbell1,400416150,Blue Yawning Harlequin,Plantae,599258,1,0,2026/09/15,2026-09-15,,Pretoria,50,50,,open,false,,,5171908,Kyle Campbell,2026-09-15 09:36:49 UTC,2026-09-15 13:15:34 UTC,research,CC-BY-ND,NA,NA,false
Eulophia hians hians,2026-09-15 00:00:00 +0200,,"Carletonville, 2499, South Africa",-26.4024084411,27.4581010323,NA,Blue Yawning Harlequin,https://www.inaturalist.org/observations/400416148,https://inaturalist-open-data.s3.amazonaws.com/photos/734790878/medium.jpg,kyle_campbell1,400416148,Blue Yawning Harlequin,Plantae,599258,1,0,2026/09/15,2026-09-15,,Pretoria,50,50,,open,false,,,5171908,Kyle Campbell,2026-09-15 09:36:49 UTC,2026-09-15 13:15:42 UTC,research,CC-BY-ND,NA,NA,false
Eulophia hians hians,2026-09-15 00:00:00 +0200,,"Carletonville, 2499, South Africa",-26.3996431168,27.4591642989,NA,Blue Yawning Harlequin,https://www.inaturalist.org/observations/400413761,https://inaturalist-open-data.s3.amazonaws.com/photos/734787796/medium.jpg,kyle_campbell1,400413761,Blue Yawning Harlequin,Plantae,599258,1,0,2026/09/15,2026-09-15,,Pretoria,50,50,,open,false,,,5171908,Kyle Campbell,2026-09-15 09:16:46 UTC,2026-10-02 18:36:59 UTC,research,CC-BY-ND,NA,NA,false
Eulophia hians hians,2026-09-15 00:00:00 +0200,,"Carletonville, 2499, South Africa",-26.3996431168,27.4591642989,NA,Blue Yawning Harlequin,https://www.inaturalist.org/observations/400413760,https://inaturalist-open-data.s3.amazonaws.com/photos/734787789/medium.jpg,kyle_campbell1,400413760,Blue Yawning Harlequin,Plantae,599258,1,0,2026/09/15,2026-09-15,,Pretoria,50,50,,open,false,,,5171908,Kyle Campbell,2026-09-15 09:16:46 UTC,2026-09-15 13:16:14 UTC,research,CC-BY-ND,NA,NA,false
Eulophia picta,2026-08-31 13:33:37 +1000,,Australia,-27.8407266183,153.5623184349,NA,Shepherd's Crook Orchid,https://www.inaturalist.org/observations/400394825,https://inaturalist-open-data.s3.amazonaws.com/photos/734748990/medium.jpg,s1llydegenerate,400394825,Shepherd's Crook Orchid,Plantae,1598926,1,0,2026-08-31 13:33:37,2026-08-31,2026-08-31 03:33:37 UTC,Brisbane,3,29680,,obscured,true,,,10909943,Jordan K,2026-09-15 06:30:38 UTC,2026-09-15 06:40:58 UTC,research,CC-BY-NC,NA,843,false
Eulophia maculata,2026-09-12 12:17:00 -0600,,"92888 Ver., México",20.9698667669,-97.3545282707,NA,Monk Orchid,https://www.inaturalist.org/observations/400314886,https://inaturalist-open-data.s3.amazonaws.com/photos/734578001/medium.jpg,gacela_thompson,400314886,Orquídea monja africana,Plantae,1453469,2,0,2026-09-12 12:17:00,2026-09-12,2026-09-12 18:17:00 UTC,Mexico City,34,34,,open,false,gps,gps,8330174,Jose Pablo Cobos Banda,2026-09-14 22:18:02 UTC,2026-09-16 15:07:22 UTC,research,CC-BY-NC,NA,2,false
Eulophia maculata,2026-08-20 10:38:00 -0600,,"Santa Cruz de Yojoa, Cortés, Honduras",14.9364087876,-87.8894826685,NA,Monk Orchid,https://www.inaturalist.org/observations/400302057,https://inaturalist-open-data.s3.amazonaws.com/photos/734550241/medium.jpg,skiperpagany,400302057,Monk Orchid,Plantae,1453469,1,0,2026/08/20 10:38 AM,2026-08-20,2026-08-20 16:38:00 UTC,America/Tegucigalpa,146,146,,open,false,,,5952226,Mattis Hernández-Pagany,2026-09-14 21:22:11 UTC,2026-09-16 05:13:32 UTC,research,CC-BY-NC,NA,NA,false
Eulophia maculata,2026-09-14 06:38:38 -0500,,"479W+C9J, Gamboa, Colón Province, Panama",9.1182918333,-79.7036514167,NA,Monk Orchid,https://www.inaturalist.org/observations/400259931,https://static.inaturalist.org/photos/734464396/medium.jpg,pascual_bio,400259931,Monk Orchid,Plantae,1453469,2,0,2026-09-14 06:38:38,2026-09-14,2026-09-14 11:38:38 UTC,America/Panama,NA,NA,,open,false,gps,gps,8220994,Pascual David Figueroa,2026-09-14 18:22:34 UTC,2026-09-15 19:56:34 UTC,research,,NA,2,false
Eulophia pratensis,2023-01-09 16:06:58 +0530,,"Maharashtra, IN",17.6685453838,74.1173982303,NA,Meadow Eulophia,https://www.inaturalist.org/observations/400240835,https://inaturalist-open-data.s3.amazonaws.com/photos/734425556/medium.jpg,aakashraut,400240835,Meadow Eulophia,Plantae,851200,1,0,2023-01-09 16:06:58,2023-01-09,2023-01-09 10:36:58 UTC,New Delhi,110398,110398,obscured,,true,gps,gps,1406449,Aakash Raut,2026-09-14 17:04:26 UTC,2026-09-15 06:58:30 UTC,research,CC-BY-NC,NA,2,false
Eulophia hians,2026-09-14 16:52:41 +0200,,"Gert Sibande, ZA-MP, ZA",-26.962935744,30.6364109213,NA,Yawning Harlequin,https://www.inaturalist.org/observations/400222897,https://inaturalist-open-data.s3.amazonaws.com/photos/734391577/medium.jpg,sanele73236,400222897,Yawning Harlequin,Plantae,415244,2,0,2026-09-14 16:52:41+02:00,2026-09-14,2026-09-14 14:52:41 UTC,Pretoria,591,591,,open,false,,,10621475,Sanele Zuma,2026-09-14 15:51:14 UTC,2026-09-17 13:58:29 UTC,research,CC-BY-NC,NA,3,false
Eulophia hians,2026-09-14 16:49:55 +0200,,"Gert Sibande, ZA-MP, ZA",-26.9630593731,30.6384888196,NA,Yawning Harlequin,https://www.inaturalist.org/observations/400222560,https://inaturalist-open-data.s3.amazonaws.com/photos/734390888/medium.jpg,sanele73236,400222560,Yawning Harlequin,Plantae,415244,1,0,2026-09-14 16:49:55+02:00,2026-09-14,2026-09-14 14:49:55 UTC,Pretoria,1519,1519,,open,false,,,10621475,Sanele Zuma,2026-09-14 15:49:57 UTC,2026-09-20 08:27:33 UTC,research,CC-BY-NC,NA,3,false
Eulophia hians hians,2026-09-14 00:00:00 +0200,,"West Rand District Municipality, South Africa",-26.4146286003,27.4907233961,NA,Blue Yawning Harlequin,https://www.inaturalist.org/observations/400195357,https://inaturalist-open-data.s3.amazonaws.com/photos/734335362/medium.jpg,kyle_campbell1,400195357,Blue Yawning Harlequin,Plantae,599258,1,0,2026/09/14,2026-09-14,,Pretoria,100,100,,open,false,,,5171908,Kyle Campbell,2026-09-14 13:51:44 UTC,2026-10-02 18:36:59 UTC,research,CC-BY-ND,NA,NA,false
Eulophia hians hians,2026-09-14 00:00:00 +0200,,"West Rand District Municipality, South Africa",-26.4146286003,27.4907233961,NA,Blue Yawning Harlequin,https://www.inaturalist.org/observations/400195356,https://inaturalist-open-data.s3.amazonaws.com/photos/734335356/medium.jpg,kyle_campbell1,400195356,Blue Yawning Harlequin,Plantae,599258,1,0,2026/09/14,2026-09-14,,Pretoria,100,100,,open,false,,,5171908,Kyle Campbell,2026-09-14 13:51:44 UTC,2026-10-02 18:37:00 UTC,research,CC-BY-ND,NA,NA,false
Eulophia picta,2026-07-18 12:00:46 +0530,,"Kolhapur, IN-MH, IN",16.579047992,73.8209971518,NA,Shepherd's Crook Orchid,https://www.inaturalist.org/observations/400134141,https://inaturalist-open-data.s3.amazonaws.com/photos/734214568/medium.jpg,aakashraut,400134141,Shepherd's Crook Orchid,Plantae,1598926,1,0,2026-07-18 12:00:46,2026-07-18,2026-07-18 06:30:46 UTC,New Delhi,226,30810,obscured,,true,gps,gps,1406449,Aakash Raut,2026-09-14 07:21:37 UTC,2026-09-14 09:43:33 UTC,research,CC-BY-NC,NA,2,false
Eulophia graminea,2026-09-13 18:38:39 -0400,Probably from wood chip mulch,"Northbound NE 9th Street @ NE 8th Avenue, Gainesville, FL 32601, USA",29.661025,-82.3150611111,NA,Chinese Crown Orchid,https://www.inaturalist.org/observations/400041685,https://inaturalist-open-data.s3.amazonaws.com/photos/734022325/medium.jpg,riibe,400041685,Chinese Crown Orchid,Plantae,427629,2,0,2026-09-13 18:38:39,2026-09-13,2026-09-13 22:38:39 UTC,Eastern Time (US & Canada),NA,NA,,,false,gps,gps,781589,Lindsey Riibe,2026-09-13 22:57:09 UTC,2026-09-14 04:19:28 UTC,research,,NA,2,false
Eulophia maculata,2026-09-13 17:50:26 -0400,,"Florida, US",28.1909998237,-82.6987869718,NA,Monk Orchid,https://www.inaturalist.org/observations/400029753,https://inaturalist-open-data.s3.amazonaws.com/photos/733999062/medium.jpg,okeefem009,400029753,Monk Orchid,Plantae,1453469,2,0,2026-09-13 17:50:26,2026-09-13,2026-09-13 21:50:26 UTC,Eastern Time (US & Canada),4,29656,obscured,open,true,,,6426672,,2026-09-13 22:10:09 UTC,2026-09-14 13:10:46 UTC,research,CC-BY-NC,NA,843,false
Eulophia maculata,2026-09-13 00:00:00 -0500,,"Polk County, FL, USA",28.1575153887,-81.5642110513,NA,Monk Orchid,https://www.inaturalist.org/observations/399997367,https://inaturalist-open-data.s3.amazonaws.com/photos/733920648/medium.jpg,j_appleget,399997367,Monk Orchid,Plantae,1453469,3,0,2026/09/13 AM,2026-09-13,,Eastern Time (US & Canada),8,8,,open,false,,,472267,,2026-09-13 20:17:39 UTC,2026-09-14 13:37:18 UTC,research,CC-BY-NC,NA,NA,false
Eulophia katangensis,2026-09-13 14:54:34 +0200,,"Lusaka, ZM",-15.4442383333,28.41787,NA,,https://www.inaturalist.org/observations/399927851,https://inaturalist-open-data.s3.amazonaws.com/photos/733800987/medium.jpg,troos,399927851,Eulophia katangensis,Plantae,140701,2,0,2026-09-13 14:54:34,2026-09-13,2026-09-13 12:54:34 UTC,Africa/Lusaka,10,10,,open,false,,,1109131,Troos van der Merwe,2026-09-13 16:33:54 UTC,2026-09-17 11:59:29 UTC,research,CC-BY-NC,NA,843,false
Eulophia katangensis,2026-09-13 15:03:36 +0200,Very cryptic species!!,"Lusaka, ZM",-15.4430366667,28.4166416667,NA,,https://www.inaturalist.org/observations/399927693,https://inaturalist-open-data.s3.amazonaws.com/photos/733800406/medium.jpg,troos,399927693,Eulophia katangensis,Plantae,140701,2,0,2026-09-13 15:03:36,2026-09-13,2026-09-13 13:03:36 UTC,Africa/Lusaka,8,8,,open,false,,,1109131,Troos van der Merwe,2026-09-13 16:33:24 UTC,2026-09-17 11:59:32 UTC,research,CC-BY-NC,NA,843,false
Eulophia maculata,2026-09-13 11:26:11 -0400,,"Lakeside Trail, Sunrise, FL, US",26.1340471667,-80.3554216667,NA,Monk Orchid,https://www.inaturalist.org/observations/399906443,https://static.inaturalist.org/photos/733762278/medium.jpg,kelpforest,399906443,Monk Orchid,Plantae,1453469,2,0,2026-09-13 11:26:11,2026-09-13,2026-09-13 15:26:11 UTC,Eastern Time (US & Canada),2,2,,open,false,,,736789,Kayla Fulp,2026-09-13 15:28:11 UTC,2026-09-14 13:39:22 UTC,research,,NA,843,false
Eulophia hians inaequalis,2026-09-12 09:18:32 +0200,,"Greater Tzaneen Local Municipality, South Africa",-23.9462941222,29.9539347083,NA,Yellow Yawning Harlequin,https://www.inaturalist.org/observations/399877671,https://inaturalist-open-data.s3.amazonaws.com/photos/733708515/medium.jpg,vince-egan,399877671,Yellow Yawning Harlequin,Plantae,599259,2,0,2026-09-12 09:18:32,2026-09-12,2026-09-12 07:18:32 UTC,Pretoria,NA,NA,,open,false,gps,gps,6989,Vincent Egan,2026-09-13 13:55:42 UTC,2026-09-13 17:57:40 UTC,research,CC-BY,NA,2,false
Eulophia alta,2026-09-01 14:22:41 -0400,,"Collier County, US-FL, US",26.1268070963,-81.427864688,NA,Wild Coco,https://www.inaturalist.org/observations/399875470,https://static.inaturalist.org/photos/733705007/medium.jpg,beesimps,399875470,Wild Coco,Plantae,162776,1,0,2026-09-01 14:22:41-04:00,2026-09-01,2026-09-01 18:22:41 UTC,Eastern Time (US & Canada),4,29891,obscured,,true,,,4530284,"Bethany A. Simpson, MSc",2026-09-13 13:48:32 UTC,2026-09-16 12:54:43 UTC,research,,NA,3,false
Eulophia maculata,2026-09-08 09:49:11 -0400,Spoonbill Marsh water treatment facility.,"Winter Beach, FL 32967, USA",27.6970333333,-80.4125861111,NA,Monk Orchid,https://www.inaturalist.org/observations/399860266,https://inaturalist-open-data.s3.amazonaws.com/photos/733675174/medium.jpg,pisaunt,399860266,Monk Orchid,Plantae,1453469,2,0,2026-09-08 09:49:11,2026-09-08,2026-09-08 13:49:11 UTC,Eastern Time (US & Canada),NA,NA,,open,false,gps,gps,2046795,Patric Carpenter,2026-09-13 12:49:14 UTC,2026-09-16 12:57:42 UTC,research,,NA,2,false
Eulophia siamensis,2026-09-13 10:20:31 +0700,,PHQF+XFQ ตำบล น้ำหนาว อำเภอ น้ำหนาว เพชรบูรณ์ 67260 ประเทศไทย,16.7399535306,101.5737191588,NA,,https://www.inaturalist.org/observations/399858093,https://inaturalist-open-data.s3.amazonaws.com/photos/733671350/medium.jpg,kudoshinichi,399858093,Eulophia siamensis,Plantae,1497704,1,0,2026-09-13 10:20:31,2026-09-13,2026-09-13 03:20:31 UTC,Hanoi,186,186,,,false,,,10326784,Chatuphon Butdaphim,2026-09-13 12:41:21 UTC,2026-09-14 13:55:53 UTC,research,CC-BY-NC,NA,2,false
Eulophia katangensis,2026-09-13 11:24:08 +0200,,"Msasa, Harare, Zimbabwe",-17.8436709329,31.0914889723,NA,,https://www.inaturalist.org/observations/399826517,https://inaturalist-open-data.s3.amazonaws.com/photos/733607906/medium.jpg,scurle,399826517,Eulophia katangensis,Plantae,140701,1,0,2026-09-13 11:24:08,2026-09-13,2026-09-13 09:24:08 UTC,Harare,1725,1725,,open,false,gps,gps,6279607,,2026-09-13 09:46:50 UTC,2026-09-14 13:49:16 UTC,research,CC-BY-NC,NA,2,false
Eulophia tuberculata,2026-09-13 09:23:14 +0200,,"Msasa, Harare, Zimbabwe",-17.8451773053,31.090220958,NA,Knobby Harlequin,https://www.inaturalist.org/observations/399815097,https://inaturalist-open-data.s3.amazonaws.com/photos/733584169/medium.jpg,scurle,399815097,Knobby Harlequin,Plantae,571054,1,0,2026-09-13 09:23:14,2026-09-13,2026-09-13 07:23:14 UTC,Harare,1728,1728,,,false,gps,gps,6279607,,2026-09-13 08:28:54 UTC,2026-09-14 13:49:37 UTC,research,CC-BY-NC,NA,2,false
Eulophia maculata,2026-09-12 12:50:01 -0600,Ejemplar que se salió de las colecciones y ahora se encuentra en los senderos del Jardín botánico ,"Jardín Botanico Vallarta, Cabo Corrientes, Jal., MX",20.466855,-105.294975,NA,Monk Orchid,https://www.inaturalist.org/observations/399809849,https://static.inaturalist.org/photos/733573526/medium.jpg,andyplantbased,399809849,Orquídea monja africana,Plantae,1453469,1,0,2026-09-12 12:50:01-06:00,2026-09-12,2026-09-12 18:50:01 UTC,Mexico City,4,4,,open,false,,,7259694,André Ortiz,2026-09-13 07:53:45 UTC,2026-09-14 15:00:12 UTC,research,,NA,3,false
Eulophia saxicola,2026-09-13 08:40:59 +0200,,"Msasa, Harare, Zimbabwe",-17.8437555071,31.0916763917,NA,,https://www.inaturalist.org/observations/399800602,https://inaturalist-open-data.s3.amazonaws.com/photos/733554253/medium.jpg,scurle,399800602,Eulophia saxicola,Plantae,1564512,1,0,2026-09-13 08:40:59,2026-09-13,2026-09-13 06:40:59 UTC,Harare,1240,1240,,,false,gps,gps,6279607,,2026-09-13 06:42:44 UTC,2026-09-13 07:56:41 UTC,research,CC-BY-NC,NA,2,false
Eulophia maculata,2026-09-11 13:42:09 -0400,,"Temple Terrace, FL, USA",28.0366325278,-82.3732986389,NA,Monk Orchid,https://www.inaturalist.org/observations/399773606,https://inaturalist-open-data.s3.amazonaws.com/photos/733500824/medium.jpg,xanderferret,399773606,Monk Orchid,Plantae,1453469,2,0,2026-09-11 13:42:09,2026-09-11,2026-09-11 17:42:09 UTC,Eastern Time (US & Canada),NA,NA,,open,false,gps,gps,9687222,,2026-09-13 03:52:37 UTC,2026-09-16 12:58:00 UTC,research,CC-BY,NA,2,false
Eulophia maculata,2026-09-10 11:44:34 -0600,,"91244 Ver., Mexico",19.3993725395,-96.9510708097,NA,Monk Orchid,https://www.inaturalist.org/observations/399747078,https://static.inaturalist.org/photos/733446902/medium.jpg,lupitachavezhdez,399747078,Orquídea monja africana,Plantae,1453469,2,0,2026-09-10 11:44:34,2026-09-10,2026-09-10 17:44:34 UTC,Mexico City,11,11,,open,false,,,78008,María Chávez Hernández,2026-09-13 01:44:47 UTC,2026-09-14 18:47:51 UTC,research,CC-BY,NA,2,false
Eulophia maculata,2026-09-12 13:59:11 -0300,,"Matelândia, PR, 85887-000, Brasil",-25.2380692833,-53.9878443167,NA,Monk Orchid,https://www.inaturalist.org/observations/399707542,https://inaturalist-open-data.s3.amazonaws.com/photos/733366293/medium.jpg,ronyristow,399707542,Orquídea-monge,Plantae,1453469,1,0,2026-09-12 13:59:11,2026-09-12,2026-09-12 16:59:11 UTC,Brasilia,2,2,,open,false,,,4431699,Rony Ristow,2026-09-12 22:58:32 UTC,2026-09-13 04:13:23 UTC,research,CC-BY,NA,2,false
Eulophia graminea,2026-08-29 10:12:41 -0400,,"Reed Ave, Melbourne, FL, US",28.0712055,-80.63092,NA,Chinese Crown Orchid,https://www.inaturalist.org/observations/399689101,https://inaturalist-open-data.s3.amazonaws.com/photos/733329648/medium.jpg,carbinecartridge,399689101,Chinese Crown Orchid,Plantae,427629,1,0,2026-08-29 10:12:41,2026-08-29,2026-08-29 14:12:41 UTC,Eastern Time (US & Canada),4,4,,,false,,,9203813,Rohan,2026-09-12 21:48:33 UTC,2026-09-13 06:14:30 UTC,research,CC-BY-NC,NA,843,false
Eulophia graminea,2026-09-12 17:22:09 -0400,,"Nocatee, FL, USA",30.0619071163,-81.3858566713,NA,Chinese Crown Orchid,https://www.inaturalist.org/observations/399681252,https://static.inaturalist.org/photos/733314662/medium.jpg,donkelly,399681252,Chinese Crown Orchid,Plantae,427629,2,0,2026-09-12 17:22:09,2026-09-12,2026-09-12 21:22:09 UTC,Eastern Time (US & Canada),1,1,,,false,,,2130967,Don Kelly,2026-09-12 21:22:56 UTC,2026-10-03 18:43:23 UTC,research,,NA,2,false
Eulophia speciosa,2026-09-11 09:37:00 +0200,,"iLembe District Municipality, South Africa",-29.0653804365,31.6527358946,NA,Golden Harlequin,https://www.inaturalist.org/observations/399675162,https://inaturalist-open-data.s3.amazonaws.com/photos/733294721/medium.jpg,louws,399675162,Golden Harlequin,Plantae,140704,1,0,2026/09/11 9:37 AM,2026-09-11,2026-09-11 07:37:00 UTC,Pretoria,2,2,,open,false,,,832118,Sharon Louw,2026-09-12 21:02:47 UTC,2026-09-13 04:25:15 UTC,research,CC-BY-NC,NA,NA,false
Eulophia hians,2026-09-11 14:21:00 +0200,,"City of Tshwane Metropolitan Municipality, South Africa",-25.7685300997,28.4351826997,NA,Yawning Harlequin,https://www.inaturalist.org/observations/399632293,https://inaturalist-open-data.s3.amazonaws.com/photos/733217000/medium.jpg,sp_bester,399632293,Yawning Harlequin,Plantae,415244,1,0,2026/09/11 2:21 PM,2026-09-11,2026-09-11 12:21:00 UTC,Pretoria,NA,NA,,open,false,,,799427,Pieter,2026-09-12 18:44:28 UTC,2026-09-13 09:06:06 UTC,research,CC-BY-NC,NA,NA,false
Eulophia cochlearis,2026-09-12 16:46:30 +0200,,"Buffalo City Metropolitan Municipality, South Africa",-33.1432153,27.6305748997,NA,Spoon Cinderella Orchid,https://www.inaturalist.org/observations/399577106,https://static.inaturalist.org/photos/733134362/medium.jpg,wolf_butler,399577106,Eulophia cochlearis,Plantae,1453532,1,0,2026-09-12 16:46:30,2026-09-12,2026-09-12 14:46:30 UTC,Pretoria,NA,NA,,open,false,gps,gps,2564246,Hannah Butler,2026-09-12 16:04:23 UTC,2026-09-13 10:31:18 UTC,research,,NA,2,false
Eulophia maculata,2026-09-12 09:06:57 -0600,,"92888 Ver., México",20.9698617578,-97.3546952382,NA,Monk Orchid,https://www.inaturalist.org/observations/399560551,https://static.inaturalist.org/photos/733083971/medium.jpg,mauriciohs,399560551,Orquídea monja africana,Plantae,1453469,2,0,2026-09-12 09:06:57,2026-09-12,2026-09-12 15:06:57 UTC,Mexico City,16,16,,open,false,gps,gps,54758,Mauricio Hernández Sánchez,2026-09-12 15:13:51 UTC,2026-09-20 20:33:48 UTC,research,CC-BY-NC,NA,2,false
Eulophia picta,2026-09-12 16:50:45 +1000,,"Queensland, AU",-26.5197052996,153.0091593833,NA,Shepherd's Crook Orchid,https://www.inaturalist.org/observations/399473772,https://inaturalist-open-data.s3.amazonaws.com/photos/732920765/medium.jpg,chelsea_anne,399473772,Shepherd's Crook Orchid,Plantae,1598926,1,0,2026-09-12 16:50:45,2026-09-12,2026-09-12 06:50:45 UTC,Brisbane,5,29845,,obscured,true,,,9866526,Chelsea Anne,2026-09-12 08:08:44 UTC,2026-09-12 21:41:02 UTC,research,CC-BY-NC,NA,843,false
Eulophia hians inaequalis,2026-09-11 15:40:16 +0200,,"City of Tshwane, ZA-GT, ZA",-25.7425117493,28.2604264934,NA,Yellow Yawning Harlequin,https://www.inaturalist.org/observations/399453021,https://inaturalist-open-data.s3.amazonaws.com/photos/732879307/medium.jpg,pete_leroux,399453021,Yellow Yawning Harlequin,Plantae,599259,1,0,2026-09-11 15:40:16,2026-09-11,2026-09-11 13:40:16 UTC,Pretoria,7,7,,open,false,,,2526492,,2026-09-12 05:26:56 UTC,2026-09-12 17:11:18 UTC,research,CC-BY-NC,NA,2,false
Eulophia picta,2026-09-12 09:32:38 +0800,,845台灣高雄市內門區瑞山里,22.8886709,120.4419881997,NA,Shepherd's Crook Orchid,https://www.inaturalist.org/observations/399434898,https://inaturalist-open-data.s3.amazonaws.com/photos/732843099/medium.jpg,mei_molly,399434898,垂頭地寶蘭,Plantae,1598926,1,0,2026-09-12 09:32:38,2026-09-12,2026-09-12 01:32:38 UTC,Taipei,NA,NA,,,false,,,10864739,,2026-09-12 03:20:17 UTC,2026-09-12 07:48:21 UTC,research,CC-BY-NC,NA,2,false
Eulophia picta,2026-09-12 09:13:41 +0800,,823台灣高雄市田寮區馬頭山頂,22.8880069,120.4424156997,NA,Shepherd's Crook Orchid,https://www.inaturalist.org/observations/399434803,https://inaturalist-open-data.s3.amazonaws.com/photos/732842753/medium.jpg,mei_molly,399434803,垂頭地寶蘭,Plantae,1598926,1,0,2026-09-12 09:13:41,2026-09-12,2026-09-12 01:13:41 UTC,Taipei,NA,NA,,,false,,,10864739,,2026-09-12 03:19:39 UTC,2026-09-15 22:29:35 UTC,research,CC-BY-NC,NA,2,false
Eulophia graminea,2026-09-11 09:10:00 -0400,,"Everglades NP, Long Pine Key, Miami-Dade, Florida, United States",25.4015816667,-80.6599033333,NA,Chinese Crown Orchid,https://www.inaturalist.org/observations/399396821,https://inaturalist-open-data.s3.amazonaws.com/photos/732759245/medium.jpg,mbaggett1,399396821,Chinese Crown Orchid,Plantae,427629,3,0,2026/09/11 9:10 AM,2026-09-11,2026-09-11 13:10:00 UTC,Eastern Time (US & Canada),NA,NA,,,false,,,9277333,,2026-09-11 23:45:07 UTC,2026-09-14 13:39:38 UTC,research,CC-BY-NC,NA,NA,false
Eulophia hians,2026-09-11 11:37:00 +0200,,"Eccleston Crescent, Sandton, Gauteng, ZA",-26.0530725108,28.0326803596,NA,Yawning Harlequin,https://www.inaturalist.org/observations/399348454,https://inaturalist-open-data.s3.amazonaws.com/photos/732670177/medium.jpg,jenbs,399348454,Yawning Harlequin,Plantae,415244,1,0,2026-09-11 11:37:00,2026-09-11,2026-09-11 09:37:00 UTC,Pretoria,2,2,,open,false,,,3933496,Jen,2026-09-11 19:57:36 UTC,2026-09-12 08:20:08 UTC,research,CC-BY-NC,NA,843,false
Eulophia hians,2026-09-11 12:15:20 +0200,,"Eccleston Crescent, Sandton, Gauteng, ZA",-26.0542943842,28.0323864915,NA,Yawning Harlequin,https://www.inaturalist.org/observations/399347616,https://inaturalist-open-data.s3.amazonaws.com/photos/732668277/medium.jpg,jenbs,399347616,Yawning Harlequin,Plantae,415244,1,0,2026-09-11 12:15:20,2026-09-11,2026-09-11 10:15:20 UTC,Pretoria,179,179,,open,false,,,3933496,Jen,2026-09-11 19:54:13 UTC,2026-09-12 08:21:48 UTC,research,CC-BY-NC,NA,843,false
Eulophia cochlearis,2026-09-11 14:39:32 +0200,,"Protea Road, Gqeberha, Eastern Cape, ZA",-34.00526945,25.6608366667,NA,Spoon Cinderella Orchid,https://www.inaturalist.org/observations/399301523,https://inaturalist-open-data.s3.amazonaws.com/photos/732576269/medium.jpg,tanithmoreton,399301523,Spoon Cinderella Orchid,Plantae,1453532,2,0,2026-09-11 14:39:32,2026-09-11,2026-09-11 12:39:32 UTC,Pretoria,4,4,,open,false,,,8958974,Tanith Moreton,2026-09-11 16:45:45 UTC,2026-09-13 16:00:05 UTC,research,CC-BY-NC,NA,843,false
Eulophia cochlearis,2026-09-11 14:42:20 +0200,,"Protea Road, Gqeberha, Eastern Cape, ZA",-34.00525555,25.660825,NA,Spoon Cinderella Orchid,https://www.inaturalist.org/observations/399301237,https://inaturalist-open-data.s3.amazonaws.com/photos/732575807/medium.jpg,tanithmoreton,399301237,Spoon Cinderella Orchid,Plantae,1453532,2,0,2026-09-11 14:42:20,2026-09-11,2026-09-11 12:42:20 UTC,Pretoria,3,3,,open,false,,,8958974,Tanith Moreton,2026-09-11 16:44:29 UTC,2026-09-13 16:00:50 UTC,research,CC-BY-NC,NA,843,false
Eulophia hians hians,2026-09-11 00:00:00 +0200,,"Westonaria, South Africa",-26.3669530776,27.6101365151,NA,Blue Yawning Harlequin,https://www.inaturalist.org/observations/399294429,https://inaturalist-open-data.s3.amazonaws.com/photos/732561247/medium.jpg,kyle_campbell1,399294429,Blue Yawning Harlequin,Plantae,599258,1,0,2026/09/11,2026-09-11,,Pretoria,100,100,,open,false,,,5171908,Kyle Campbell,2026-09-11 16:17:43 UTC,2026-10-02 18:37:01 UTC,research,CC-BY-ND,NA,NA,false
Eulophia hians hians,2026-09-11 00:00:00 +0200,,"Westonaria, South Africa",-26.3669530776,27.6101365151,NA,Blue Yawning Harlequin,https://www.inaturalist.org/observations/399294427,https://inaturalist-open-data.s3.amazonaws.com/photos/732561259/medium.jpg,kyle_campbell1,399294427,Blue Yawning Harlequin,Plantae,599258,1,0,2026/09/11,2026-09-11,,Pretoria,100,100,,open,false,,,5171908,Kyle Campbell,2026-09-11 16:17:43 UTC,2026-10-02 18:37:03 UTC,research,CC-BY-ND,NA,NA,false
Eulophia hians hians,2026-09-11 00:00:00 +0200,,"Westonaria, South Africa",-26.3669530776,27.6101365151,NA,Blue Yawning Harlequin,https://www.inaturalist.org/observations/399294417,https://inaturalist-open-data.s3.amazonaws.com/photos/732561225/medium.jpg,kyle_campbell1,399294417,Blue Yawning Harlequin,Plantae,599258,1,0,2026/09/11,2026-09-11,,Pretoria,100,100,,open,false,,,5171908,Kyle Campbell,2026-09-11 16:17:42 UTC,2026-10-02 18:37:04 UTC,research,CC-BY-ND,NA,NA,false
Eulophia hians hians,2026-09-11 00:00:00 +0200,,"Westonaria, South Africa",-26.3771604384,27.6119528836,NA,Blue Yawning Harlequin,https://www.inaturalist.org/observations/399293431,https://inaturalist-open-data.s3.amazonaws.com/photos/732557671/medium.jpg,kyle_campbell1,399293431,Blue Yawning Harlequin,Plantae,599258,1,0,2026/09/11,2026-09-11,,Pretoria,50,50,,open,false,,,5171908,Kyle Campbell,2026-09-11 16:14:29 UTC,2026-10-02 18:37:05 UTC,research,CC-BY-ND,NA,NA,false
Eulophia hians hians,2026-09-11 00:00:00 +0200,,"Westonaria, South Africa",-26.3737001222,27.6137338704,NA,Blue Yawning Harlequin,https://www.inaturalist.org/observations/399290814,https://inaturalist-open-data.s3.amazonaws.com/photos/732553184/medium.jpg,kyle_campbell1,399290814,Blue Yawning Harlequin,Plantae,599258,1,0,2026/09/11,2026-09-11,,Pretoria,100,100,,open,false,,,5171908,Kyle Campbell,2026-09-11 16:04:43 UTC,2026-09-11 17:58:13 UTC,research,CC-BY-ND,NA,NA,false
Eulophia maculata,2026-09-11 06:39:53 -0600,,"2CGW+9MX, El Paraíso, Honduras",14.0256369626,-86.5533208475,NA,Monk Orchid,https://www.inaturalist.org/observations/399250046,https://inaturalist-open-data.s3.amazonaws.com/photos/732480742/medium.jpg,claudia_mejia_de_mendoza,399250046,Orquídea monja africana,Plantae,1453469,2,0,2026-09-11 06:39:53,2026-09-11,2026-09-11 12:39:53 UTC,America/Tegucigalpa,786,786,,open,false,gps,gps,4855526,Claudia Mejia de Mendoza,2026-09-11 13:24:53 UTC,2026-09-12 04:45:36 UTC,research,CC-BY-NC,NA,2,false
Eulophia hians inaequalis,2026-09-10 09:02:00 +0200,,"Gert Sibande District Municipality, South Africa",-27.34825,30.9882194444,NA,Yellow Yawning Harlequin,https://www.inaturalist.org/observations/399236545,https://inaturalist-open-data.s3.amazonaws.com/photos/732454823/medium.jpg,murraykeeton,399236545,Yellow Yawning Harlequin,Plantae,599259,2,0,2026/09/10 9:02 AM,2026-09-10,2026-09-10 07:02:00 UTC,Pretoria,2,2,,open,false,,,4374795,,2026-09-11 12:19:57 UTC,2026-09-12 05:43:41 UTC,research,CC-BY-NC,NA,NA,false
Eulophia parviflora,2026-08-26 09:49:00 +0200,,"Beacon Hill, Umtamvuna NR, South Africa",-31.0086515281,30.1755913086,NA,Mini Harlequin,https://www.inaturalist.org/observations/399226606,https://inaturalist-open-data.s3.amazonaws.com/photos/732435337/medium.jpg,graham_g,399226606,Mini Harlequin,Plantae,577769,1,0,2026/08/26 9:49 AM,2026-08-26,2026-08-26 07:49:00 UTC,Pretoria,250,250,,open,false,,,748380,,2026-09-11 11:18:54 UTC,2026-09-12 04:54:53 UTC,research,CC-BY-NC,NA,NA,false
Eulophia hians,2026-08-26 09:57:00 +0200,,"Rennies Beach, Port Edward, 4295, South Africa",-31.0693067443,30.2100544371,NA,Yawning Harlequin,https://www.inaturalist.org/observations/399226605,https://inaturalist-open-data.s3.amazonaws.com/photos/732435314/medium.jpg,graham_g,399226605,Yawning Harlequin,Plantae,415244,1,0,2026/08/26 9:57 AM,2026-08-26,2026-08-26 07:57:00 UTC,Pretoria,100,100,,open,false,,,748380,,2026-09-11 11:18:54 UTC,2026-09-11 12:46:29 UTC,research,CC-BY-NC,NA,NA,false
Eulophia coeloglossa,2026-08-26 11:47:00 +0200,,"Rennies Beach, Port Edward, 4295, South Africa",-31.0693067443,30.2100544371,NA,Babytooth Harlequin,https://www.inaturalist.org/observations/399226604,https://inaturalist-open-data.s3.amazonaws.com/photos/732435280/medium.jpg,graham_g,399226604,Babytooth Harlequin,Plantae,585535,1,0,2026/08/26 11:47 AM,2026-08-26,2026-08-26 09:47:00 UTC,Pretoria,100,100,,open,false,,,748380,,2026-09-11 11:18:54 UTC,2026-09-11 12:19:07 UTC,research,CC-BY-NC,NA,NA,false
Eulophia cochlearis,2026-08-26 11:49:00 +0200,,"Rennies Beach, Port Edward, 4295, South Africa",-31.0693067443,30.2100544371,NA,Spoon Cinderella Orchid,https://www.inaturalist.org/observations/399224175,https://inaturalist-open-data.s3.amazonaws.com/photos/732429886/medium.jpg,graham_g,399224175,Spoon Cinderella Orchid,Plantae,1453532,1,0,2026/08/26 11:49 AM,2026-08-26,2026-08-26 09:49:00 UTC,Pretoria,100,100,,open,false,,,748380,,2026-09-11 11:04:35 UTC,2026-09-11 12:19:33 UTC,research,CC-BY-NC,NA,NA,false
Eulophia picta,2026-09-11 13:57:59 +0800,,804台灣高雄市鼓山區M749+4H,22.6553444178,120.2691193298,NA,Shepherd's Crook Orchid,https://www.inaturalist.org/observations/399184124,https://static.inaturalist.org/photos/732358449/medium.jpg,ssnp007,399184124,垂頭地寶蘭,Plantae,1598926,1,0,2026-09-11 13:57:59,2026-09-11,2026-09-11 05:57:59 UTC,Taipei,5,5,,,false,gps,gps,5072444,李江春,2026-09-11 06:04:06 UTC,2026-09-11 06:23:21 UTC,research,,NA,2,false
Eulophia maculata,2026-09-10 13:11:21 -0600,,"30524 Chis., México",15.9841733997,-93.1763789997,NA,Monk Orchid,https://www.inaturalist.org/observations/399154459,https://inaturalist-open-data.s3.amazonaws.com/photos/732299061/medium.jpg,emiliorv,399154459,Monk Orchid,Plantae,1453469,3,0,2026-09-10 13:11:21,2026-09-10,2026-09-10 19:11:21 UTC,Mexico City,NA,NA,,open,false,gps,gps,7844,Francisco Emilio Roldán Velasco,2026-09-11 02:31:58 UTC,2026-09-14 12:55:10 UTC,research,CC-BY,NA,2,false
Eulophia maculata,2026-09-09 15:18:00 -0600,,"La Libertad Norte, El Salvador",13.8468388889,-89.2811194444,NA,Monk Orchid,https://www.inaturalist.org/observations/399133954,https://inaturalist-open-data.s3.amazonaws.com/photos/732256107/medium.jpg,nestorh,399133954,Orquídea monja africana,Plantae,1453469,2,0,2026/09/09 3:18 PM,2026-09-09,2026-09-09 21:18:00 UTC,America/El_Salvador,5,5,,open,false,,,210766,Nestor Herrera,2026-09-11 00:39:45 UTC,2026-09-11 04:43:21 UTC,research,CC-BY-NC,NA,NA,false
Eulophia maculata,2026-09-10 09:06:42 -0600,,"86287 Tab., México",17.990656,-92.977287,NA,Monk Orchid,https://www.inaturalist.org/observations/399064713,https://static.inaturalist.org/photos/732122643/medium.jpg,diegobravata,399064713,Eulophia maculata,Plantae,1453469,3,0,2026-09-10 09:06:42,2026-09-10,2026-09-10 15:06:42 UTC,Mexico City,NA,NA,,open,false,gps,gps,3285655,Diego Bravata,2026-09-10 19:13:17 UTC,2026-09-15 01:56:14 UTC,research,,NA,2,false
Eulophia hians inaequalis,2026-09-10 16:15:46 +0200,,"Thaba Chweu, Sabie, Mpumalanga, ZA",-24.7718436096,30.803914136,NA,Yellow Yawning Harlequin,https://www.inaturalist.org/observations/399061215,https://inaturalist-open-data.s3.amazonaws.com/photos/732115683/medium.jpg,simon_attwood,399061215,Yellow Yawning Harlequin,Plantae,599259,2,0,2026-09-10 16:15:46+02:00,2026-09-10,2026-09-10 14:15:46 UTC,Pretoria,2,2,,open,false,,,5501050,Simon Attwood,2026-09-10 18:58:12 UTC,2026-09-11 05:03:11 UTC,research,CC-BY,NA,3,false
Eulophia parviflora,2026-09-10 16:14:32 +0200,,"Thaba Chweu, Sabie, Mpumalanga, ZA",-24.7718471561,30.8038650549,NA,Mini Harlequin,https://www.inaturalist.org/observations/399061159,https://inaturalist-open-data.s3.amazonaws.com/photos/732115515/medium.jpg,simon_attwood,399061159,Mini Harlequin,Plantae,577769,2,0,2026-09-10 16:14:32+02:00,2026-09-10,2026-09-10 14:14:32 UTC,Pretoria,3,3,,open,false,,,5501050,Simon Attwood,2026-09-10 18:57:54 UTC,2026-09-11 05:01:31 UTC,research,CC-BY,NA,3,false
Eulophia hians hians,2026-09-10 16:07:35 +0200,,"Thaba Chweu, Sabie, Mpumalanga, ZA",-24.7752683117,30.801759109,NA,Blue Yawning Harlequin,https://www.inaturalist.org/observations/399061011,https://inaturalist-open-data.s3.amazonaws.com/photos/732115454/medium.jpg,simon_attwood,399061011,Blue Yawning Harlequin,Plantae,599258,2,0,2026-09-10 16:07:35+02:00,2026-09-10,2026-09-10 14:07:35 UTC,Pretoria,4,4,,open,false,,,5501050,Simon Attwood,2026-09-10 18:57:27 UTC,2026-09-11 05:02:51 UTC,research,CC-BY,NA,3,false
Eulophia graminea,2026-09-10 11:30:44 -0400,,"Morikami Park Rd, Delray Beach, FL, US",26.4283502357,-80.1562914247,NA,Chinese Crown Orchid,https://www.inaturalist.org/observations/399045111,https://inaturalist-open-data.s3.amazonaws.com/photos/732081684/medium.jpg,gardengreg66,399045111,Chinese Crown Orchid,Plantae,427629,1,0,2026-09-10 11:30:44,2026-09-10,2026-09-10 15:30:44 UTC,Eastern Time (US & Canada),4,4,,,false,,,10928235,,2026-09-10 17:55:11 UTC,2026-09-11 23:51:42 UTC,research,CC-BY-NC,NA,843,false
Eulophia hians inaequalis,2026-09-10 00:00:00 +0200,,"West Rand District Municipality, South Africa",-26.3206154917,27.395606496,NA,Yellow Yawning Harlequin,https://www.inaturalist.org/observations/398943709,https://inaturalist-open-data.s3.amazonaws.com/photos/731892087/medium.jpg,kyle_campbell1,398943709,Yellow Yawning Harlequin,Plantae,599259,1,0,2026/09/10,2026-09-10,,Pretoria,50,50,,open,false,,,5171908,Kyle Campbell,2026-09-10 09:54:45 UTC,2026-09-10 15:05:30 UTC,research,CC-BY-ND,NA,NA,false
Eulophia hians inaequalis,2026-09-10 00:00:00 +0200,,"West Rand District Municipality, South Africa",-26.3206154917,27.395606496,NA,Yellow Yawning Harlequin,https://www.inaturalist.org/observations/398943706,https://inaturalist-open-data.s3.amazonaws.com/photos/731892075/medium.jpg,kyle_campbell1,398943706,Yellow Yawning Harlequin,Plantae,599259,1,0,2026/09/10,2026-09-10,,Pretoria,50,50,,open,false,,,5171908,Kyle Campbell,2026-09-10 09:54:44 UTC,2026-09-10 15:05:17 UTC,research,CC-BY-ND,NA,NA,false
Eulophia hians inaequalis,2026-09-10 00:00:00 +0200,,"West Rand District Municipality, South Africa",-26.3213761163,27.3964797289,NA,Yellow Yawning Harlequin,https://www.inaturalist.org/observations/398943512,https://inaturalist-open-data.s3.amazonaws.com/photos/731892163/medium.jpg,kyle_campbell1,398943512,Yellow Yawning Harlequin,Plantae,599259,1,0,2026/09/10,2026-09-10,,Pretoria,50,50,,open,false,,,5171908,Kyle Campbell,2026-09-10 09:53:05 UTC,2026-09-10 15:04:59 UTC,research,CC-BY-ND,NA,NA,false
Eulophia hians inaequalis,2026-09-10 00:00:00 +0200,,"West Rand District Municipality, South Africa",-26.3213761163,27.3964797289,NA,Yellow Yawning Harlequin,https://www.inaturalist.org/observations/398943511,https://inaturalist-open-data.s3.amazonaws.com/photos/731892154/medium.jpg,kyle_campbell1,398943511,Yellow Yawning Harlequin,Plantae,599259,1,0,2026/09/10,2026-09-10,,Pretoria,50,50,,open,false,,,5171908,Kyle Campbell,2026-09-10 09:53:05 UTC,2026-09-10 15:05:08 UTC,research,CC-BY-ND,NA,NA,false
Eulophia hians inaequalis,2026-09-10 00:00:00 +0200,,"West Rand District Municipality, South Africa",-26.3213761163,27.3964797289,NA,Yellow Yawning Harlequin,https://www.inaturalist.org/observations/398943506,https://inaturalist-open-data.s3.amazonaws.com/photos/731892133/medium.jpg,kyle_campbell1,398943506,Yellow Yawning Harlequin,Plantae,599259,1,0,2026/09/10,2026-09-10,,Pretoria,50,50,,open,false,,,5171908,Kyle Campbell,2026-09-10 09:53:03 UTC,2026-09-10 15:06:47 UTC,research,CC-BY-ND,NA,NA,false
Eulophia hians inaequalis,2026-09-10 00:00:00 +0200,,"West Rand District Municipality, South Africa",-26.3213761163,27.3964797289,NA,Yellow Yawning Harlequin,https://www.inaturalist.org/observations/398943505,https://inaturalist-open-data.s3.amazonaws.com/photos/731892143/medium.jpg,kyle_campbell1,398943505,Yellow Yawning Harlequin,Plantae,599259,1,0,2026/09/10,2026-09-10,,Pretoria,50,50,,open,false,,,5171908,Kyle Campbell,2026-09-10 09:53:03 UTC,2026-09-10 15:06:59 UTC,research,CC-BY-ND,NA,NA,false
Eulophia hians inaequalis,2026-09-10 00:00:00 +0200,,"West Rand District Municipality, South Africa",-26.3213761163,27.3964797289,NA,Yellow Yawning Harlequin,https://www.inaturalist.org/observations/398943497,https://inaturalist-open-data.s3.amazonaws.com/photos/731892114/medium.jpg,kyle_campbell1,398943497,Yellow Yawning Harlequin,Plantae,599259,1,0,2026/09/10,2026-09-10,,Pretoria,50,50,,open,false,,,5171908,Kyle Campbell,2026-09-10 09:53:02 UTC,2026-09-10 15:07:37 UTC,research,CC-BY-ND,NA,NA,false
Eulophia hians inaequalis,2026-09-10 00:00:00 +0200,,"West Rand District Municipality, South Africa",-26.3213761163,27.3964797289,NA,Yellow Yawning Harlequin,https://www.inaturalist.org/observations/398943488,https://inaturalist-open-data.s3.amazonaws.com/photos/731892097/medium.jpg,kyle_campbell1,398943488,Yellow Yawning Harlequin,Plantae,599259,1,0,2026/09/10,2026-09-10,,Pretoria,50,50,,open,false,,,5171908,Kyle Campbell,2026-09-10 09:53:00 UTC,2026-09-10 15:07:24 UTC,research,CC-BY-ND,NA,NA,false
Eulophia hians inaequalis,2026-09-10 00:00:00 +0200,,"West Rand District Municipality, South Africa",-26.3213761163,27.3964797289,NA,Yellow Yawning Harlequin,https://www.inaturalist.org/observations/398943487,https://inaturalist-open-data.s3.amazonaws.com/photos/731892072/medium.jpg,kyle_campbell1,398943487,Yellow Yawning Harlequin,Plantae,599259,1,0,2026/09/10,2026-09-10,,Pretoria,50,50,,open,false,,,5171908,Kyle Campbell,2026-09-10 09:53:00 UTC,2026-09-22 12:45:20 UTC,research,CC-BY-ND,NA,NA,false
Eulophia hians inaequalis,2026-09-10 00:00:00 +0200,,"West Rand District Municipality, South Africa",-26.3213761163,27.3964797289,NA,Yellow Yawning Harlequin,https://www.inaturalist.org/observations/398943467,https://inaturalist-open-data.s3.amazonaws.com/photos/731891997/medium.jpg,kyle_campbell1,398943467,Yellow Yawning Harlequin,Plantae,599259,1,0,2026/09/10,2026-09-10,,Pretoria,50,50,,open,false,,,5171908,Kyle Campbell,2026-09-10 09:52:57 UTC,2026-09-10 15:07:49 UTC,research,CC-BY-ND,NA,NA,false
Eulophia hians inaequalis,2026-09-10 00:00:00 +0200,,"West Rand District Municipality, South Africa",-26.3213761163,27.3964797289,NA,Yellow Yawning Harlequin,https://www.inaturalist.org/observations/398943466,https://inaturalist-open-data.s3.amazonaws.com/photos/731891964/medium.jpg,kyle_campbell1,398943466,Yellow Yawning Harlequin,Plantae,599259,1,0,2026/09/10,2026-09-10,,Pretoria,50,50,,open,false,,,5171908,Kyle Campbell,2026-09-10 09:52:57 UTC,2026-09-10 15:07:56 UTC,research,CC-BY-ND,NA,NA,false
Eulophia hians inaequalis,2026-09-10 00:00:00 +0200,,"West Rand District Municipality, South Africa",-26.3213761163,27.3964797289,NA,Yellow Yawning Harlequin,https://www.inaturalist.org/observations/398943465,https://inaturalist-open-data.s3.amazonaws.com/photos/731891957/medium.jpg,kyle_campbell1,398943465,Yellow Yawning Harlequin,Plantae,599259,1,0,2026/09/10,2026-09-10,,Pretoria,50,50,,open,false,,,5171908,Kyle Campbell,2026-09-10 09:52:57 UTC,2026-09-10 15:08:04 UTC,research,CC-BY-ND,NA,NA,false
Eulophia picta,2026-08-30 12:26:15 +1000,,"Queensland, AU",-20.1625835509,149.0451615678,NA,Shepherd's Crook Orchid,https://www.inaturalist.org/observations/398883856,https://inaturalist-open-data.s3.amazonaws.com/photos/731780212/medium.jpg,seaglasser1,398883856,Shepherd's Crook Orchid,Plantae,1598926,1,0,2026-08-30 12:26:15,2026-08-30,2026-08-30 02:26:15 UTC,Australia/Lindeman,2,30508,,obscured,true,,,9098642,seaglasser1,2026-09-10 02:43:22 UTC,2026-09-10 04:48:21 UTC,research,CC-BY-NC,NA,843,false
Eulophia maculata,2026-09-06 10:31:32 -0400,,"969X+J2V, 3201, Yaracuy, Venezuela",10.3705194423,-68.7529889122,NA,Monk Orchid,https://www.inaturalist.org/observations/398863683,https://inaturalist-open-data.s3.amazonaws.com/photos/731738927/medium.jpg,delvis,398863683,Orquídea monja africana,Plantae,1453469,1,0,2026-09-06 10:31:32,2026-09-06,2026-09-06 14:31:32 UTC,Caracas,267,267,,open,false,gps,gps,1103135,Delvis Romero,2026-09-10 00:53:01 UTC,2026-09-10 04:45:07 UTC,research,CC-BY-NC,NA,2,false
Eulophia maculata,2022-06-02 10:36:21 -0400,,"El Yunque National Forest, Río Grande, PR, US",18.3225033333,-65.8160033333,NA,Monk Orchid,https://www.inaturalist.org/observations/398829112,https://static.inaturalist.org/photos/731667415/medium.jpg,dustinsummer,398829112,Monk Orchid,Plantae,1453469,2,0,2022-06-02 10:36:21-04:00,2022-06-02,2022-06-02 14:36:21 UTC,Puerto Rico,13,13,,open,false,,,6108653,Dustin Smith,2026-09-09 21:56:52 UTC,2026-09-18 16:49:20 UTC,research,,NA,3,false
Eulophia maculata,2022-06-03 09:59:35 -0400,,"El Yunque National Forest, Río Grande, PR, US",18.3224916667,-65.8164883333,NA,Monk Orchid,https://www.inaturalist.org/observations/398828610,https://static.inaturalist.org/photos/731666497/medium.jpg,dustinsummer,398828610,Monk Orchid,Plantae,1453469,2,0,2022-06-03 09:59:35-04:00,2022-06-03,2022-06-03 13:59:35 UTC,Puerto Rico,4,4,,open,false,,,6108653,Dustin Smith,2026-09-09 21:54:47 UTC,2026-09-18 16:44:20 UTC,research,,NA,3,false
Eulophia maculata,2022-06-03 12:01:20 -0400,,"El Yunque National Forest, Río Grande, PR, US",18.3221333333,-65.8168416667,NA,Monk Orchid,https://www.inaturalist.org/observations/398828336,https://static.inaturalist.org/photos/731666026/medium.jpg,dustinsummer,398828336,Monk Orchid,Plantae,1453469,2,0,2022-06-03 12:01:20-04:00,2022-06-03,2022-06-03 16:01:20 UTC,Puerto Rico,8,8,,open,false,,,6108653,Dustin Smith,2026-09-09 21:53:34 UTC,2026-09-18 16:44:33 UTC,research,,NA,3,false
Eulophia maculata,2022-06-10 12:52:46 -0400,,"El Yunque National Forest, Río Grande, PR, US",18.32293,-65.8168716667,NA,Monk Orchid,https://www.inaturalist.org/observations/398827789,https://static.inaturalist.org/photos/731665096/medium.jpg,dustinsummer,398827789,Monk Orchid,Plantae,1453469,2,0,2022-06-10 12:52:46-04:00,2022-06-10,2022-06-10 16:52:46 UTC,Puerto Rico,8,8,,open,false,,,6108653,Dustin Smith,2026-09-09 21:51:17 UTC,2026-09-18 16:45:16 UTC,research,,NA,3,false
Eulophia maculata,2022-06-13 12:00:04 -0400,,"Puerto Rico, Río Grande, PR, US",18.36283,-65.8217166667,NA,Monk Orchid,https://www.inaturalist.org/observations/398827552,https://static.inaturalist.org/photos/731664745/medium.jpg,dustinsummer,398827552,Monk Orchid,Plantae,1453469,2,0,2022-06-13 12:00:04-04:00,2022-06-13,2022-06-13 16:00:04 UTC,Puerto Rico,4009,4009,,open,false,,,6108653,Dustin Smith,2026-09-09 21:50:20 UTC,2026-09-18 16:45:28 UTC,research,,NA,3,false
Eulophia maculata,2022-06-14 09:56:44 -0400,,"Puerto Rico, Río Grande, PR, US",18.3611966667,-65.8152616667,NA,Monk Orchid,https://www.inaturalist.org/observations/398827253,https://static.inaturalist.org/photos/731664232/medium.jpg,dustinsummer,398827253,Monk Orchid,Plantae,1453469,1,0,2022-06-14 09:56:44-04:00,2022-06-14,2022-06-14 13:56:44 UTC,Puerto Rico,3387,3387,,open,false,,,6108653,Dustin Smith,2026-09-09 21:49:01 UTC,2026-09-18 16:47:06 UTC,research,,NA,3,false
Eulophia maculata,2022-06-17 09:51:34 -0400,,"El Yunque National Forest, Río Grande, PR, US",18.3220533333,-65.8164,NA,Monk Orchid,https://www.inaturalist.org/observations/398827054,https://static.inaturalist.org/photos/731663842/medium.jpg,dustinsummer,398827054,Monk Orchid,Plantae,1453469,2,0,2022-06-17 09:51:34-04:00,2022-06-17,2022-06-17 13:51:34 UTC,Puerto Rico,8,8,,open,false,,,6108653,Dustin Smith,2026-09-09 21:48:06 UTC,2026-09-18 16:47:23 UTC,research,,NA,3,false
Eulophia maculata,2022-06-21 09:24:30 -0400,,"El Yunque National Forest, Río Grande, PR, US",18.3215383333,-65.8157966667,NA,Monk Orchid,https://www.inaturalist.org/observations/398826394,https://static.inaturalist.org/photos/731662167/medium.jpg,dustinsummer,398826394,Monk Orchid,Plantae,1453469,2,0,2022-06-21 09:24:30-04:00,2022-06-21,2022-06-21 13:24:30 UTC,Puerto Rico,10,10,,open,false,,,6108653,Dustin Smith,2026-09-09 21:44:37 UTC,2026-09-18 16:48:32 UTC,research,,NA,3,false
Eulophia maculata,2022-06-24 09:30:11 -0400,,"El Yunque National Forest, Río Grande, PR, US",18.321446666700002,-65.81582,NA,Monk Orchid,https://www.inaturalist.org/observations/398826032,https://static.inaturalist.org/photos/731661375/medium.jpg,dustinsummer,398826032,Monk Orchid,Plantae,1453469,2,0,2022-06-24 09:30:11-04:00,2022-06-24,2022-06-24 13:30:11 UTC,Puerto Rico,40,40,,open,false,,,6108653,Dustin Smith,2026-09-09 21:42:54 UTC,2026-09-18 16:48:49 UTC,research,,NA,3,false
Eulophia maculata,2022-06-24 10:02:47 -0400,,"El Yunque National Forest, Río Grande, PR, US",18.3223166667,-65.815675,NA,Monk Orchid,https://www.inaturalist.org/observations/398825987,https://static.inaturalist.org/photos/731661260/medium.jpg,dustinsummer,398825987,Monk Orchid,Plantae,1453469,2,0,2022-06-24 10:02:47-04:00,2022-06-24,2022-06-24 14:02:47 UTC,Puerto Rico,25,25,,open,false,,,6108653,Dustin Smith,2026-09-09 21:42:42 UTC,2026-09-18 16:50:04 UTC,research,,NA,3,false
Eulophia maculata,2022-06-24 12:03:34 -0400,,"El Yunque National Forest, Río Grande, PR, US",18.3234783333,-65.8156966667,NA,Monk Orchid,https://www.inaturalist.org/observations/398825935,https://static.inaturalist.org/photos/731661140/medium.jpg,dustinsummer,398825935,Monk Orchid,Plantae,1453469,2,0,2022-06-24 12:03:34-04:00,2022-06-24,2022-06-24 16:03:34 UTC,Puerto Rico,3,3,,open,false,,,6108653,Dustin Smith,2026-09-09 21:42:26 UTC,2026-09-18 16:50:29 UTC,research,,NA,3,false
Eulophia alta,2026-09-09 14:41:41 -0400,,"Greenmeadow Mine Expansion, Fort Myers, FL, US",26.491095,-81.663955,NA,Wild Coco,https://www.inaturalist.org/observations/398825852,https://inaturalist-open-data.s3.amazonaws.com/photos/731660915/medium.jpg,the_curious_naturalist,398825852,Wild Coco,Plantae,162776,3,0,2026-09-09 14:41:41-04:00,2026-09-09,2026-09-09 18:41:41 UTC,Eastern Time (US & Canada),9,9,,,false,,,2553550,Alex Reed,2026-09-09 21:41:54 UTC,2026-09-10 12:31:15 UTC,research,CC-BY-NC,NA,3,false
Eulophia maculata,2026-09-09 16:49:12 -0400,,"SE Mariposa Ave, Port Saint Lucie, FL, US",27.270155,-80.28218,NA,Monk Orchid,https://www.inaturalist.org/observations/398821295,https://inaturalist-open-data.s3.amazonaws.com/photos/731652524/medium.jpg,hardeeparty,398821295,Monk Orchid,Plantae,1453469,1,0,2026-09-09 16:49:12-04:00,2026-09-09,2026-09-09 20:49:12 UTC,Eastern Time (US & Canada),4,4,,open,false,,,8372098,James Hardee,2026-09-09 21:19:54 UTC,2026-09-09 21:38:43 UTC,research,,NA,3,false
Eulophia graminea,2026-09-09 10:52:13 -0500,,"E Canyon Lake Springs Dr, Cypress, TX, US",29.910855,-95.698775,NA,Chinese Crown Orchid,https://www.inaturalist.org/observations/398765401,https://inaturalist-open-data.s3.amazonaws.com/photos/731540306/medium.jpg,sarahm51,398765401,Chinese Crown Orchid,Plantae,427629,1,0,2026-09-09 10:52:13-05:00,2026-09-09,2026-09-09 15:52:13 UTC,Central Time (US & Canada),11,11,,,false,,,1257577,,2026-09-09 17:26:55 UTC,2026-09-15 16:44:54 UTC,research,CC-BY-NC,NA,3,false
Eulophia graminea,2026-09-09 09:06:07 -0400,,"Miami, FL, US",25.6442906687,-80.391618345,NA,Chinese Crown Orchid,https://www.inaturalist.org/observations/398700575,https://inaturalist-open-data.s3.amazonaws.com/photos/731419649/medium.jpg,kvrawells,398700575,Chinese Crown Orchid,Plantae,427629,3,0,2026-09-09 09:06:07-04:00,2026-09-09,2026-09-09 13:06:07 UTC,Eastern Time (US & Canada),157,157,,,false,,,6115044,,2026-09-09 13:06:23 UTC,2026-09-10 12:32:12 UTC,research,CC-BY-NC,NA,3,false
Eulophia hians inaequalis,2026-09-09 00:00:00 +0200,,"Carletonville, 24, South Africa",-26.3812398359,27.4450492861,NA,Yellow Yawning Harlequin,https://www.inaturalist.org/observations/398683009,https://inaturalist-open-data.s3.amazonaws.com/photos/731384448/medium.jpg,kyle_campbell1,398683009,Yellow Yawning Harlequin,Plantae,599259,1,0,2026/09/09,2026-09-09,,Pretoria,50,50,,open,false,,,5171908,Kyle Campbell,2026-09-09 11:30:57 UTC,2026-09-09 18:14:31 UTC,research,CC-BY-ND,NA,NA,false
Eulophia hians inaequalis,2026-09-09 00:00:00 +0200,,"Carletonville, 24, South Africa",-26.3812398359,27.4450492861,NA,Yellow Yawning Harlequin,https://www.inaturalist.org/observations/398683008,https://inaturalist-open-data.s3.amazonaws.com/photos/731384473/medium.jpg,kyle_campbell1,398683008,Yellow Yawning Harlequin,Plantae,599259,1,0,2026/09/09,2026-09-09,,Pretoria,50,50,,open,false,,,5171908,Kyle Campbell,2026-09-09 11:30:57 UTC,2026-09-09 18:13:00 UTC,research,CC-BY-ND,NA,NA,false
Eulophia graminea,2026-09-08 10:22:52 -0400,,"Lake Placid, FL, US",27.1296638333,-81.368325,NA,Chinese Crown Orchid,https://www.inaturalist.org/observations/398514987,https://inaturalist-open-data.s3.amazonaws.com/photos/731050289/medium.jpg,saherron,398514987,Chinese Crown Orchid,Plantae,427629,2,0,2026-09-08 10:22:52,2026-09-08,2026-09-08 14:22:52 UTC,Eastern Time (US & Canada),4,4,,,false,,,943599,Sterling Herron,2026-09-08 19:08:57 UTC,2026-09-09 05:06:01 UTC,research,CC0,NA,843,false
Eulophia alta,2026-09-08 10:51:35 -0400,,"Immokalee, FL, US",26.4422220324,-81.5560522155,NA,Wild Coco,https://www.inaturalist.org/observations/398495914,https://inaturalist-open-data.s3.amazonaws.com/photos/731014474/medium.jpg,cnagele,398495914,Wild Coco,Plantae,162776,1,0,2026-09-08 10:51:35,2026-09-08,2026-09-08 14:51:35 UTC,Eastern Time (US & Canada),4,4,,,false,,,2340782,Connie Nagele,2026-09-08 17:54:09 UTC,2026-09-08 19:11:13 UTC,research,CC0,NA,843,false
Eulophia micrantha,2026-09-08 17:06:32 +0200,,"Overstrand Local Municipality, South Africa",-34.33820178,18.85113395,NA,Wavy Cinderella Orchid,https://www.inaturalist.org/observations/398453265,https://inaturalist-open-data.s3.amazonaws.com/photos/730935638/medium.jpg,brandon_topham,398453265,Wavy Cinderella Orchid,Plantae,1453529,1,0,2026-09-08 17:06:32,2026-09-08,2026-09-08 15:06:32 UTC,Pretoria,4,4,,open,false,,,5281727,,2026-09-08 15:07:50 UTC,2026-09-08 16:09:56 UTC,research,CC-BY-NC,NA,2,false
Eulophia micrantha,2026-09-08 17:04:57 +0200,,"Overstrand Local Municipality, South Africa",-34.3381975269,18.8510705295,NA,Wavy Cinderella Orchid,https://www.inaturalist.org/observations/398453135,https://inaturalist-open-data.s3.amazonaws.com/photos/730935469/medium.jpg,michele40903,398453135,Wavy Cinderella Orchid,Plantae,1453529,1,0,2026-09-08 17:04:57,2026-09-08,2026-09-08 15:04:57 UTC,Pretoria,6,6,,open,false,,,9275170,Michele Topham,2026-09-08 15:07:21 UTC,2026-09-08 16:09:50 UTC,research,CC-BY-NC,NA,2,false
Eulophia parviflora,2026-09-08 09:27:04 +0200,,"Motala Heights, Pinetown, 3610, South Africa",-29.8039359413,30.8317474555,NA,Mini Harlequin,https://www.inaturalist.org/observations/398417743,https://inaturalist-open-data.s3.amazonaws.com/photos/730869013/medium.jpg,berthapi2,398417743,Eulophia parviflora,Plantae,577769,1,0,2026-09-08 09:27:04,2026-09-08,2026-09-08 07:27:04 UTC,Pretoria,7,7,,open,false,,,847945,,2026-09-08 12:34:53 UTC,2026-09-08 14:24:51 UTC,research,CC-BY-SA,NA,2,false
Eulophia hians,2026-09-08 09:10:45 +0200,,"Motala Heights, Pinetown, 3610, South Africa",-29.8037708597,30.829666229,,Yawning Harlequin,https://www.inaturalist.org/observations/398417533,https://inaturalist-open-data.s3.amazonaws.com/photos/730868584/medium.jpg,berthapi2,398417533,Eulophia hians,Plantae,415244,1,0,2026-09-08 09:10:45,2026-09-08,2026-09-08 07:10:45 UTC,Pretoria,9,9,,open,false,,,847945,,2026-09-08 12:33:57 UTC,2026-09-08 14:26:57 UTC,research,CC-BY-SA,NA,2,false
Eulophia horsfallii,2026-09-08 11:38:52 +0100,,"Cuvette-Ouest, CG",0.600875,14.93208,,Purple Vlei Harlequin,https://www.inaturalist.org/observations/398411699,https://inaturalist-open-data.s3.amazonaws.com/photos/730857101/medium.jpg,gwili,398411699,Purple Vlei Harlequin,Plantae,502552,1,0,2026-09-08 11:38:52,2026-09-08,2026-09-08 10:38:52 UTC,Africa/Brazzaville,4,4,,,false,,,1045928,Gwili Gibbon,2026-09-08 12:01:45 UTC,2026-09-08 12:32:25 UTC,research,CC-BY-NC,NA,843,false
Eulophia hians inaequalis,2026-09-08 11:41:59 +0200,,"Victor Khanye Local Municipality, South Africa",-25.90519489,28.92696314,,Yellow Yawning Harlequin,https://www.inaturalist.org/observations/398390153,https://inaturalist-open-data.s3.amazonaws.com/photos/730816909/medium.jpg,mathewharris13,398390153,Yellow Yawning Harlequin,Plantae,599259,2,0,2026-09-08 11:41:59,2026-09-08,2026-09-08 09:41:59 UTC,Pretoria,5,5,,open,false,,,9239194,,2026-09-08 09:42:53 UTC,2026-09-10 15:43:25 UTC,research,CC-BY-NC,NA,2,false
Eulophia parviflora,2026-09-08 09:26:10 +0200,,"Motala Heights, Pinetown, 3610, South Africa",-29.8038850632,30.8318229765,,Mini Harlequin,https://www.inaturalist.org/observations/398370993,https://static.inaturalist.org/photos/730783994/medium.jpg,barry_lang,398370993,Mini Harlequin,Plantae,577769,1,0,2026-09-08 09:26:10,2026-09-08,2026-09-08 07:26:10 UTC,Pretoria,5,5,,open,false,,,4271182,Barry lang,2026-09-08 07:28:19 UTC,2026-09-17 17:17:57 UTC,research,,NA,2,false
Eulophia graminea,2026-09-07 16:14:34 -0400,,"US-1, Vero Beach, FL, US",27.6208,-80.388345,,Chinese Crown Orchid,https://www.inaturalist.org/observations/398293722,https://inaturalist-open-data.s3.amazonaws.com/photos/730622256/medium.jpg,jimw3,398293722,Chinese Crown Orchid,Plantae,427629,3,0,2026-09-07 16:14:34-04:00,2026-09-07,2026-09-07 20:14:34 UTC,Eastern Time (US & Canada),4,4,,,false,,,98904,James K. Wetterer,2026-09-08 00:20:27 UTC,2026-09-09 11:56:37 UTC,research,CC-BY-NC,NA,3,false
Eulophia graminea,2026-09-07 16:13:46 -0400,,"Confederate Point, Jacksonville, FL 32210, USA",30.2592561767,-81.7328521237,,Chinese Crown Orchid,https://www.inaturalist.org/observations/398223114,https://inaturalist-open-data.s3.amazonaws.com/photos/730482004/medium.jpg,bluejaythebear,398223114,Chinese Crown Orchid,Plantae,427629,1,0,2026-09-07 16:13:46,2026-09-07,2026-09-07 20:13:46 UTC,Eastern Time (US & Canada),8,8,,,false,,,10871889,bee jay,2026-09-07 20:16:36 UTC,2026-09-07 21:09:41 UTC,research,CC-BY-NC,NA,2,false
Eulophia maculata,2026-09-07 12:25:30 -0400,,"Florida, US",26.0215008415,-80.3114628718,,Monk Orchid,https://www.inaturalist.org/observations/398209238,https://inaturalist-open-data.s3.amazonaws.com/photos/730454659/medium.jpg,obsceneorchid,398209238,Monk Orchid,Plantae,1453469,2,0,2026-09-07 12:25:30-04:00,2026-09-07,2026-09-07 16:25:30 UTC,Eastern Time (US & Canada),4,29891,obscured,open,true,,,1603100,Jesse,2026-09-07 19:31:49 UTC,2026-09-08 02:03:46 UTC,research,CC-BY-NC,NA,3,false
Eulophia micrantha,2026-09-07 10:05:00 +0200,,"Betty's Bay, 7141, South Africa",-34.3624413454,18.866892268,,Wavy Cinderella Orchid,https://www.inaturalist.org/observations/398126901,https://inaturalist-open-data.s3.amazonaws.com/photos/730293297/medium.jpg,pieterlag,398126901,Wavy Cinderella Orchid,Plantae,1453529,4,0,2026/09/07 10:05 AM,2026-09-07,2026-09-07 08:05:00 UTC,Pretoria,6,6,,open,false,,,8987404,,2026-09-07 15:14:29 UTC,2026-09-08 02:15:19 UTC,research,CC-BY-NC,NA,NA,false
Eulophia hians hians,2026-09-07 00:00:00 +0200,,"Carletonville, 2499, South Africa",-26.4066711958,27.3469904775,,Blue Yawning Harlequin,https://www.inaturalist.org/observations/398109316,https://inaturalist-open-data.s3.amazonaws.com/photos/730258555/medium.jpg,kyle_campbell1,398109316,Blue Yawning Harlequin,Plantae,599258,1,0,2026/09/07,2026-09-07,,Pretoria,100,100,,open,false,,,5171908,Kyle Campbell,2026-09-07 14:14:58 UTC,2026-10-02 18:37:30 UTC,research,CC-BY-ND,NA,NA,false
Eulophia hians hians,2026-09-07 00:00:00 +0200,,"Carletonville, 2499, South Africa",-26.4066711958,27.3469904775,,Blue Yawning Harlequin,https://www.inaturalist.org/observations/398109302,https://inaturalist-open-data.s3.amazonaws.com/photos/730258541/medium.jpg,kyle_campbell1,398109302,Blue Yawning Harlequin,Plantae,599258,1,0,2026/09/07,2026-09-07,,Pretoria,100,100,,open,false,,,5171908,Kyle Campbell,2026-09-07 14:14:56 UTC,2026-10-02 18:37:31 UTC,research,CC-BY-ND,NA,NA,false
Eulophia hians hians,2026-09-07 00:00:00 +0200,,"Carletonville, 2499, South Africa",-26.4066711958,27.3469904775,,Blue Yawning Harlequin,https://www.inaturalist.org/observations/398109300,https://inaturalist-open-data.s3.amazonaws.com/photos/730258538/medium.jpg,kyle_campbell1,398109300,Blue Yawning Harlequin,Plantae,599258,1,0,2026/09/07,2026-09-07,,Pretoria,100,100,,open,false,,,5171908,Kyle Campbell,2026-09-07 14:14:56 UTC,2026-09-07 16:57:01 UTC,research,CC-BY-ND,NA,NA,false
Eulophia hians inaequalis,2026-09-07 00:00:00 +0200,,"Carletonville, 2499, South Africa",-26.4066711958,27.3469904775,,Yellow Yawning Harlequin,https://www.inaturalist.org/observations/398109016,https://inaturalist-open-data.s3.amazonaws.com/photos/730256699/medium.jpg,kyle_campbell1,398109016,Yellow Yawning Harlequin,Plantae,599259,1,0,2026/09/07,2026-09-07,,Pretoria,100,100,,open,false,,,5171908,Kyle Campbell,2026-09-07 14:13:53 UTC,2026-09-07 16:56:58 UTC,research,CC-BY-ND,NA,NA,false
Eulophia hians inaequalis,2026-09-07 00:00:00 +0200,,"Carletonville, 2499, South Africa",-26.4066711958,27.3469904775,,Yellow Yawning Harlequin,https://www.inaturalist.org/observations/398109015,https://inaturalist-open-data.s3.amazonaws.com/photos/730256677/medium.jpg,kyle_campbell1,398109015,Yellow Yawning Harlequin,Plantae,599259,1,0,2026/09/07,2026-09-07,,Pretoria,100,100,,open,false,,,5171908,Kyle Campbell,2026-09-07 14:13:53 UTC,2026-09-07 16:56:54 UTC,research,CC-BY-ND,NA,NA,false
Eulophia picta,2026-05-24 16:57:17 +0530,,"Kannur, IN-KL, IN",12.1304569167,75.5211028889,,Shepherd's Crook Orchid,https://www.inaturalist.org/observations/398097708,https://static.inaturalist.org/photos/730242739/medium.jpg,robins999,398097708,Shepherd's Crook Orchid,Plantae,1598926,1,0,2026-05-24 16:57:17,2026-05-24,2026-05-24 11:27:17 UTC,New Delhi,NA,NA,,,false,gps,gps,6561754,ദേശാടനപ്പക്ഷി Migratory bird,2026-09-07 13:32:55 UTC,2026-09-08 02:30:24 UTC,research,,NA,2,false
Eulophia graminea,2026-09-06 10:19:43 -0500,,"Kuykendahl Rd, Spring, TX, US",30.2059889234,-95.5272833374,,Chinese Crown Orchid,https://www.inaturalist.org/observations/398083230,https://static.inaturalist.org/photos/730212255/medium.jpg,joanne59,398083230,Chinese Crown Orchid,Plantae,427629,1,0,2026-09-06 10:19:43-05:00,2026-09-06,2026-09-06 15:19:43 UTC,Central Time (US & Canada),132,132,,,false,,,822404,,2026-09-07 12:28:52 UTC,2026-09-07 23:26:45 UTC,research,,NA,3,false
Eulophia tuberculata,2026-09-07 12:41:52 +0200,,"Victor Khanye Local Municipality, South Africa",-25.89659624,28.93789602,,Knobby Harlequin,https://www.inaturalist.org/observations/398065656,https://inaturalist-open-data.s3.amazonaws.com/photos/730178336/medium.jpg,mathewharris13,398065656,Knobby Harlequin,Plantae,571054,1,0,2026-09-07 12:41:52,2026-09-07,2026-09-07 10:41:52 UTC,Pretoria,3,3,,open,false,,,9239194,,2026-09-07 10:42:53 UTC,2026-09-07 13:39:09 UTC,research,CC-BY-NC,NA,2,false
Eulophia hians hians,2026-09-07 00:00:00 +0200,,"Carletonville, 2499, South Africa",-26.3763221178,27.4142857858,,Blue Yawning Harlequin,https://www.inaturalist.org/observations/398057757,https://inaturalist-open-data.s3.amazonaws.com/photos/730160190/medium.jpg,kyle_campbell1,398057757,Blue Yawning Harlequin,Plantae,599258,1,0,2026/09/07,2026-09-07,,Pretoria,50,50,,open,false,,,5171908,Kyle Campbell,2026-09-07 09:47:37 UTC,2026-09-07 16:56:47 UTC,research,CC-BY-ND,NA,NA,false
Eulophia hians inaequalis,2026-09-07 00:00:00 +0200,,"Carletonville, 2499, South Africa",-26.3763221178,27.4142857858,,Yellow Yawning Harlequin,https://www.inaturalist.org/observations/398057726,https://inaturalist-open-data.s3.amazonaws.com/photos/730160039/medium.jpg,kyle_campbell1,398057726,Yellow Yawning Harlequin,Plantae,599259,1,0,2026/09/07,2026-09-07,,Pretoria,50,50,,open,false,,,5171908,Kyle Campbell,2026-09-07 09:47:26 UTC,2026-09-07 16:56:40 UTC,research,CC-BY-ND,NA,NA,false
Eulophia tuberculata,2026-09-07 08:56:16 +0200,,"Nyanga, Zimbabwe",-18.3410319722,32.677309,,Knobby Harlequin,https://www.inaturalist.org/observations/398044941,https://inaturalist-open-data.s3.amazonaws.com/photos/730139369/medium.jpg,hallowesbemyname,398044941,Knobby Harlequin,Plantae,571054,2,0,2026-09-07 08:56:16,2026-09-07,2026-09-07 06:56:16 UTC,Harare,NA,NA,,,false,,,9999859,Summer,2026-09-07 08:27:03 UTC,2026-10-06 17:03:14 UTC,research,CC-BY-NC,NA,2,false
Eulophia clitellifera,2026-09-06 11:27:28 +0200,Some are very dark,"Leopards Hill Road, Lusaka, ZM",-15.52982,28.6301716667,,Saddle Harlequin,https://www.inaturalist.org/observations/398006026,https://inaturalist-open-data.s3.amazonaws.com/photos/730063794/medium.jpg,troos,398006026,Eulophia clitellifera,Plantae,585534,1,0,2026-09-06 11:27:28,2026-09-06,2026-09-06 09:27:28 UTC,Africa/Lusaka,4,4,,,false,,,1109131,Troos van der Merwe,2026-09-07 04:00:43 UTC,2026-09-07 04:27:21 UTC,research,CC-BY-NC,NA,843,false
Eulophia parvula,2026-09-06 11:25:20 +0200,,"Leopards Hill Road, Lusaka, ZM",-15.5299633333,28.629955,,,https://www.inaturalist.org/observations/398005581,https://inaturalist-open-data.s3.amazonaws.com/photos/730062930/medium.jpg,troos,398005581,Eulophia parvula,Plantae,1494183,1,0,2026-09-06 11:25:20,2026-09-06,2026-09-06 09:25:20 UTC,Africa/Lusaka,11,11,,,false,,,1109131,Troos van der Merwe,2026-09-07 03:58:12 UTC,2026-09-07 04:28:17 UTC,research,CC-BY-NC,NA,843,false
Eulophia maculata,2026-09-06 14:08:26 -0600,,"Valle De Angeles, Francisco Morazán, HN",14.14155,-86.9555883333,,Monk Orchid,https://www.inaturalist.org/observations/398004706,https://static.inaturalist.org/photos/730060975/medium.jpg,bredyrafaelavilarodriguez,398004706,Monk Orchid,Plantae,1453469,1,0,2026-09-06 14:08:26-06:00,2026-09-06,2026-09-06 20:08:26 UTC,America/Tegucigalpa,20,20,,open,false,,,1304644,Bredy Rafael Avila Rodriguez,2026-09-07 03:52:22 UTC,2026-09-07 04:08:46 UTC,research,,NA,3,false
Eulophia clitellifera,2026-09-06 11:05:04 +0200,,"Leopards Hill Road, Lusaka, ZM",-15.5297216667,28.6310666667,,Saddle Harlequin,https://www.inaturalist.org/observations/398004105,https://inaturalist-open-data.s3.amazonaws.com/photos/730059500/medium.jpg,troos,398004105,Eulophia clitellifera,Plantae,585534,1,0,2026-09-06 11:05:04,2026-09-06,2026-09-06 09:05:04 UTC,Africa/Lusaka,5,5,,,false,,,1109131,Troos van der Merwe,2026-09-07 03:49:23 UTC,2026-09-07 04:09:13 UTC,research,CC-BY-NC,NA,843,false
Eulophia graminea,2026-09-06 11:26:54 -0400,,"Florida, US",27.9457007467,-80.4927291847,,Chinese Crown Orchid,https://www.inaturalist.org/observations/397867628,https://inaturalist-open-data.s3.amazonaws.com/photos/729779125/medium.jpg,naturedom12,397867628,Chinese Crown Orchid,Plantae,427629,2,0,2026-09-06 11:26:54,2026-09-06,2026-09-06 15:26:54 UTC,Eastern Time (US & Canada),9,29680,obscured,,true,,,5792587,naturedom12,2026-09-06 19:08:22 UTC,2026-09-07 11:37:56 UTC,research,CC0,NA,843,false
Eulophia graminea,2026-09-06 10:57:41 -0400,,"SW 79th Ave, Davie, FL, US",26.0847750673,-80.2525567665,,Chinese Crown Orchid,https://www.inaturalist.org/observations/397785504,https://inaturalist-open-data.s3.amazonaws.com/photos/729620951/medium.jpg,dfermaint,397785504,Chinese Crown Orchid,Plantae,427629,1,0,2026-09-06 10:57:41-04:00,2026-09-06,2026-09-06 14:57:41 UTC,Eastern Time (US & Canada),9,9,,,false,,,9760849,,2026-09-06 14:58:25 UTC,2026-09-28 13:17:20 UTC,research,CC-BY-NC,NA,3,false
Eulophia odontoglossa,2016-01-23 15:57:00 +0200,,"Hhohho, SZ",-26.304826748,31.0993391236,,Toothtongue Harlequin,https://www.inaturalist.org/observations/397767803,https://static.inaturalist.org/photos/729587912/medium.jpg,marusworld,397767803,Toothtongue Harlequin,Plantae,1078524,2,0,2016-01-23 15:57:00+02:00,2016-01-23,2016-01-23 13:57:00 UTC,Africa/Mbabane,7,7,,,false,,,5544461,Maru,2026-09-06 13:59:06 UTC,2026-09-07 04:42:55 UTC,research,,NA,3,false
Eulophia picta,2026-09-05 17:23:01 +0800,,"So Kwun Wat Tsuen Rd, So Kwun Wat, New Territories, HK",22.3776353853,114.0084594346,,Shepherd's Crook Orchid,https://www.inaturalist.org/observations/397640285,https://inaturalist-open-data.s3.amazonaws.com/photos/729346532/medium.jpg,shaoxin,397640285,地宝兰,Plantae,1598926,1,0,2026-09-05 17:23:01,2026-09-05,2026-09-05 09:23:01 UTC,Hong Kong,1596,1596,,,false,,,8976609,,2026-09-06 02:07:15 UTC,2026-09-06 05:38:51 UTC,research,CC-BY-NC,NA,843,false
Eulophia graminea,2026-09-05 18:07:02 -0400,,"Morriston, FL 32668, USA",29.2235991997,-82.6225450997,,Chinese Crown Orchid,https://www.inaturalist.org/observations/397583356,https://inaturalist-open-data.s3.amazonaws.com/photos/729249555/medium.jpg,thecarnivoreconnection,397583356,Chinese Crown Orchid,Plantae,427629,3,0,2026-09-05 18:07:02,2026-09-05,2026-09-05 22:07:02 UTC,Eastern Time (US & Canada),NA,NA,,,false,gps,gps,5457534,TheCarnivoreConnection,2026-09-05 22:10:55 UTC,2026-09-07 11:41:13 UTC,research,CC-BY-NC,NA,2,false
Eulophia maculata,2026-09-05 14:23:03 -0400,,"Loblolly Bay Rd, Labelle, FL, US",26.8241166667,-81.5196383333,,Monk Orchid,https://www.inaturalist.org/observations/397563025,https://inaturalist-open-data.s3.amazonaws.com/photos/729189586/medium.jpg,larvalfishguy,397563025,Monk Orchid,Plantae,1453469,2,0,2026-09-05 14:23:03-04:00,2026-09-05,2026-09-05 18:23:03 UTC,Eastern Time (US & Canada),3,3,,open,false,,,6893799,,2026-09-05 20:58:45 UTC,2026-09-07 12:51:24 UTC,research,CC-BY-NC,NA,3,false
Eulophia hians,2025-10-20 10:00:00 +0200,,"Harry Gwala District Municipality, South Africa",-30.1011377359,30.0437881753,,Yawning Harlequin,https://www.inaturalist.org/observations/397537267,https://static.inaturalist.org/photos/729128167/medium.jpg,a1virginia,397537267,Yawning Harlequin,Plantae,415244,1,0,2025/10/20 10:00 AM,2025-10-20,2025-10-20 08:00:00 UTC,Pretoria,244,244,,open,false,,,572477,Virginia,2026-09-05 19:33:07 UTC,2026-09-07 04:49:17 UTC,research,,NA,NA,false
Eulophia hians,2026-09-04 11:02:33 +0200,Conservancy - Suikerbossie farm ,"Eccleston Crescent, Sandton, Gauteng, ZA",-26.0533480288,28.0325088466,,Yawning Harlequin,https://www.inaturalist.org/observations/397535720,https://inaturalist-open-data.s3.amazonaws.com/photos/729135159/medium.jpg,nataliewebb,397535720,Yawning Harlequin,Plantae,415244,1,0,2026-09-04 11:02:33,2026-09-04,2026-09-04 09:02:33 UTC,Pretoria,48,48,,open,false,,,6542228,,2026-09-05 19:27:39 UTC,2026-09-06 10:54:07 UTC,research,CC-BY-NC,NA,843,false
Eulophia graminea,2026-09-05 10:38:13 -0400,,"Disston Heights, St. Petersburg, FL, USA",27.79835,-82.6906888889,,Chinese Crown Orchid,https://www.inaturalist.org/observations/397473566,https://inaturalist-open-data.s3.amazonaws.com/photos/729016857/medium.jpg,rachel78265,397473566,Chinese Crown Orchid,Plantae,427629,3,0,2026-09-05 10:38:13,2026-09-05,2026-09-05 14:38:13 UTC,Eastern Time (US & Canada),NA,NA,,,false,,,10885133,Rachel Arndt,2026-09-05 16:04:20 UTC,2026-09-07 11:42:24 UTC,research,CC-BY-NC,NA,2,false
Eulophia graminea,2026-09-05 11:09:33 -0400,,Miami,25.6672859192,-80.4522171021,,Chinese Crown Orchid,https://www.inaturalist.org/observations/397468337,https://inaturalist-open-data.s3.amazonaws.com/photos/729006234/medium.jpg,lindazorichak,397468337,Chinese Crown Orchid,Plantae,427629,3,0,Sat Sep 05 2026 11:09:33 GMT -0400 (EDT),2026-09-05,2026-09-05 15:09:33 UTC,Eastern Time (US & Canada),NA,NA,,,false,,,3994586,Linda Zorichak,2026-09-05 15:46:04 UTC,2026-09-07 11:42:36 UTC,research,CC-BY-NC,NA,333,false
Eulophia clitellifera,2026-09-05 11:38:39 +0200,,"Springside Road, Hillcrest, KwaZulu-Natal, ZA",-29.7799716288,30.7724079765,,Saddle Harlequin,https://www.inaturalist.org/observations/397465131,https://inaturalist-open-data.s3.amazonaws.com/photos/729000862/medium.jpg,catherine_s7,397465131,Saddle Harlequin,Plantae,585534,1,0,2026-09-05 11:38:39,2026-09-05,2026-09-05 09:38:39 UTC,Pretoria,513,513,,open,false,,,9693310,,2026-09-05 15:36:35 UTC,2026-09-06 11:32:24 UTC,research,CC-BY-NC,NA,843,false
Eulophia speciosa,2026-08-19 12:29:59 +0200,,"Karridene, Kingsburgh, 4126, South Africa",-30.1263233333,30.846005,,Golden Harlequin,https://www.inaturalist.org/observations/397414310,https://static.inaturalist.org/photos/728900908/medium.jpg,ilebogang,397414310,Golden Harlequin,Plantae,140704,3,0,2026-08-19 12:29:59,2026-08-19,2026-08-19 10:29:59 UTC,Pretoria,5,5,,open,false,,,8859336,Lebogang Legodi,2026-09-05 12:09:39 UTC,2026-09-06 05:42:34 UTC,research,,NA,2,false
Eulophia maculata,2026-09-04 15:23:15 -0400,,"Gator Creek Reserve Trail, Lakeland, FL, US",28.1775616667,-81.985275,,Monk Orchid,https://www.inaturalist.org/observations/397402355,https://inaturalist-open-data.s3.amazonaws.com/photos/728875981/medium.jpg,rockeater,397402355,Monk Orchid,Plantae,1453469,2,0,2026-09-04 15:23:15,2026-09-04,2026-09-04 19:23:15 UTC,Eastern Time (US & Canada),4,4,,open,false,,,7449902,,2026-09-05 10:51:15 UTC,2026-09-05 12:08:39 UTC,research,CC-BY-NC,NA,843,false
Eulophia maculata,2026-09-04 15:17:37 -0400,,"Gator Creek Reserve Trail, Lakeland, FL, US",28.177795,-81.9822383333,,Monk Orchid,https://www.inaturalist.org/observations/397402014,https://inaturalist-open-data.s3.amazonaws.com/photos/728875282/medium.jpg,rockeater,397402014,Monk Orchid,Plantae,1453469,2,0,2026-09-04 15:17:37,2026-09-04,2026-09-04 19:17:37 UTC,Eastern Time (US & Canada),4,4,,open,false,,,7449902,,2026-09-05 10:48:48 UTC,2026-09-05 12:08:53 UTC,research,CC-BY-NC,NA,843,false
Eulophia hians hians,2026-09-05 00:00:00 +0200,,"Carletonville, 2499, South Africa",-26.4045478354,27.4637714887,,Blue Yawning Harlequin,https://www.inaturalist.org/observations/397393650,https://inaturalist-open-data.s3.amazonaws.com/photos/728859578/medium.jpg,kyle_campbell1,397393650,Blue Yawning Harlequin,Plantae,599258,1,0,2026/09/05,2026-09-05,,Pretoria,50,50,,open,false,,,5171908,Kyle Campbell,2026-09-05 09:51:53 UTC,2026-09-06 19:31:39 UTC,research,CC-BY-ND,NA,NA,false
Eulophia hians hians,2026-09-05 00:00:00 +0200,,"Carletonville, 2499, South Africa",-26.4045478354,27.4637714887,,Blue Yawning Harlequin,https://www.inaturalist.org/observations/397393649,https://inaturalist-open-data.s3.amazonaws.com/photos/728859568/medium.jpg,kyle_campbell1,397393649,Blue Yawning Harlequin,Plantae,599258,1,0,2026/09/05,2026-09-05,,Pretoria,50,50,,open,false,,,5171908,Kyle Campbell,2026-09-05 09:51:53 UTC,2026-09-06 19:31:48 UTC,research,CC-BY-ND,NA,NA,false
Eulophia hians hians,2026-09-05 00:00:00 +0200,,"Carletonville, 2499, South Africa",-26.4045478354,27.4637714887,,Blue Yawning Harlequin,https://www.inaturalist.org/observations/397393646,https://inaturalist-open-data.s3.amazonaws.com/photos/728859542/medium.jpg,kyle_campbell1,397393646,Blue Yawning Harlequin,Plantae,599258,1,0,2026/09/05,2026-09-05,,Pretoria,50,50,,open,false,,,5171908,Kyle Campbell,2026-09-05 09:51:52 UTC,2026-09-06 19:32:01 UTC,research,CC-BY-ND,NA,NA,false
Eulophia picta,2026-09-03 17:21:00 +0800,,,22.2384729549,114.021616543,,Shepherd's Crook Orchid,https://www.inaturalist.org/observations/397372692,https://inaturalist-open-data.s3.amazonaws.com/photos/728819565/medium.jpg,johnchau,397372692,Shepherd's Crook Orchid,Plantae,1598926,1,0,2026/09/03 5:21 PM,2026-09-03,2026-09-03 09:21:00 UTC,Hong Kong,NA,30298,obscured,,true,,,6778941,,2026-09-05 07:10:41 UTC,2026-09-05 11:14:17 UTC,research,CC-BY-NC,NA,NA,false
Eulophia picta,2026-09-03 17:20:00 +0800,,,22.2139973334,114.176789242,,Shepherd's Crook Orchid,https://www.inaturalist.org/observations/397372691,https://inaturalist-open-data.s3.amazonaws.com/photos/728819564/medium.jpg,johnchau,397372691,Shepherd's Crook Orchid,Plantae,1598926,1,0,2026/09/03 5:20 PM,2026-09-03,2026-09-03 09:20:00 UTC,Hong Kong,NA,30298,obscured,,true,,,6778941,,2026-09-05 07:10:40 UTC,2026-09-05 11:14:24 UTC,research,CC-BY-NC,NA,NA,false
Eulophia maculata,2026-09-02 12:16:00 -0600,,"Xmatkuil, Yuc., México",20.8664027778,-89.6229638889,,Monk Orchid,https://www.inaturalist.org/observations/397344414,https://inaturalist-open-data.s3.amazonaws.com/photos/728764175/medium.jpg,taisharamirez,397344414,Orquídea monja africana,Plantae,1453469,2,0,2026/09/02 12:16 PM,2026-09-02,2026-09-02 18:16:00 UTC,America/Merida,13,13,,open,false,,,9726595,Taisha Ramírez,2026-09-05 03:28:47 UTC,2026-09-05 15:02:23 UTC,research,CC-BY-NC,NA,NA,false
Eulophia alta,2026-09-04 18:47:16 -0400,,"Winnetka Dr, Lehigh Acres, FL, US",26.6860866667,-81.6120133333,,Wild Coco,https://www.inaturalist.org/observations/397296678,https://static.inaturalist.org/photos/728672119/medium.jpg,strgzzr,397296678,Wild Coco,Plantae,162776,2,0,2026-09-04 18:47:16,2026-09-04,2026-09-04 22:47:16 UTC,Eastern Time (US & Canada),3,3,,,false,,,987073,,2026-09-04 23:16:00 UTC,2026-09-07 11:42:48 UTC,research,,NA,843,false
Eulophia graminea,2026-09-04 03:09:54 -0400,,"Sydney Pl, Jacksonville, FL, US",30.310045,-81.6971583333,,Chinese Crown Orchid,https://www.inaturalist.org/observations/397291187,https://inaturalist-open-data.s3.amazonaws.com/photos/728660720/medium.jpg,baholbrook,397291187,Chinese Crown Orchid,Plantae,427629,1,0,2026-09-04 03:09:54,2026-09-04,2026-09-04 07:09:54 UTC,Eastern Time (US & Canada),5,5,,,false,,,10211271,Bailey,2026-09-04 22:47:27 UTC,2026-09-07 11:43:20 UTC,research,CC-BY-NC,NA,843,false
Eulophia hians hians,2026-09-04 00:00:00 +0200,,"Carletonville, 2499, South Africa",-26.3983987524,27.4650723115,,Blue Yawning Harlequin,https://www.inaturalist.org/observations/397191718,https://inaturalist-open-data.s3.amazonaws.com/photos/728463189/medium.jpg,kyle_campbell1,397191718,Blue Yawning Harlequin,Plantae,599258,1,0,2026/09/04,2026-09-04,,Pretoria,50,50,,open,false,,,5171908,Kyle Campbell,2026-09-04 15:26:33 UTC,2026-09-06 19:38:42 UTC,research,CC-BY-ND,NA,NA,false
Eulophia hians hians,2026-09-04 00:00:00 +0200,,"Carletonville, 2499, South Africa",-26.3983987524,27.4650723115,,Blue Yawning Harlequin,https://www.inaturalist.org/observations/397191708,https://inaturalist-open-data.s3.amazonaws.com/photos/728463170/medium.jpg,kyle_campbell1,397191708,Blue Yawning Harlequin,Plantae,599258,1,0,2026/09/04,2026-09-04,,Pretoria,50,50,,open,false,,,5171908,Kyle Campbell,2026-09-04 15:26:31 UTC,2026-09-06 19:38:34 UTC,research,CC-BY-ND,NA,NA,false
Eulophia hians hians,2026-09-04 00:00:00 +0200,,"Carletonville, 2499, South Africa",-26.4009934443,27.4635488168,,Blue Yawning Harlequin,https://www.inaturalist.org/observations/397190137,https://inaturalist-open-data.s3.amazonaws.com/photos/728460632/medium.jpg,kyle_campbell1,397190137,Blue Yawning Harlequin,Plantae,599258,1,0,2026/09/04,2026-09-04,,Pretoria,50,50,,open,false,,,5171908,Kyle Campbell,2026-09-04 15:19:48 UTC,2026-09-06 19:38:53 UTC,research,CC-BY-ND,NA,NA,false
Eulophia hians,2026-09-04 11:02:15 +0200,,"Bryanston, Sandton, 2191, South Africa",-26.0542848,28.0321287997,,Yawning Harlequin,https://www.inaturalist.org/observations/397161390,https://inaturalist-open-data.s3.amazonaws.com/photos/728409819/medium.jpg,richardgill,397161390,Yawning Harlequin,Plantae,415244,1,0,2026-09-04 11:02:15,2026-09-04,2026-09-04 09:02:15 UTC,Pretoria,NA,NA,,open,false,gps,gps,1288995,Richard Gill,2026-09-04 13:07:34 UTC,2026-09-04 15:14:00 UTC,research,CC-BY-NC,NA,2,false
Eulophia maculata,2026-09-03 08:43:00 -0300,"Nome correto atual: Oeceoclades maculata.
Encontrada dentro de uma floresta de dunas fixas, no Parque Natural Municipal das Dunas da Sabiaguaba.","Sabiaguaba, Fortaleza - CE, Brasil",-3.8011669,-38.4284065,,Monk Orchid,https://www.inaturalist.org/observations/397069545,https://inaturalist-open-data.s3.amazonaws.com/photos/728225977/medium.jpg,caiobitu,397069545,Orquídea-monge,Plantae,1453469,1,0,2026/09/03 08:43,2026-09-03,2026-09-03 11:43:00 UTC,America/Fortaleza,NA,NA,,open,false,,,8836656,Caio Vinicius Pompeu Bitú Paiva,2026-09-04 01:33:10 UTC,2026-09-04 01:43:13 UTC,research,CC-BY-NC,NA,NA,false
Eulophia maculata,2026-08-22 13:44:49 -0400,,"Lake Alice Field, Gainesville, FL 32603, EE. UU.",29.64487075,-82.3574295,,Monk Orchid,https://www.inaturalist.org/observations/396982331,https://inaturalist-open-data.s3.amazonaws.com/photos/728054058/medium.jpg,jordiabadbrotons,396982331,Orquídea monja africana,Plantae,1453469,3,0,2026-08-22 13:44:49,2026-08-22,2026-08-22 17:44:49 UTC,Eastern Time (US & Canada),NA,NA,,open,false,gps,gps,4252681,Jordi Abad-Brotons,2026-09-03 18:39:06 UTC,2026-09-04 13:23:57 UTC,research,CC-BY-NC,NA,2,false
Eulophia graminea,2026-09-03 08:00:53 -0500,,"Tomball Pkwy, Tomball, TX, US",30.016155905,-95.591753689,,Chinese Crown Orchid,https://www.inaturalist.org/observations/396902140,https://inaturalist-open-data.s3.amazonaws.com/photos/727902952/medium.jpg,saurondidnothingwrong,396902140,Chinese Crown Orchid,Plantae,427629,2,0,2026-09-03 08:00:53,2026-09-03,2026-09-03 13:00:53 UTC,Central Time (US & Canada),7,7,,,false,,,10078738,C P,2026-09-03 13:01:17 UTC,2026-09-05 12:58:33 UTC,research,CC-BY-NC,NA,843,false
Eulophia guineensis,2026-09-02 11:15:23 +0100,,"Ndé, CM-OU, CM",5.1506721667,10.4759283333,,,https://www.inaturalist.org/observations/396898980,https://inaturalist-open-data.s3.amazonaws.com/photos/727897100/medium.jpg,carsynmaier,396898980,Eulophia guineensis,Plantae,504849,2,0,2026-09-02 11:15:23,2026-09-02,2026-09-02 10:15:23 UTC,Africa/Douala,4,4,,,false,,,4608297,,2026-09-03 12:45:53 UTC,2026-09-05 12:58:18 UTC,research,CC-BY-NC,NA,843,false
Eulophia maculata,2026-08-20 14:29:02 -0300,,"Rua Fazendinha, Jaguaribe - Jaguaribe, Paulista - PE, Brasil",-7.9182399997,-34.8876959997,,Monk Orchid,https://www.inaturalist.org/observations/396876312,https://inaturalist-open-data.s3.amazonaws.com/photos/727851766/medium.jpg,marcello_ofiologia,396876312,Orquídea-monge,Plantae,1453469,1,0,2026-08-20 14:29:02,2026-08-20,2026-08-20 17:29:02 UTC,America/Recife,NA,NA,,open,false,gps,gps,10338644,Marcello Mastroianni Albuquerque Araújo,2026-09-03 10:08:38 UTC,2026-09-03 21:52:55 UTC,research,CC-BY,NA,2,false
Eulophia maculata,2026-09-01 09:58:42 -0400,,"Florida, US",25.6847510563,-80.2283442951,,Monk Orchid,https://www.inaturalist.org/observations/396824625,https://inaturalist-open-data.s3.amazonaws.com/photos/727749888/medium.jpg,lmcconachie,396824625,Monk Orchid,Plantae,1453469,3,0,2026-09-01 09:58:42,2026-09-01,2026-09-01 13:58:42 UTC,Eastern Time (US & Canada),NA,29936,obscured,open,true,,,4134556,LeslieMc,2026-09-03 02:55:08 UTC,2026-09-04 13:25:08 UTC,research,CC-BY-NC,NA,2,false
Eulophia graminea,2026-09-02 10:34:51 -0400,,"Venus, FL, US",27.1247611667,-81.367805,,Chinese Crown Orchid,https://www.inaturalist.org/observations/396798756,https://inaturalist-open-data.s3.amazonaws.com/photos/727694474/medium.jpg,saherron,396798756,Chinese Crown Orchid,Plantae,427629,2,0,2026-09-02 10:34:51,2026-09-02,2026-09-02 14:34:51 UTC,Eastern Time (US & Canada),11,11,,,false,,,943599,Sterling Herron,2026-09-03 00:30:22 UTC,2026-09-04 13:26:53 UTC,research,CC0,NA,843,false
Eulophia maculata,2026-09-01 09:03:51 -0300,,"Praia da Urca - Urca, Rio de Janeiro - RJ, 22291-060, Brésil",-22.9504,-43.1625111111,,Monk Orchid,https://www.inaturalist.org/observations/396791831,https://inaturalist-open-data.s3.amazonaws.com/photos/727679871/medium.jpg,fmunoz,396791831,Orchidée caméléon,Plantae,1453469,2,0,2026-09-01 09:03:51,2026-09-01,2026-09-01 12:03:51 UTC,Brasilia,NA,NA,,open,false,gps,gps,58808,,2026-09-02 23:51:20 UTC,2026-09-03 04:20:04 UTC,research,CC-BY,NA,2,false
Eulophia graminea,2026-09-02 18:55:21 -0400,,"Century Dr, Marco Island, FL, US",25.9516883333,-81.7338033333,,Chinese Crown Orchid,https://www.inaturalist.org/observations/396784742,https://inaturalist-open-data.s3.amazonaws.com/photos/727666256/medium.jpg,italty,396784742,Chinese Crown Orchid,Plantae,427629,1,0,2026-09-02 18:55:21,2026-09-02,2026-09-02 22:55:21 UTC,Eastern Time (US & Canada),10,10,,,false,,,2159765,Ian Talty,2026-09-02 23:15:54 UTC,2026-09-03 04:21:04 UTC,research,CC-BY,NA,843,false
Eulophia maculata,2026-08-09 09:09:00 -0300,"Mata Seca, APA Chapada do Araripe. Solo arenoso em porção alta e humoso, altamente aerado e com coprólitos, em proximidades de olho d´água.","Exu - PE, 56230-000, Brasil",-7.4217084564,-39.8388290878,,Monk Orchid,https://www.inaturalist.org/observations/396778671,https://inaturalist-open-data.s3.amazonaws.com/photos/727645778/medium.jpg,jwlimasilva,396778671,Orquídea-monge,Plantae,1453469,2,0,2026/08/09 9:09 AM,2026-08-09,2026-08-09 12:09:00 UTC,America/Recife,2799,2799,,open,false,,,5383684,José Weslley de Lima Silva,2026-09-02 22:43:11 UTC,2026-09-03 04:21:35 UTC,research,CC-BY-NC,NA,NA,false
Eulophia graminea,2026-09-01 17:08:30 -0500,,"Sprigtail Dr, Katy, TX, US",29.80858,-95.8576283333,,Chinese Crown Orchid,https://www.inaturalist.org/observations/396757675,https://inaturalist-open-data.s3.amazonaws.com/photos/727612603/medium.jpg,low-check537,396757675,Chinese Crown Orchid,Plantae,427629,1,0,2026-09-01 17:08:30,2026-09-01,2026-09-01 22:08:30 UTC,Central Time (US & Canada),29,29,,,false,,,9671679,,2026-09-02 20:58:38 UTC,2026-09-02 23:01:56 UTC,research,CC-BY-NC,NA,843,false
Eulophia cochlearis,2026-09-01 13:37:17 +0200,,"Ray Nkonyeni Rural, Port Shepstone, KwaZulu-Natal, ZA",-30.9579966667,30.2855333333,,Spoon Cinderella Orchid,https://www.inaturalist.org/observations/396711454,https://inaturalist-open-data.s3.amazonaws.com/photos/727521959/medium.jpg,tracyjarvis,396711454,Spoon Cinderella Orchid,Plantae,1453532,2,0,2026-09-01 13:37:17+02:00,2026-09-01,2026-09-01 11:37:17 UTC,Pretoria,195,195,,open,false,,,1609671,Tracy Taylor,2026-09-02 17:47:26 UTC,2026-09-03 10:48:18 UTC,research,CC-BY-NC,NA,3,false
Eulophia maculata,2026-08-05 12:48:00 -0600,,"Santa Tecla, El Salvador",13.6541333333,-89.2890777778,,Monk Orchid,https://www.inaturalist.org/observations/396708500,https://inaturalist-open-data.s3.amazonaws.com/photos/727511358/medium.jpg,nestorh,396708500,Orquídea monja africana,Plantae,1453469,1,0,2026/08/05 12:48 PM,2026-08-05,2026-08-05 18:48:00 UTC,America/El_Salvador,12,12,,open,false,,,210766,Nestor Herrera,2026-09-02 17:36:52 UTC,2026-09-03 04:30:57 UTC,research,CC-BY-NC,NA,NA,false
Eulophia hians hians,2026-08-27 13:01:32 +0200,,"Rennies Beach, Port Edward, KwaZulu-Natal, ZA",-31.0684778333,30.19818,,Blue Yawning Harlequin,https://www.inaturalist.org/observations/396687793,https://inaturalist-open-data.s3.amazonaws.com/photos/727477988/medium.jpg,tracyjarvis,396687793,Blue Yawning Harlequin,Plantae,599258,1,0,2026-08-27 13:01:32+02:00,2026-08-27,2026-08-27 11:01:32 UTC,Pretoria,5,5,,open,false,,,1609671,Tracy Taylor,2026-09-02 16:14:01 UTC,2026-09-03 10:48:32 UTC,research,CC-BY-NC,NA,3,false
Eulophia pauciflora,2026-09-02 15:21:43 +0700,,"Chiang Mai, TH",18.8766506263,98.8061757973,,,https://www.inaturalist.org/observations/396622473,https://inaturalist-open-data.s3.amazonaws.com/photos/727354543/medium.jpg,zoologistmitch,396622473,Eulophia pauciflora,Plantae,1279557,1,0,2026-09-02 15:21:43,2026-09-02,2026-09-02 08:21:43 UTC,Hanoi,NA,30615,obscured,,true,gps,gps,2393417,Christopher Mitchell,2026-09-02 11:01:48 UTC,2026-09-03 08:29:56 UTC,research,CC-BY-NC,NA,2,false
Eulophia picta,2025-12-21 11:39:00 +0800,,844台灣高雄市六龜區,22.9992055556,120.6244194444,,Shepherd's Crook Orchid,https://www.inaturalist.org/observations/396578457,https://static.inaturalist.org/photos/727281709/medium.jpg,liana_chen,396578457,垂頭地寶蘭,Plantae,1598926,1,0,2025/12/21 11:39,2025-12-21,2025-12-21 03:39:00 UTC,Taipei,3,3,,,false,,,985662,Bo-hao Chen,2026-09-02 05:47:48 UTC,2026-09-02 08:14:44 UTC,research,,NA,NA,false
Eulophia picta,2026-04-10 12:49:00 +1100,,"Koumac, Nord, New Caledonia",-20.51764,164.24286995,"Tiebaghi - PK4, Koumac, Eulophia cernua",Shepherd's Crook Orchid,https://www.inaturalist.org/observations/396576075,https://inaturalist-open-data.s3.amazonaws.com/photos/727271963/medium.jpg,hervevan,396576075,Eulophia picta,Plantae,1598926,4,0,2026/04/10 12:49,2026-04-10,2026-04-10 01:49:00 UTC,New Caledonia,NA,NA,,,false,,,5147422,,2026-09-02 05:38:47 UTC,2026-10-03 02:11:31 UTC,research,CC-BY-NC,NA,NA,false
Eulophia horsfallii,2026-08-25 11:35:23 +0300,,"Masaka, UG-MA-BT, UG",-0.3934033333,31.7094866667,,Purple Vlei Harlequin,https://www.inaturalist.org/observations/396574119,https://inaturalist-open-data.s3.amazonaws.com/photos/727276825/medium.jpg,bkaplin,396574119,Purple Vlei Harlequin,Plantae,502552,1,0,2026-08-25 11:35:23,2026-08-25,2026-08-25 08:35:23 UTC,Nairobi,4,4,,,false,,,4423172,,2026-09-02 05:24:08 UTC,2026-09-02 07:34:25 UTC,research,CC-BY-NC,NA,843,false
Eulophia graminea,2026-08-31 10:58:00 +0800,,Taiwan,24.9792109999,121.5621535475,,Chinese Crown Orchid,https://www.inaturalist.org/observations/396543083,https://inaturalist-open-data.s3.amazonaws.com/photos/727213039/medium.jpg,cjy7,396543083,美冠蘭,Plantae,427629,1,0,2026/08/31 10:58,2026-08-31,2026-08-31 02:58:00 UTC,Taipei,14,30025,,obscured,true,,,6593059,,2026-09-02 02:06:10 UTC,2026-09-02 03:21:02 UTC,research,CC-BY-NC,NA,NA,false
Eulophia picta,2026-09-02 10:27:13 +1000,,Australia,-27.7869301976,153.3964107235,,Shepherd's Crook Orchid,https://www.inaturalist.org/observations/396525615,https://inaturalist-open-data.s3.amazonaws.com/photos/727177412/medium.jpg,benjy8212,396525615,Shepherd's Crook Orchid,Plantae,1598926,2,0,2026-09-02 10:27:13,2026-09-02,2026-09-02 00:27:13 UTC,Brisbane,8,29704,,obscured,true,,,10905681,Ben Nolan,2026-09-02 00:28:24 UTC,2026-09-02 07:24:37 UTC,research,CC-BY-NC,NA,2,false
Eulophia graminea,2026-09-01 17:08:30 -0500,,"Sprigtail Dr, Katy, TX, US",29.8084408928,-95.8576488154,,Chinese Crown Orchid,https://www.inaturalist.org/observations/396499846,https://inaturalist-open-data.s3.amazonaws.com/photos/727125393/medium.jpg,low-check537,396499846,Chinese Crown Orchid,Plantae,427629,1,0,2026-09-01 17:08:30,2026-09-01,2026-09-01 22:08:30 UTC,Central Time (US & Canada),5,5,,,false,,,9671679,,2026-09-01 22:11:47 UTC,2026-09-02 03:27:57 UTC,research,CC-BY-NC,NA,843,false
Eulophia maculata,2026-09-01 16:49:40 -0400,,"SE Mariposa Ave, Port Saint Lucie, FL, US",27.2712833333,-80.2826533333,,Monk Orchid,https://www.inaturalist.org/observations/396492095,https://inaturalist-open-data.s3.amazonaws.com/photos/727109743/medium.jpg,hardeeparty,396492095,Monk Orchid,Plantae,1453469,2,0,2026-09-01 16:49:40-04:00,2026-09-01,2026-09-01 20:49:40 UTC,Eastern Time (US & Canada),35,35,,open,false,,,8372098,James Hardee,2026-09-01 21:33:08 UTC,2026-09-02 03:28:50 UTC,research,,NA,3,false
Eulophia parvula,2026-09-01 13:47:45 +0200,,"Lusaka, ZM",-15.291955,28.4581916667,,,https://www.inaturalist.org/observations/396402909,https://inaturalist-open-data.s3.amazonaws.com/photos/726965261/medium.jpg,troos,396402909,Eulophia parvula,Plantae,1494183,2,0,2026-09-01 13:47:45,2026-09-01,2026-09-01 11:47:45 UTC,Africa/Lusaka,4,4,,,false,,,1109131,Troos van der Merwe,2026-09-01 16:08:03 UTC,2026-09-02 07:34:22 UTC,research,CC-BY-NC,NA,843,false
Eulophia clitellifera,2026-09-01 13:51:18 +0200,,"Lusaka, ZM",-15.2917533333,28.4587833333,,Saddle Harlequin,https://www.inaturalist.org/observations/396392752,https://inaturalist-open-data.s3.amazonaws.com/photos/726946207/medium.jpg,troos,396392752,Eulophia clitellifera,Plantae,585534,2,0,2026-09-01 13:51:18,2026-09-01,2026-09-01 11:51:18 UTC,Africa/Lusaka,2,2,,,false,,,1109131,Troos van der Merwe,2026-09-01 15:26:15 UTC,2026-09-02 07:34:15 UTC,research,CC-BY-NC,NA,843,false
Eulophia graminea,2026-09-01 10:40:11 -0400,,"Riverside Ave & Stonewall St, Jacksonville, FL 32204, USA",30.3258274728,-81.6719750315,,Chinese Crown Orchid,https://www.inaturalist.org/observations/396382694,https://inaturalist-open-data.s3.amazonaws.com/photos/726927860/medium.jpg,cecildichiara,396382694,Chinese Crown Orchid,Plantae,427629,1,0,2026-09-01 10:40:11,2026-09-01,2026-09-01 14:40:11 UTC,Eastern Time (US & Canada),9,9,,,false,,,4145346,,2026-09-01 14:42:21 UTC,2026-09-04 13:30:50 UTC,research,CC-BY-NC,NA,2,false
Eulophia maculata,2026-08-27 14:20:14 -0300,,"Lavras, BR-MG, BR",-21.2289066,-44.96738351,,Monk Orchid,https://www.inaturalist.org/observations/396366529,https://inaturalist-open-data.s3.amazonaws.com/photos/726897602/medium.jpg,fabiana10008,396366529,Orquídea-monge,Plantae,1453469,2,0,2026-08-27 14:20:14,2026-08-27,2026-08-27 17:20:14 UTC,Brasilia,6,6,,open,false,,,10923422,FABIANA FINOTI RIBEIRO DE ANDRADE,2026-09-01 13:23:08 UTC,2026-09-02 03:41:59 UTC,research,CC-BY-NC,NA,2,false
Eulophia hians inaequalis,2026-09-01 00:00:00 +0200,,"West Rand District Municipality, South Africa",-26.3242965732,27.4034964731,,Yellow Yawning Harlequin,https://www.inaturalist.org/observations/396329642,https://inaturalist-open-data.s3.amazonaws.com/photos/726824351/medium.jpg,kyle_campbell1,396329642,Yellow Yawning Harlequin,Plantae,599259,1,0,2026/09/01,2026-09-01,,Pretoria,100,100,,open,false,,,5171908,Kyle Campbell,2026-09-01 08:59:42 UTC,2026-09-01 16:31:15 UTC,research,CC-BY-ND,NA,NA,false
Eulophia petersii,2026-09-01 09:52:53 +0200,,"Komatiepoort, Komatipoort, 1340, South Africa",-25.39684232,31.96424264,,Garden Harlequin,https://www.inaturalist.org/observations/396323144,https://inaturalist-open-data.s3.amazonaws.com/photos/726815925/medium.jpg,mathewharris13,396323144,Garden Harlequin,Plantae,489945,1,0,2026-09-01 09:52:53,2026-09-01,2026-09-01 07:52:53 UTC,Pretoria,6,6,,open,false,,,9239194,,2026-09-01 07:55:00 UTC,2026-09-01 11:32:21 UTC,research,CC-BY-NC,NA,2,false
Eulophia picta,2026-08-13 15:15:00 +1000,,"Queensland, AU",-27.0403356824,152.8750264823,,Shepherd's Crook Orchid,https://www.inaturalist.org/observations/396317292,https://inaturalist-open-data.s3.amazonaws.com/photos/726797092/medium.jpg,lucaschristo,396317292,Shepherd's Crook Orchid,Plantae,1598926,1,0,2026/08/13 3:15 PM,2026-08-13,2026-08-13 05:15:00 UTC,Brisbane,NA,29775,,obscured,true,,,5479086,Lucas Christofides,2026-09-01 06:58:39 UTC,2026-09-01 07:15:24 UTC,research,CC-BY,NA,NA,false
Eulophia petersii,2026-09-01 07:32:15 +0200,,"Komatiepoort, Komatipoort, 1340, South Africa",-25.41832563,31.95998511,,Garden Harlequin,https://www.inaturalist.org/observations/396308354,https://inaturalist-open-data.s3.amazonaws.com/photos/726783094/medium.jpg,mathewharris13,396308354,Garden Harlequin,Plantae,489945,1,0,2026-09-01 07:32:15,2026-09-01,2026-09-01 05:32:15 UTC,Pretoria,9,9,,open,false,,,9239194,,2026-09-01 05:33:42 UTC,2026-09-01 05:35:32 UTC,research,CC-BY-NC,NA,2,false
Eulophia maculata,2026-08-24 09:47:58 -0500,,"Solidaridad, Q. Roo., MX",20.6922133333,-87.0781471667,,Monk Orchid,https://www.inaturalist.org/observations/396275884,https://inaturalist-open-data.s3.amazonaws.com/photos/726719440/medium.jpg,fam_marin_flores,396275884,Orquídea monja africana,Plantae,1453469,3,0,2026-08-24 09:47:58-05:00,2026-08-24,2026-08-24 14:47:58 UTC,America/Cancun,16,16,,open,false,,,506854,Alejandra Flores,2026-09-01 02:01:12 UTC,2026-09-03 17:44:54 UTC,research,CC-BY-NC-SA,NA,3,false
Eulophia maculata,2026-08-31 15:38:39 -0400,,Puerto Rico,18.1997579915,-66.7975662452,,Monk Orchid,https://www.inaturalist.org/observations/396265005,https://inaturalist-open-data.s3.amazonaws.com/photos/726697577/medium.jpg,omarmcarmona,396265005,Monk Orchid,Plantae,1453469,3,0,2026-08-31 15:38:39,2026-08-31,2026-08-31 19:38:39 UTC,Puerto Rico,4,30683,obscured,open,true,,,162314,Omar Monzon Carmona,2026-09-01 01:07:06 UTC,2026-09-18 17:14:51 UTC,research,CC-BY-NC,NA,843,false
Eulophia maculata,2026-08-21 10:54:10 -0400,,Puerto Rico,18.1711056707,-65.4809090051,,Monk Orchid,https://www.inaturalist.org/observations/396260137,https://static.inaturalist.org/photos/726686799/medium.jpg,carlosandres,396260137,Monk Orchid,Plantae,1453469,1,0,2026-08-21 10:54:10,2026-08-21,2026-08-21 14:54:10 UTC,Puerto Rico,16,30683,obscured,open,true,,,11616,Carlos Andrés Rodríguez Gómez,2026-09-01 00:42:34 UTC,2026-09-01 04:15:24 UTC,research,,NA,843,false
Eulophia maculata,2026-08-21 10:12:51 -0400,,Puerto Rico,18.1200753666,-65.4802199629,,Monk Orchid,https://www.inaturalist.org/observations/396255007,https://static.inaturalist.org/photos/726675869/medium.jpg,carlosandres,396255007,Monk Orchid,Plantae,1453469,3,0,2026-08-21 10:12:51,2026-08-21,2026-08-21 14:12:51 UTC,Puerto Rico,16,30683,obscured,open,true,,,11616,Carlos Andrés Rodríguez Gómez,2026-09-01 00:17:38 UTC,2026-09-18 17:15:18 UTC,research,,NA,843,false
Eulophia alta,2026-08-19 08:19:10 -0500,Flor de palma ,"Montelíbano, CO-CO, CO",7.90487977,-75.51560548,,Wild Coco,https://www.inaturalist.org/observations/396176327,https://inaturalist-open-data.s3.amazonaws.com/photos/726517097/medium.jpg,ofir_maria,396176327,Eulophia alta,Plantae,162776,3,0,2026-08-19 08:19:10,2026-08-19,2026-08-19 13:19:10 UTC,Bogota,8,8,,,false,,,10793009,OFIR MARIA FLOREZ SIERRA,2026-08-31 18:38:07 UTC,2026-09-04 03:54:21 UTC,research,CC-BY-NC,NA,2,false
Eulophia maculata,2026-08-16 10:05:00 -0400,,Dominican Republic,18.6807115994,-69.7660033906,,Monk Orchid,https://www.inaturalist.org/observations/396157231,https://static.inaturalist.org/photos/726473865/medium.jpg,porlanaturaleza,396157231,Orquídea monja africana,Plantae,1453469,1,0,2026/08/16 10:05 AM,2026-08-16,2026-08-16 14:05:00 UTC,America/Santo_Domingo,5,30632,obscured,open,true,,,1388528,Porlanaturaleza,2026-08-31 17:18:01 UTC,2026-09-01 04:31:09 UTC,research,CC-BY-NC-SA,NA,NA,false
Eulophia ensata,2026-08-27 12:00:59 +0200,,"Rennies Beach, Port Edward, KwaZulu-Natal, ZA",-31.0671166667,30.197145,,Sword Harlequin,https://www.inaturalist.org/observations/396141100,https://inaturalist-open-data.s3.amazonaws.com/photos/726475074/medium.jpg,tracyjarvis,396141100,Sword Harlequin,Plantae,578692,1,0,2026-08-27 12:00:59+02:00,2026-08-27,2026-08-27 10:00:59 UTC,Pretoria,6,6,,open,false,,,1609671,Tracy Taylor,2026-08-31 16:08:55 UTC,2026-09-03 10:54:33 UTC,research,CC-BY-NC,NA,3,false
Eulophia hians inaequalis,2026-08-31 00:00:00 +0200,,"West Rand District Municipality, South Africa",-26.3240858001,27.40180568,,Yellow Yawning Harlequin,https://www.inaturalist.org/observations/396118000,https://inaturalist-open-data.s3.amazonaws.com/photos/726404260/medium.jpg,kyle_campbell1,396118000,Yellow Yawning Harlequin,Plantae,599259,1,0,2026/08/31,2026-08-31,,Pretoria,100,100,,open,false,,,5171908,Kyle Campbell,2026-08-31 14:30:39 UTC,2026-09-22 12:47:01 UTC,research,CC-BY-ND,NA,NA,false
Eulophia hians inaequalis,2026-08-31 00:00:00 +0200,,"West Rand District Municipality, South Africa",-26.3240858001,27.40180568,,Yellow Yawning Harlequin,https://www.inaturalist.org/observations/396117994,https://inaturalist-open-data.s3.amazonaws.com/photos/726404242/medium.jpg,kyle_campbell1,396117994,Yellow Yawning Harlequin,Plantae,599259,1,0,2026/08/31,2026-08-31,,Pretoria,100,100,,open,false,,,5171908,Kyle Campbell,2026-08-31 14:30:38 UTC,2026-09-22 12:46:55 UTC,research,CC-BY-ND,NA,NA,false
Eulophia hians inaequalis,2026-08-31 00:00:00 +0200,,"West Rand District Municipality, South Africa",-26.3240858001,27.40180568,,Yellow Yawning Harlequin,https://www.inaturalist.org/observations/396117993,https://inaturalist-open-data.s3.amazonaws.com/photos/726404193/medium.jpg,kyle_campbell1,396117993,Yellow Yawning Harlequin,Plantae,599259,1,0,2026/08/31,2026-08-31,,Pretoria,100,100,,open,false,,,5171908,Kyle Campbell,2026-08-31 14:30:38 UTC,2026-09-22 12:47:13 UTC,research,CC-BY-ND,NA,NA,false
Eulophia hians inaequalis,2026-08-31 00:00:00 +0200,,"West Rand District Municipality, South Africa",-26.3240858001,27.40180568,,Yellow Yawning Harlequin,https://www.inaturalist.org/observations/396117984,https://inaturalist-open-data.s3.amazonaws.com/photos/726404172/medium.jpg,kyle_campbell1,396117984,Yellow Yawning Harlequin,Plantae,599259,1,0,2026/08/31,2026-08-31,,Pretoria,100,100,,open,false,,,5171908,Kyle Campbell,2026-08-31 14:30:37 UTC,2026-09-22 12:47:21 UTC,research,CC-BY-ND,NA,NA,false
Eulophia hians inaequalis,2026-08-31 00:00:00 +0200,,"West Rand District Municipality, South Africa",-26.3240858001,27.40180568,,Yellow Yawning Harlequin,https://www.inaturalist.org/observations/396117979,https://inaturalist-open-data.s3.amazonaws.com/photos/726404162/medium.jpg,kyle_campbell1,396117979,Yellow Yawning Harlequin,Plantae,599259,1,0,2026/08/31,2026-08-31,,Pretoria,100,100,,open,false,,,5171908,Kyle Campbell,2026-08-31 14:30:36 UTC,2026-09-22 12:47:34 UTC,research,CC-BY-ND,NA,NA,false
Eulophia hians inaequalis,2026-08-31 00:00:00 +0200,,"West Rand District Municipality, South Africa",-26.3240858001,27.40180568,,Yellow Yawning Harlequin,https://www.inaturalist.org/observations/396117977,https://inaturalist-open-data.s3.amazonaws.com/photos/726404121/medium.jpg,kyle_campbell1,396117977,Yellow Yawning Harlequin,Plantae,599259,1,0,2026/08/31,2026-08-31,,Pretoria,100,100,,open,false,,,5171908,Kyle Campbell,2026-08-31 14:30:36 UTC,2026-09-22 12:47:41 UTC,research,CC-BY-ND,NA,NA,false
Eulophia hians inaequalis,2026-08-31 00:00:00 +0200,,"West Rand District Municipality, South Africa",-26.3240858001,27.40180568,,Yellow Yawning Harlequin,https://www.inaturalist.org/observations/396117975,https://inaturalist-open-data.s3.amazonaws.com/photos/726404070/medium.jpg,kyle_campbell1,396117975,Yellow Yawning Harlequin,Plantae,599259,1,0,2026/08/31,2026-08-31,,Pretoria,100,100,,open,false,,,5171908,Kyle Campbell,2026-08-31 14:30:35 UTC,2026-09-22 12:47:56 UTC,research,CC-BY-ND,NA,NA,false
Eulophia hians inaequalis,2026-08-31 00:00:00 +0200,,"West Rand District Municipality, South Africa",-26.3240858001,27.40180568,,Yellow Yawning Harlequin,https://www.inaturalist.org/observations/396117967,https://inaturalist-open-data.s3.amazonaws.com/photos/726404045/medium.jpg,kyle_campbell1,396117967,Yellow Yawning Harlequin,Plantae,599259,1,0,2026/08/31,2026-08-31,,Pretoria,100,100,,open,false,,,5171908,Kyle Campbell,2026-08-31 14:30:35 UTC,2026-09-22 12:48:07 UTC,research,CC-BY-ND,NA,NA,false
Eulophia hians inaequalis,2026-08-31 00:00:00 +0200,,"West Rand District Municipality, South Africa",-26.3240858001,27.40180568,,Yellow Yawning Harlequin,https://www.inaturalist.org/observations/396117965,https://inaturalist-open-data.s3.amazonaws.com/photos/726404056/medium.jpg,kyle_campbell1,396117965,Yellow Yawning Harlequin,Plantae,599259,1,0,2026/08/31,2026-08-31,,Pretoria,100,100,,open,false,,,5171908,Kyle Campbell,2026-08-31 14:30:35 UTC,2026-09-22 12:48:18 UTC,research,CC-BY-ND,NA,NA,false
Eulophia hians inaequalis,2026-08-31 00:00:00 +0200,,"West Rand District Municipality, South Africa",-26.3240858001,27.40180568,,Yellow Yawning Harlequin,https://www.inaturalist.org/observations/396117949,https://inaturalist-open-data.s3.amazonaws.com/photos/726403965/medium.jpg,kyle_campbell1,396117949,Yellow Yawning Harlequin,Plantae,599259,1,0,2026/08/31,2026-08-31,,Pretoria,100,100,,open,false,,,5171908,Kyle Campbell,2026-08-31 14:30:32 UTC,2026-09-22 12:48:25 UTC,research,CC-BY-ND,NA,NA,false
Eulophia zollingeri,2008-05-16 08:18:00 +0700,,"Hin Tung, Mueang Nakhon Nayok District, Nakhon Nayok 26000, Thailand",14.422187974,101.3368568424,,,https://www.inaturalist.org/observations/396112209,https://inaturalist-open-data.s3.amazonaws.com/photos/726392068/medium.jpg,wangworn,396112209,Eulophia zollingeri,Plantae,549363,1,0,2008/05/16 8:18 AM,2008-05-16,2008-05-16 01:18:00 UTC,Hanoi,4649,4649,,,false,,,4742261,Wangworn Sankamethawee,2026-08-31 14:06:48 UTC,2026-09-01 04:38:19 UTC,research,CC-BY-NC,NA,NA,false
Eulophia graminea,2026-08-31 18:35:54 +0800,,"Singapore, SG, SG",1.3604594572,103.7663129384,,Chinese Crown Orchid,https://www.inaturalist.org/observations/396075665,https://inaturalist-open-data.s3.amazonaws.com/photos/726321154/medium.jpg,trisha72727,396075665,Chinese Crown Orchid,Plantae,427629,2,0,2026-08-31 18:35:54,2026-08-31,2026-08-31 10:35:54 UTC,Singapore,34,34,,,false,,,9872368,Trisha Teppho,2026-08-31 10:38:19 UTC,2026-09-01 04:43:32 UTC,research,CC-BY-NC,NA,843,false
Eulophia picta,2026-08-29 12:28:44 +1000,,"Queensland, AU",-27.1089622824,152.9614471769,,Shepherd's Crook Orchid,https://www.inaturalist.org/observations/396012639,https://inaturalist-open-data.s3.amazonaws.com/photos/726194154/medium.jpg,jeygan,396012639,Shepherd's Crook Orchid,Plantae,1598926,1,0,2026-08-29 12:28:44+10:00,2026-08-29,2026-08-29 02:28:44 UTC,Brisbane,232,29775,,obscured,true,,,8976051,Jeygan Sanganithy,2026-08-31 02:38:12 UTC,2026-08-31 02:56:30 UTC,research,CC-BY-NC,NA,3,false
Eulophia maculata,2026-08-29 10:05:00 -0600,,Arroyo negro Campeche ,17.815725,-89.275779,,Monk Orchid,https://www.inaturalist.org/observations/395998651,https://inaturalist-open-data.s3.amazonaws.com/photos/726165420/medium.jpg,martin-riestra,395998651,Orquídea monja africana,Plantae,1453469,1,0,2026/08/29 10:05 AM,2026-08-29,2026-08-29 16:05:00 UTC,America/Merida,1009,1009,,open,false,,,6013357,Martín Riestra Morales,2026-08-31 01:36:53 UTC,2026-09-09 05:22:53 UTC,research,CC-BY-NC,NA,NA,false
Eulophia picta,2026-08-29 12:02:47 +1000,,"Queensland, AU",-27.0781049695,152.9305977368,,Shepherd's Crook Orchid,https://www.inaturalist.org/observations/395988796,https://inaturalist-open-data.s3.amazonaws.com/photos/726145985/medium.jpg,jeygan,395988796,Shepherd's Crook Orchid,Plantae,1598926,1,0,2026-08-29 12:02:47+10:00,2026-08-29,2026-08-29 02:02:47 UTC,Brisbane,133,29775,,obscured,true,,,8976051,Jeygan Sanganithy,2026-08-31 00:51:17 UTC,2026-08-31 02:30:08 UTC,research,CC-BY-NC,NA,3,false
Eulophia maculata,2026-08-09 10:38:18 -0600,,"Escuintla, Guatemala",14.391369199,-90.7581877336,,Monk Orchid,https://www.inaturalist.org/observations/395924825,https://inaturalist-open-data.s3.amazonaws.com/photos/726015850/medium.jpg,jcdonis,395924825,Orquídea monja africana,Plantae,1453469,2,0,2026-08-09 10:38:18,2026-08-09,2026-08-09 16:38:18 UTC,Central America,211,211,,open,false,,,10945397,Juan Carlos Donis,2026-08-30 20:35:39 UTC,2026-09-03 18:08:58 UTC,research,CC-BY-NC,NA,2,false
Eulophia graminea,2026-08-29 11:40:00 -0500,,"Montgomery, Texas, United States",30.15821667,-95.47232778,,Chinese Crown Orchid,https://www.inaturalist.org/observations/395907705,https://inaturalist-open-data.s3.amazonaws.com/photos/725982182/medium.jpg,drbh2o,395907705,Chinese Crown Orchid,Plantae,427629,1,0,2026/08/29 11:40 AM,2026-08-29,2026-08-29 16:40:00 UTC,Central Time (US & Canada),NA,NA,,,false,,,521220,Matt,2026-08-30 19:43:58 UTC,2026-09-01 04:48:05 UTC,research,CC-BY-NC,NA,NA,false
Eulophia maculata,2026-08-30 13:11:53 -0400,,"Mt Dora, FL 32757, USA",28.7351027778,-81.6657361111,,Monk Orchid,https://www.inaturalist.org/observations/395866096,https://inaturalist-open-data.s3.amazonaws.com/photos/725901697/medium.jpg,halfu,395866096,Monk Orchid,Plantae,1453469,3,0,2026-08-30 13:11:53,2026-08-30,2026-08-30 17:11:53 UTC,Eastern Time (US & Canada),NA,NA,,open,false,gps,gps,9242243,,2026-08-30 17:36:19 UTC,2026-09-14 13:39:51 UTC,research,CC-BY-NC,NA,2,false
Eulophia flava,2010-06-04 16:03:00 +0800,,中国海南省昌江黎族自治县,19.4032526633,109.0456246968,,Yellow Eulophia,https://www.inaturalist.org/observations/395830454,https://inaturalist-open-data.s3.amazonaws.com/photos/725830678/medium.jpg,island-lover,395830454,黄花美冠兰,Plantae,787778,2,0,2010/06/04 16:03,2010-06-04,2010-06-04 08:03:00 UTC,Beijing,1627,1627,,,false,,,10933172,,2026-08-30 15:44:51 UTC,2026-08-31 12:33:12 UTC,research,CC-BY-NC,NA,NA,false
Eulophia nuda,2026-08-30 16:10:53 +0700,,"Khao Thong, 甲米, 泰国",8.17307209,98.75310894,,Grass Orchid,https://www.inaturalist.org/observations/395792850,https://inaturalist-open-data.s3.amazonaws.com/photos/725760315/medium.jpg,chronzel,395792850,紫花美冠兰,Plantae,1396480,1,0,2026-08-30 16:10:53,2026-08-30,2026-08-30 09:10:53 UTC,Hanoi,NA,NA,,,false,,,8435224,,2026-08-30 13:32:31 UTC,2026-09-07 04:16:28 UTC,research,CC-BY-NC,NA,2,false
Eulophia picta,2026-07-08 10:48:48 +1000,,"Queensland, AU",-16.8184978396,146.18341367,,Shepherd's Crook Orchid,https://www.inaturalist.org/observations/395765428,https://inaturalist-open-data.s3.amazonaws.com/photos/725706982/medium.jpg,msurowiec,395765428,Shepherd's Crook Orchid,Plantae,1598926,2,0,2026-07-08 10:48:48,2026-07-08,2026-07-08 00:48:48 UTC,Brisbane,13478,30780,,obscured,true,,,9353248,,2026-08-30 11:18:53 UTC,2026-09-02 03:52:50 UTC,research,CC-BY-NC,NA,843,false
Eulophia nuda,2026-08-29 19:25:25 +0700,,"Ton Han, Krabi 81140, Thailand",8.2957169722,98.9557089722,,Grass Orchid,https://www.inaturalist.org/observations/395748719,https://inaturalist-open-data.s3.amazonaws.com/photos/725674963/medium.jpg,pavelkornev,395748719,Grass Orchid,Plantae,1396480,1,0,2026-08-29 19:25:25,2026-08-29,2026-08-29 12:25:25 UTC,Hanoi,NA,NA,,,false,gps,gps,8353920,,2026-08-30 09:29:40 UTC,2026-08-30 12:39:29 UTC,research,CC-BY-NC,NA,2,false
Eulophia maculata,2026-08-29 15:56:16 -0600,,"HP68+4FV, El Estor, Guatemala",15.5607842,-89.2834195,,Monk Orchid,https://www.inaturalist.org/observations/395626332,https://inaturalist-open-data.s3.amazonaws.com/photos/725444533/medium.jpg,jose82337,395626332,Orquídea monja africana,Plantae,1453469,1,0,2026-08-29 15:56:16,2026-08-29,2026-08-29 21:56:16 UTC,Central America,NA,NA,,open,false,,,10132180,Jose Santiago,2026-08-29 21:58:36 UTC,2026-08-30 04:59:58 UTC,research,CC-BY-NC,NA,2,false
Eulophia graminea,2026-08-29 12:23:16 -0400,,"Merritt Island, FL 32953, USA",28.5232333333,-80.6825777778,,Chinese Crown Orchid,https://www.inaturalist.org/observations/395589575,https://inaturalist-open-data.s3.amazonaws.com/photos/725358255/medium.jpg,rhoads,395589575,Chinese Crown Orchid,Plantae,427629,2,0,2026-08-29 12:23:16,2026-08-29,2026-08-29 16:23:16 UTC,Eastern Time (US & Canada),NA,NA,,,false,gps,gps,1675732,,2026-08-29 19:52:46 UTC,2026-08-30 22:23:12 UTC,research,CC-BY-NC,NA,2,false
Eulophia parviflora,2026-08-29 15:29:32 +0200,,"Ray Nkonyeni Local Municipality, South Africa",-31.0061557,30.1764313997,,Mini Harlequin,https://www.inaturalist.org/observations/395571783,https://static.inaturalist.org/photos/725326056/medium.jpg,nubigenus,395571783,Eulophia parviflora,Plantae,577769,1,0,2026-08-29 15:29:32,2026-08-29,2026-08-29 13:29:32 UTC,Pretoria,NA,NA,,open,false,gps,gps,3958502,Camilla Rose Christie,2026-08-29 18:56:36 UTC,2026-08-30 05:02:28 UTC,research,,NA,2,false
Eulophia parviflora,2026-08-29 15:20:11 +0200,,"Ray Nkonyeni Local Municipality, South Africa",-31.0034637,30.1748115,,Mini Harlequin,https://www.inaturalist.org/observations/395571674,https://static.inaturalist.org/photos/725325959/medium.jpg,nubigenus,395571674,Eulophia parviflora,Plantae,577769,1,0,2026-08-29 15:20:11,2026-08-29,2026-08-29 13:20:11 UTC,Pretoria,NA,NA,,open,false,gps,gps,3958502,Camilla Rose Christie,2026-08-29 18:56:25 UTC,2026-08-30 05:02:13 UTC,research,,NA,2,false
Eulophia hians hians,2026-08-29 15:13:42 +0200,,"Ray Nkonyeni Local Municipality, South Africa",-31.0027716389,30.1750336389,,Blue Yawning Harlequin,https://www.inaturalist.org/observations/395571378,https://static.inaturalist.org/photos/725325743/medium.jpg,nubigenus,395571378,Eulophia hians hians,Plantae,599258,2,0,2026-08-29 15:13:42,2026-08-29,2026-08-29 13:13:42 UTC,Pretoria,NA,NA,,open,false,,,3958502,Camilla Rose Christie,2026-08-29 18:55:54 UTC,2026-08-30 06:49:31 UTC,research,,NA,2,false
Eulophia hians,2026-08-29 14:04:45 +0200,,"Ray Nkonyeni Local Municipality, South Africa",-31.004708,30.1751393,,Yawning Harlequin,https://www.inaturalist.org/observations/395567648,https://static.inaturalist.org/photos/725322328/medium.jpg,nubigenus,395567648,Eulophia hians,Plantae,415244,1,0,2026-08-29 14:04:45,2026-08-29,2026-08-29 12:04:45 UTC,Pretoria,NA,NA,,open,false,gps,gps,3958502,Camilla Rose Christie,2026-08-29 18:50:01 UTC,2026-08-30 05:19:58 UTC,research,,NA,2,false
Eulophia coeloglossa,2026-08-29 12:31:22 +0200,"Five plants, three in flower, two just spiking.","Rennies Beach, Port Edward, 4295, South Africa",-31.0684169028,30.2080384722,,Babytooth Harlequin,https://www.inaturalist.org/observations/395561561,https://static.inaturalist.org/photos/725320180/medium.jpg,nubigenus,395561561,Eulophia coeloglossa,Plantae,585535,2,0,2026-08-29 12:31:22,2026-08-29,2026-08-29 10:31:22 UTC,Pretoria,NA,NA,,open,false,gps,gps,3958502,Camilla Rose Christie,2026-08-29 18:37:39 UTC,2026-08-30 05:19:00 UTC,research,,NA,2,false
Eulophia cochlearis,2026-08-29 12:28:52 +0200,Acrolophia cochlearis,"Rennies Beach, Port Edward, 4295, South Africa",-31.068415,30.2079853997,,Spoon Cinderella Orchid,https://www.inaturalist.org/observations/395558809,https://static.inaturalist.org/photos/725315706/medium.jpg,nubigenus,395558809,Eulophia cochlearis,Plantae,1453532,2,0,2026-08-29 12:28:52,2026-08-29,2026-08-29 10:28:52 UTC,Pretoria,NA,NA,,open,false,gps,gps,3958502,Camilla Rose Christie,2026-08-29 18:28:06 UTC,2026-08-30 05:19:33 UTC,research,,NA,2,false
Eulophia graminea,2026-08-29 08:53:37 -0400,,"Tarpon Springs, FL, US",28.1281221667,-82.737555,,Chinese Crown Orchid,https://www.inaturalist.org/observations/395465775,https://inaturalist-open-data.s3.amazonaws.com/photos/725135902/medium.jpg,alisongemini7,395465775,Chinese Crown Orchid,Plantae,427629,1,0,2026-08-29 08:53:37,2026-08-29,2026-08-29 12:53:37 UTC,Eastern Time (US & Canada),12,12,,,false,,,9711804,,2026-08-29 13:02:52 UTC,2026-08-29 13:11:19 UTC,research,CC-BY-NC,NA,843,false
Eulophia hians hians,2026-08-29 07:19:03 +0200,,Moreleta Park,-25.8321101948,28.291394189,,Blue Yawning Harlequin,https://www.inaturalist.org/observations/395458981,https://inaturalist-open-data.s3.amazonaws.com/photos/725122081/medium.jpg,rouxnebotha,395458981,Blue Yawning Harlequin,Plantae,599258,2,0,2026-08-29 07:19:03,2026-08-29,2026-08-29 05:19:03 UTC,Pretoria,3694,3694,,open,false,,,2600246,Rouxne Botha,2026-08-29 12:25:34 UTC,2026-08-31 18:09:18 UTC,research,CC-BY-NC,NA,2,false
Eulophia graminea,2026-08-28 19:51:04 -0400,,"Florida, US",27.9461737964,-82.7990551394,,Chinese Crown Orchid,https://www.inaturalist.org/observations/395347086,https://inaturalist-open-data.s3.amazonaws.com/photos/724899969/medium.jpg,phoenixtran212,395347086,Chinese Crown Orchid,Plantae,427629,2,0,2026-08-28 19:51:04,2026-08-28,2026-08-28 23:51:04 UTC,Eastern Time (US & Canada),13,29680,obscured,,true,,,8178655,,2026-08-28 23:52:11 UTC,2026-08-29 03:21:03 UTC,research,CC-BY-NC,NA,843,false
Eulophia maculata,2026-08-28 12:15:08 -0600,,"Sur 1ra. Sección, Tab., MX",18.2242083333,-93.2380966667,,Monk Orchid,https://www.inaturalist.org/observations/395273013,https://inaturalist-open-data.s3.amazonaws.com/photos/724750009/medium.jpg,fincalosamates,395273013,Orquídea monja africana,Plantae,1453469,3,0,2026-08-28 12:15:08-06:00,2026-08-28,2026-08-28 18:15:08 UTC,Mexico City,3,3,,open,false,,,10330502,,2026-08-28 18:22:56 UTC,2026-09-03 22:41:32 UTC,research,CC-BY-NC,NA,3,false
Eulophia graminea,2026-08-27 11:57:35 -0400,,"Florida, US",27.2598089854,-82.4120946371,,Chinese Crown Orchid,https://www.inaturalist.org/observations/395238255,https://inaturalist-open-data.s3.amazonaws.com/photos/724683593/medium.jpg,samanthab24,395238255,Chinese Crown Orchid,Plantae,427629,2,0,2026-08-27 11:57:35,2026-08-27,2026-08-27 15:57:35 UTC,Eastern Time (US & Canada),198,29751,obscured,,true,,,6409655,,2026-08-28 16:01:33 UTC,2026-08-28 23:51:50 UTC,research,CC-BY-NC,NA,843,false
Eulophia maculata,2026-08-28 10:28:58 -0400,,"Cass Ave, Oviedo, FL, US",28.6895207003,-81.2246567036,,Monk Orchid,https://www.inaturalist.org/observations/395227222,https://inaturalist-open-data.s3.amazonaws.com/photos/724662917/medium.jpg,david27288,395227222,Monk Orchid,Plantae,1453469,3,0,2026-08-28 10:28:58,2026-08-28,2026-08-28 14:28:58 UTC,Eastern Time (US & Canada),69,69,,open,false,,,10419013,,2026-08-28 15:16:56 UTC,2026-08-28 23:51:53 UTC,research,CC-BY-NC,NA,843,false
Eulophia hians inaequalis,2023-09-26 11:26:00 +0200,,"Ugu District Municipality, South Africa",-30.6697388889,30.3053611111,,Yellow Yawning Harlequin,https://www.inaturalist.org/observations/395180468,https://inaturalist-open-data.s3.amazonaws.com/photos/724574516/medium.jpg,jakubjilemicky,395180468,Yellow Yawning Harlequin,Plantae,599259,2,0,2023/09/26 11:26 AM,2023-09-26,2023-09-26 09:26:00 UTC,Pretoria,4,4,,open,false,,,5367066,Jakub Jilemický,2026-08-28 11:35:02 UTC,2026-08-29 21:30:40 UTC,research,CC-BY-NC,NA,NA,false
Eulophia hians,2026-01-06 12:15:36 +0200,,"Belfast, Mpumalanga, ZA",-25.3166466667,30.1416833333,,Yawning Harlequin,https://www.inaturalist.org/observations/395149206,https://inaturalist-open-data.s3.amazonaws.com/photos/724513903/medium.jpg,gtim,395149206,Eulophia hians,Plantae,415244,1,0,2026-01-06 12:15:36,2026-01-06,2026-01-06 10:15:36 UTC,Pretoria,6,6,,open,false,,,10863800,,2026-08-28 07:26:38 UTC,2026-09-01 12:39:49 UTC,research,CC-BY-NC,NA,843,false
Eulophia maculata,2026-04-06 14:31:06 -0300,,"Mateus Leme, MG, Brasil",-19.9370325,-44.4699361111,,Monk Orchid,https://www.inaturalist.org/observations/395133474,https://inaturalist-open-data.s3.amazonaws.com/photos/724480562/medium.jpg,ojosimarbiologo,395133474,Orquídea-monge,Plantae,1453469,2,0,2026-04-06 14:31:06,2026-04-06,2026-04-06 17:31:06 UTC,Brasilia,NA,NA,,open,false,gps,gps,9066234,Josimar Goulart,2026-08-28 04:50:28 UTC,2026-09-01 12:38:54 UTC,research,CC-BY-NC,NA,2,false
Eulophia maculata,2026-08-22 11:56:26 -0300,,"Caxias, BR-MA, BR",-4.8924874,-43.4265771997,,Monk Orchid,https://www.inaturalist.org/observations/395075620,https://static.inaturalist.org/photos/724362711/medium.jpg,samuel_levi_,395075620,Eulophia maculata,Plantae,1453469,3,0,2026-08-22 11:56:26,2026-08-22,2026-08-22 14:56:26 UTC,America/Fortaleza,NA,NA,,open,false,gps,gps,8297901,Samuel Levi,2026-08-27 23:01:11 UTC,2026-09-01 13:01:12 UTC,research,,NA,2,false
Eulophia maculata,2026-08-27 13:48:00 -0400,,"Ferndale, FL 34715, USA",28.6269903364,-81.6995593507,,Monk Orchid,https://www.inaturalist.org/observations/395066710,https://inaturalist-open-data.s3.amazonaws.com/photos/724341533/medium.jpg,geosesarma,395066710,Monk Orchid,Plantae,1453469,2,0,2026/08/27 1:48 PM,2026-08-27,2026-08-27 17:48:00 UTC,Eastern Time (US & Canada),8,8,,open,false,,,1805291,,2026-08-27 22:18:01 UTC,2026-08-28 23:52:03 UTC,research,CC-BY,NA,NA,false
Eulophia maculata,2026-08-16 14:35:00 -0300,,"Sitio Capeba Uruburetama - CE, Brasil",-3.606697743,-39.5263379401,,Monk Orchid,https://www.inaturalist.org/observations/395024074,https://inaturalist-open-data.s3.amazonaws.com/photos/724262946/medium.jpg,kairomendes,395024074,Orquídea-monge,Plantae,1453469,2,0,2026/08/16 14:35,2026-08-16,2026-08-16 17:35:00 UTC,America/Fortaleza,31,31,,open,false,,,10735886,Kairo Mendes de Castro,2026-08-27 19:14:25 UTC,2026-09-01 12:59:04 UTC,research,CC-BY-NC,NA,NA,false
Eulophia angolensis,2026-02-22 08:42:18 +0200,Haka game park Zimbabwe ,"45W4+CF, Harare, Zimbabwe",-17.8524293,31.1551094,,Vlei Harlequin,https://www.inaturalist.org/observations/395003264,https://inaturalist-open-data.s3.amazonaws.com/photos/724221720/medium.jpg,georgelaurie,395003264,Vlei Harlequin,Plantae,585530,2,0,2026-02-22 08:42:18,2026-02-22,2026-02-22 06:42:18 UTC,Harare,NA,NA,,,false,gps,gps,4284548,,2026-08-27 17:52:32 UTC,2026-09-01 12:59:50 UTC,research,CC-BY-NC,NA,2,false
Eulophia hians,2026-08-27 13:02:16 +0200,,"Ugu, ZA-NL, ZA",-31.0684971667,30.1981633333,,Yawning Harlequin,https://www.inaturalist.org/observations/394999307,https://inaturalist-open-data.s3.amazonaws.com/photos/724214373/medium.jpg,gailbowerswinters,394999307,Eulophia hians,Plantae,415244,1,0,2026-08-27 13:02:16+02:00,2026-08-27,2026-08-27 11:02:16 UTC,Pretoria,5,5,,open,false,,,827363,Gail Bowers-Winters,2026-08-27 17:37:59 UTC,2026-09-08 08:40:02 UTC,research,CC-BY-NC,NA,3,false
Eulophia hians,2026-08-25 09:13:18 +0200,,"Winston Park, Gillitts, 3610, South Africa",-29.8181388889,30.8027555556,,Yawning Harlequin,https://www.inaturalist.org/observations/394991255,https://inaturalist-open-data.s3.amazonaws.com/photos/724198206/medium.jpg,grabbarg,394991255,Yawning Harlequin,Plantae,415244,2,0,2026-08-25 09:13:18,2026-08-25,2026-08-25 07:13:18 UTC,Pretoria,NA,NA,,open,false,gps,gps,826148,grabbarg,2026-08-27 17:06:02 UTC,2026-09-01 13:00:27 UTC,research,CC-BY-SA,NA,2,false
Eulophia alta,2026-08-27 11:51:55 -0400,,"Florida, US",26.9603389642,-81.6402483769,,Wild Coco,https://www.inaturalist.org/observations/394975539,https://inaturalist-open-data.s3.amazonaws.com/photos/724167831/medium.jpg,shanefahey,394975539,Wild Coco,Plantae,162776,1,0,2026-08-27 11:51:55,2026-08-27,2026-08-27 15:51:55 UTC,Eastern Time (US & Canada),52,29798,obscured,,true,gps,gps,755682,,2026-08-27 16:05:35 UTC,2026-08-28 23:52:20 UTC,research,,NA,2,false
Eulophia welwitschii,2007-12-29 11:24:00 +0200,,"Wakkerstroom, 2480, South Africa",-27.3575911887,30.1598061272,,Banana Orchid,https://www.inaturalist.org/observations/394945455,https://inaturalist-open-data.s3.amazonaws.com/photos/724109037/medium.jpg,lance_robinson,394945455,Banana Orchid,Plantae,1081394,1,0,2007/12/29 11:24 AM,2007-12-29,2007-12-29 09:24:00 UTC,Pretoria,7026,7026,,open,false,,,990633,,2026-08-27 14:03:57 UTC,2026-09-01 13:05:13 UTC,research,CC-BY-NC,NA,NA,false
Eulophia maculata,2026-08-24 15:41:34 -0600,,"30527 Chis., México",16.1018413,-93.3645815997,,Monk Orchid,https://www.inaturalist.org/observations/394938994,https://inaturalist-open-data.s3.amazonaws.com/photos/724098072/medium.jpg,emiliorv,394938994,Monk Orchid,Plantae,1453469,3,0,2026-08-24 15:41:34,2026-08-24,2026-08-24 21:41:34 UTC,Mexico City,NA,NA,,open,false,gps,gps,7844,Francisco Emilio Roldán Velasco,2026-08-27 13:35:18 UTC,2026-09-14 12:57:17 UTC,research,CC-BY,NA,2,false
Eulophia maculata,2026-07-13 19:02:00 -0400,,"Palm Beach County, FL, USA",26.9334141785,-80.1729840043,,Monk Orchid,https://www.inaturalist.org/observations/394919162,https://inaturalist-open-data.s3.amazonaws.com/photos/724056415/medium.jpg,tomfeild,394919162,Monk Orchid,Plantae,1453469,3,0,2026/07/13 7:02 PM,2026-07-13,2026-07-13 23:02:00 UTC,Eastern Time (US & Canada),200,200,,open,false,,,2850982,Tom Field,2026-08-27 11:52:56 UTC,2026-09-01 13:04:17 UTC,research,CC-BY,NA,NA,false
Eulophia picta,2026-08-26 13:44:58 +1000,Animal has dug it up and eaten the tuber,"Queensland, AU",-27.0323297423,152.9136881772,,Shepherd's Crook Orchid,https://www.inaturalist.org/observations/394888268,https://inaturalist-open-data.s3.amazonaws.com/photos/723999758/medium.jpg,jeygan,394888268,Eulophia picta,Plantae,1598926,2,0,2026-08-26 13:44:58+10:00,2026-08-26,2026-08-26 03:44:58 UTC,Brisbane,4,29775,,obscured,true,,,8976051,Jeygan Sanganithy,2026-08-27 07:49:50 UTC,2026-09-09 11:14:29 UTC,research,CC-BY-NC,NA,3,false
Eulophia clitellifera,2026-08-26 11:48:13 +0200,,"Mkhambathini Local Municipality, South Africa",-29.9739238997,30.5868408997,,Saddle Harlequin,https://www.inaturalist.org/observations/394862405,https://static.inaturalist.org/photos/723947430/medium.jpg,warrenstainbank,394862405,Saddle Harlequin,Plantae,585534,1,0,2026-08-26 11:48:13,2026-08-26,2026-08-26 09:48:13 UTC,Pretoria,NA,NA,,open,false,gps,gps,6906416,Warren Stainbank,2026-08-27 04:00:36 UTC,2026-08-30 05:54:46 UTC,research,,NA,2,false
Eulophia maculata,2026-08-19 21:15:00 -0600,,"V-905, Santa Cruz de Yojoa, Cortés, Honduras",14.9382246,-87.8909882,,Monk Orchid,https://www.inaturalist.org/observations/394828545,https://static.inaturalist.org/photos/723872194/medium.jpg,vinwin,394828545,Monk Orchid,Plantae,1453469,2,0,2026/08/19 9:15 PM,2026-08-19,2026-08-20 03:15:00 UTC,America/Tegucigalpa,308,308,,open,false,,,3580625,Vincent W.,2026-08-27 00:37:36 UTC,2026-09-02 04:03:19 UTC,research,CC-BY,NA,NA,false
Eulophia parviflora,2026-08-26 09:34:55 +0200,,"R532, Sabie, Mpumalanga, ZA",-24.7300454247,30.8514439951,,Mini Harlequin,https://www.inaturalist.org/observations/394754632,https://inaturalist-open-data.s3.amazonaws.com/photos/723728541/medium.jpg,simon_attwood,394754632,Mini Harlequin,Plantae,577769,1,0,2026-08-26 09:34:55+02:00,2026-08-26,2026-08-26 07:34:55 UTC,Pretoria,2,2,,open,false,,,5501050,Simon Attwood,2026-08-26 19:18:37 UTC,2026-08-26 19:36:10 UTC,research,CC-BY,NA,3,false
Eulophia maculata,2026-08-26 14:01:17 -0400,,"Natural and Environmental Sciences Building, Tampa, FL 33620, USA",28.0614337778,-82.4148864722,,Monk Orchid,https://www.inaturalist.org/observations/394739561,https://inaturalist-open-data.s3.amazonaws.com/photos/723698141/medium.jpg,xanderferret,394739561,Monk Orchid,Plantae,1453469,2,0,2026-08-26 14:01:17,2026-08-26,2026-08-26 18:01:17 UTC,Eastern Time (US & Canada),NA,NA,,open,false,gps,gps,9687222,,2026-08-26 18:18:45 UTC,2026-09-04 10:21:59 UTC,research,CC-BY,NA,2,false
Eulophia maculata,2026-08-14 09:32:49 -0400,,"Cayey, PR, US",18.1200030334,-66.1623542441,,Monk Orchid,https://www.inaturalist.org/observations/394715692,https://inaturalist-open-data.s3.amazonaws.com/photos/723652619/medium.jpg,nelwin_omar,394715692,Orquídea monja africana,Plantae,1453469,1,0,2026-08-14 09:32:49,2026-08-14,2026-08-14 13:32:49 UTC,Puerto Rico,14,14,,open,false,,,10862648,nelwin_omar,2026-08-26 16:45:06 UTC,2026-09-18 17:17:03 UTC,research,CC-BY-NC,NA,843,false
Eulophia horsfallii,2026-08-25 11:47:02 +0300,,"Buwunga, Uganda",-0.394737578,31.712359339,,Purple Vlei Harlequin,https://www.inaturalist.org/observations/394672866,https://inaturalist-open-data.s3.amazonaws.com/photos/723572584/medium.jpg,heyamos,394672866,Purple Vlei Harlequin,Plantae,502552,1,0,2026-08-25 11:47:02,2026-08-25,2026-08-25 08:47:02 UTC,Nairobi,212,212,,,false,gps,gps,10946057,Heyam Osman,2026-08-26 13:59:11 UTC,2026-08-27 13:42:16 UTC,research,CC-BY-NC,NA,2,false
Eulophia hians hians,2026-08-26 00:00:00 +0200,,"Carletonville, 2499, South Africa",-26.4002195801,27.4626428234,,Blue Yawning Harlequin,https://www.inaturalist.org/observations/394627393,https://inaturalist-open-data.s3.amazonaws.com/photos/723482761/medium.jpg,kyle_campbell1,394627393,Blue Yawning Harlequin,Plantae,599258,1,0,2026/08/26,2026-08-26,,Pretoria,100,100,,open,false,,,5171908,Kyle Campbell,2026-08-26 09:26:59 UTC,2026-10-02 18:37:32 UTC,research,CC-BY-ND,NA,NA,false
Eulophia hians hians,2026-08-26 00:00:00 +0200,,"Carletonville, 2499, South Africa",-26.4002195801,27.4626428234,,Blue Yawning Harlequin,https://www.inaturalist.org/observations/394627389,https://inaturalist-open-data.s3.amazonaws.com/photos/723482755/medium.jpg,kyle_campbell1,394627389,Blue Yawning Harlequin,Plantae,599258,1,0,2026/08/26,2026-08-26,,Pretoria,100,100,,open,false,,,5171908,Kyle Campbell,2026-08-26 09:26:58 UTC,2026-10-02 18:37:34 UTC,research,CC-BY-ND,NA,NA,false
Eulophia hians hians,2026-08-26 00:00:00 +0200,,"Carletonville, 2499, South Africa",-26.4002195801,27.4626428234,,Blue Yawning Harlequin,https://www.inaturalist.org/observations/394627388,https://inaturalist-open-data.s3.amazonaws.com/photos/723482750/medium.jpg,kyle_campbell1,394627388,Blue Yawning Harlequin,Plantae,599258,1,0,2026/08/26,2026-08-26,,Pretoria,100,100,,open,false,,,5171908,Kyle Campbell,2026-08-26 09:26:58 UTC,2026-10-02 18:37:37 UTC,research,CC-BY-ND,NA,NA,false
Eulophia hians inaequalis,2026-08-26 00:00:00 +0200,,"Carletonville, 2499, South Africa",-26.4006975002,27.4636334168,,Yellow Yawning Harlequin,https://www.inaturalist.org/observations/394626601,https://inaturalist-open-data.s3.amazonaws.com/photos/723480807/medium.jpg,kyle_campbell1,394626601,Yellow Yawning Harlequin,Plantae,599259,1,0,2026/08/26,2026-08-26,,Pretoria,100,100,,open,false,,,5171908,Kyle Campbell,2026-08-26 09:20:55 UTC,2026-09-22 12:48:40 UTC,research,CC-BY-ND,NA,NA,false
Eulophia hians inaequalis,2026-08-26 00:00:00 +0200,,"Carletonville, 2499, South Africa",-26.4006975002,27.4636334168,,Yellow Yawning Harlequin,https://www.inaturalist.org/observations/394626597,https://inaturalist-open-data.s3.amazonaws.com/photos/723480806/medium.jpg,kyle_campbell1,394626597,Yellow Yawning Harlequin,Plantae,599259,1,0,2026/08/26,2026-08-26,,Pretoria,100,100,,open,false,,,5171908,Kyle Campbell,2026-08-26 09:20:54 UTC,2026-09-22 12:48:47 UTC,research,CC-BY-ND,NA,NA,false
Eulophia maculata,2026-08-24 13:42:20 -0500,,"H2RQ+2X, Malena, Provincia de Veraguas, Panama",7.5923306583,-80.9606302333,,Monk Orchid,https://www.inaturalist.org/observations/394597951,https://inaturalist-open-data.s3.amazonaws.com/photos/723427027/medium.jpg,loesinpanama,394597951,Monk Orchid,Plantae,1453469,2,0,2026-08-24 13:42:20,2026-08-24,2026-08-24 18:42:20 UTC,America/Panama,NA,NA,,open,false,gps,gps,1419903,loes roos,2026-08-26 05:02:07 UTC,2026-09-15 19:57:06 UTC,research,CC-BY-NC,NA,2,false
Eulophia maculata,2026-08-21 14:35:04 -0400,,"Lake Panasoffkee, FL, US",28.7664083333,-82.1607445,,Monk Orchid,https://www.inaturalist.org/observations/394516098,https://inaturalist-open-data.s3.amazonaws.com/photos/723263085/medium.jpg,coolcrittersyt,394516098,Monk Orchid,Plantae,1453469,2,0,2026-08-21 14:35:04,2026-08-21,2026-08-21 18:35:04 UTC,Eastern Time (US & Canada),4,4,,open,false,,,1038911,Mikie Green,2026-08-25 21:32:53 UTC,2026-08-26 04:06:34 UTC,research,CC-BY-NC,NA,843,false
Eulophia picta,2026-07-16 17:27:33 +0700,,"Cat Hai, Hai Phong, VN",20.807255,107.0389416667,,Shepherd's Crook Orchid,https://www.inaturalist.org/observations/394505789,https://static.inaturalist.org/photos/723243173/medium.jpg,snek_with_arms,394505789,Eulophia picta,Plantae,1598926,1,0,2026-07-16 17:27:33,2026-07-16,2026-07-16 10:27:33 UTC,Hanoi,14,14,,,false,,,1078289,snek with arms,2026-08-25 20:50:35 UTC,2026-08-26 04:54:18 UTC,research,CC-BY,NA,843,false
Eulophia maculata,2026-08-17 10:17:38 -0300,,"Caldeirões de Cima, Palmeira dos Índios - AL, Brasil",-9.3333332997,-36.6838358997,,Monk Orchid,https://www.inaturalist.org/observations/394455622,https://static.inaturalist.org/photos/723147404/medium.jpg,brunobioal,394455622,Orquídea-monge,Plantae,1453469,3,0,2026-08-17 10:17:38,2026-08-17,2026-08-17 13:17:38 UTC,America/Maceio,NA,NA,,open,false,gps,gps,7130318,Bruno Nascimento,2026-08-25 17:43:25 UTC,2026-08-26 04:18:49 UTC,research,,NA,2,false
Eulophia graminea,2026-08-25 12:39:34 -0400,I think these are volunteers since I could only find a few scattered plants in these planter beds,"Nexton Pkwy, Summerville, SC, US",33.0604471667,-80.1530221667,,Chinese Crown Orchid,https://www.inaturalist.org/observations/394441165,https://inaturalist-open-data.s3.amazonaws.com/photos/723118882/medium.jpg,ryan84,394441165,Chinese Crown Orchid,Plantae,427629,1,0,2026-08-25 12:39:34,2026-08-25,2026-08-25 16:39:34 UTC,Eastern Time (US & Canada),3,3,,,false,,,292007,Ryan Watson,2026-08-25 16:49:12 UTC,2026-08-26 04:17:17 UTC,research,CC-BY-NC-SA,NA,843,false
Eulophia hians,2026-08-25 09:13:18 +0200,,"Winston Park, Gillitts, 3610, South Africa",-29.8181388889,30.8027555556,,Yawning Harlequin,https://www.inaturalist.org/observations/394421863,https://inaturalist-open-data.s3.amazonaws.com/photos/723082255/medium.jpg,grabbarg,394421863,Yawning Harlequin,Plantae,415244,1,0,2026-08-25 09:13:18,2026-08-25,2026-08-25 07:13:18 UTC,Pretoria,NA,NA,,open,false,gps,gps,826148,grabbarg,2026-08-25 15:29:05 UTC,2026-08-30 05:56:30 UTC,research,CC-BY-SA,NA,2,false
Eulophia hians,2026-08-25 09:10:03 +0200,,"Winston Park, Gillitts, 3610, South Africa",-29.8180099949,30.8028817736,,Yawning Harlequin,https://www.inaturalist.org/observations/394403399,https://inaturalist-open-data.s3.amazonaws.com/photos/723047908/medium.jpg,berthapi2,394403399,Eulophia hians,Plantae,415244,1,0,2026-08-25 09:10:03,2026-08-25,2026-08-25 07:10:03 UTC,Pretoria,6,6,,open,false,,,847945,,2026-08-25 14:13:59 UTC,2026-08-25 19:30:45 UTC,research,CC-BY-SA,NA,2,false
Eulophia parviflora,2026-08-25 09:19:10 +0200,,"Winston Park, Gillitts, 3610, South Africa",-29.8171836231,30.8024957031,,Mini Harlequin,https://www.inaturalist.org/observations/394379024,https://static.inaturalist.org/photos/723000058/medium.jpg,barry_lang,394379024,Mini Harlequin,Plantae,577769,1,0,2026-08-25 09:19:10,2026-08-25,2026-08-25 07:19:10 UTC,Pretoria,8,8,,open,false,,,4271182,Barry lang,2026-08-25 12:10:56 UTC,2026-08-26 04:47:02 UTC,research,,NA,2,false
Eulophia siamensis,2026-06-22 13:20:18 +0700,,"Pai District, Mae Hong Son, TH",19.2808133333,98.4152533333,,,https://www.inaturalist.org/observations/394352175,https://inaturalist-open-data.s3.amazonaws.com/photos/722948882/medium.jpg,keeny1310,394352175,Eulophia siamensis,Plantae,1497704,2,1,2026-06-22 13:20:18,2026-06-22,2026-06-22 06:20:18 UTC,Hanoi,4,4,,,false,,,7874581,,2026-08-25 08:46:26 UTC,2026-09-03 06:19:25 UTC,research,CC-BY-NC,NA,843,false
Eulophia hians hians,2026-08-25 00:00:00 +0200,,"Carletonville, 2499, South Africa",-26.3809578416,27.4131666746,,Blue Yawning Harlequin,https://www.inaturalist.org/observations/394350782,https://inaturalist-open-data.s3.amazonaws.com/photos/722944292/medium.jpg,kyle_campbell1,394350782,Blue Yawning Harlequin,Plantae,599258,1,0,2026/08/25,2026-08-25,,Pretoria,50,50,,open,false,,,5171908,Kyle Campbell,2026-08-25 08:33:56 UTC,2026-10-02 18:37:37 UTC,research,CC-BY-ND,NA,NA,false
Eulophia hians hians,2026-08-25 00:00:00 +0200,,"Carletonville, 2499, South Africa",-26.3818077571,27.4107345827,,Blue Yawning Harlequin,https://www.inaturalist.org/observations/394349577,https://inaturalist-open-data.s3.amazonaws.com/photos/722942601/medium.jpg,kyle_campbell1,394349577,Blue Yawning Harlequin,Plantae,599258,1,0,2026/08/25,2026-08-25,,Pretoria,50,50,,open,false,,,5171908,Kyle Campbell,2026-08-25 08:23:03 UTC,2026-10-02 18:37:38 UTC,research,CC-BY-ND,NA,NA,false
Eulophia hians hians,2026-08-25 00:00:00 +0200,,"Carletonville, 2499, South Africa",-26.3818077571,27.4107345827,,Blue Yawning Harlequin,https://www.inaturalist.org/observations/394349576,https://inaturalist-open-data.s3.amazonaws.com/photos/722942572/medium.jpg,kyle_campbell1,394349576,Blue Yawning Harlequin,Plantae,599258,1,0,2026/08/25,2026-08-25,,Pretoria,50,50,,open,false,,,5171908,Kyle Campbell,2026-08-25 08:23:03 UTC,2026-10-02 18:37:38 UTC,research,CC-BY-ND,NA,NA,false
Eulophia picta,2026-08-25 13:33:27 +1000,,Australia,-27.8216559241,153.5588130616,,Shepherd's Crook Orchid,https://www.inaturalist.org/observations/394314724,https://static.inaturalist.org/photos/723400795/medium.jpg,imre15472,394314724,Shepherd's Crook Orchid,Plantae,1598926,2,0,2026-08-25 13:33:27+10:00,2026-08-25,2026-08-25 03:33:27 UTC,Brisbane,3,29680,,obscured,true,,,8932735,Imre reuter,2026-08-25 03:33:45 UTC,2026-08-26 03:19:15 UTC,research,,NA,3,false
Eulophia maculata,2026-08-24 09:48:44 -0500,,"Bosques de Cristo Rey, Solidaridad, Q. Roo., MX",20.6962583333,-87.0750721667,,Monk Orchid,https://www.inaturalist.org/observations/394290765,https://inaturalist-open-data.s3.amazonaws.com/photos/722822075/medium.jpg,sharonhayet,394290765,Orquídea monja africana,Plantae,1453469,2,0,2026-08-24 09:48:44-05:00,2026-08-24,2026-08-24 14:48:44 UTC,America/Cancun,1223,1223,,open,false,,,10940227,Sharon Hayet Mis Cabrera,2026-08-25 01:20:24 UTC,2026-08-26 17:27:55 UTC,research,CC-BY-NC,NA,3,false
Eulophia maculata,2026-08-11 10:29:19 -0400,,"567G+773, Bouillante 97125, Guadeloupe",16.1637861111,-61.7742,,Monk Orchid,https://www.inaturalist.org/observations/394278088,https://inaturalist-open-data.s3.amazonaws.com/photos/722797707/medium.jpg,lisel_ll,394278088,Orchidée caméléon,Plantae,1453469,2,0,2026-08-11 10:29:19,2026-08-11,2026-08-11 14:29:19 UTC,America/Guadeloupe,NA,NA,,open,false,gps,gps,7204334,Lisel,2026-08-25 00:19:10 UTC,2026-08-26 10:00:55 UTC,research,CC-BY-NC,NA,2,false
Eulophia maculata,2026-08-05 17:14:35 -0400,,"Sweat Loop Rd, Wimauma, FL, US",27.7441423572,-82.2409987177,,Monk Orchid,https://www.inaturalist.org/observations/394163751,https://inaturalist-open-data.s3.amazonaws.com/photos/722572369/medium.jpg,kentode,394163751,Monk Orchid,Plantae,1453469,3,0,2026-08-05 17:14:35,2026-08-05,2026-08-05 21:14:35 UTC,Eastern Time (US & Canada),10,10,,open,false,,,6504561,Kenneth Williams,2026-08-24 16:44:21 UTC,2026-08-25 13:24:36 UTC,research,CC-BY-NC,NA,843,false
Eulophia alta,2026-08-19 08:19:20 -0500,,"Montelíbano, CO-CO, CO",7.9059633333,-75.5145983333,,Wild Coco,https://www.inaturalist.org/observations/394143992,https://inaturalist-open-data.s3.amazonaws.com/photos/722534992/medium.jpg,donaldo64556,394143992,Palmita de San Juan,Plantae,162776,4,0,2026-08-19 08:19:20,2026-08-19,2026-08-19 13:19:20 UTC,Bogota,8,8,,,false,,,10800239,Donaldo Peña Marquez,2026-08-24 15:33:59 UTC,2026-10-01 17:02:44 UTC,research,CC-BY-NC,NA,2,false
Eulophia maculata,2026-08-14 16:58:00 -0400,,Dominican Republic,18.6888746062,-69.7838020828,,Monk Orchid,https://www.inaturalist.org/observations/394122995,https://static.inaturalist.org/photos/722491488/medium.jpg,porlanaturaleza,394122995,Orquídea monja africana,Plantae,1453469,2,0,2026/08/14 4:58 PM,2026-08-14,2026-08-14 20:58:00 UTC,America/Santo_Domingo,3,30632,obscured,open,true,,,1388528,Porlanaturaleza,2026-08-24 14:17:03 UTC,2026-08-25 03:57:06 UTC,research,CC-BY-NC-SA,NA,NA,false
Eulophia picta,2026-08-22 14:44:00 +1000,,Australia,-27.8125326331,153.2577097976,,Shepherd's Crook Orchid,https://www.inaturalist.org/observations/394076246,https://inaturalist-open-data.s3.amazonaws.com/photos/722399415/medium.jpg,lynsh,394076246,Shepherd's Crook Orchid,Plantae,1598926,2,0,2026/08/22 2:44 PM,2026-08-22,2026-08-22 04:44:00 UTC,Brisbane,4,29680,,obscured,true,,,6224639,,2026-08-24 09:52:57 UTC,2026-08-24 10:31:29 UTC,research,CC-BY-NC,NA,NA,false
Eulophia maculata,2026-08-22 12:02:29 -0600,,"86280 Tab., México",17.9528204844,-93.0943005905,,Monk Orchid,https://www.inaturalist.org/observations/393951572,https://static.inaturalist.org/photos/722154917/medium.jpg,daniel5976,393951572,Orquídea monja africana,Plantae,1453469,3,0,2026-08-22 12:02:29,2026-08-22,2026-08-22 18:02:29 UTC,Mexico City,11,11,,open,false,gps,gps,6872631,Daniel Cadena Sánchez,2026-08-23 22:20:50 UTC,2026-09-03 22:47:08 UTC,research,,NA,2,false
Eulophia maculata,2026-08-23 12:55:50 -0400,,"S Orange Blossom Trl, Orlando, FL, US",28.4551302442,-81.3984211524,,Monk Orchid,https://www.inaturalist.org/observations/393848956,https://inaturalist-open-data.s3.amazonaws.com/photos/721949266/medium.jpg,jlemos,393848956,Monk Orchid,Plantae,1453469,1,0,2026-08-23 12:55:50,2026-08-23,2026-08-23 16:55:50 UTC,Eastern Time (US & Canada),134,134,,open,false,,,9877282,Julia Lemos,2026-08-23 16:57:50 UTC,2026-08-23 23:25:50 UTC,research,CC-BY-NC,NA,843,false
Eulophia callichroma,2026-08-23 12:55:18 +0200,,"HC58+46, Lusaka, Zambia",-15.4437187997,28.4169547,,,https://www.inaturalist.org/observations/393790384,https://inaturalist-open-data.s3.amazonaws.com/photos/721838643/medium.jpg,jwenz,393790384,Eulophia callichroma,Plantae,585533,1,0,2026-08-23 12:55:18,2026-08-23,2026-08-23 10:55:18 UTC,Africa/Lusaka,NA,NA,,,false,gps,gps,6565901,,2026-08-23 13:53:14 UTC,2026-08-26 09:56:49 UTC,research,CC-BY-NC,NA,2,false
Eulophia hians,2026-08-23 09:32:35 +0200,,"Peace Road, Pinetown, KwaZulu-Natal, ZA",-29.80365,30.8296283333,,Yawning Harlequin,https://www.inaturalist.org/observations/393754856,https://inaturalist-open-data.s3.amazonaws.com/photos/721769248/medium.jpg,paolocandotti,393754856,Yawning Harlequin,Plantae,415244,1,0,2026-08-23 09:32:35,2026-08-23,2026-08-23 07:32:35 UTC,Pretoria,3,3,,open,false,,,778039,Paolo Candotti,2026-08-23 11:15:43 UTC,2026-08-23 16:52:18 UTC,research,CC-BY-NC,NA,843,false
Eulophia callichroma,2026-08-23 08:01:50 +0200,,"Lusaka, ZM",-15.4438116667,28.4169216667,,,https://www.inaturalist.org/observations/393727482,https://inaturalist-open-data.s3.amazonaws.com/photos/721715913/medium.jpg,troos,393727482,Eulophia callichroma,Plantae,585533,1,0,2026-08-23 08:01:50,2026-08-23,2026-08-23 06:01:50 UTC,Africa/Lusaka,7,7,,,false,,,1109131,Troos van der Merwe,2026-08-23 08:11:43 UTC,2026-08-23 12:56:52 UTC,research,CC-BY-NC,NA,843,false
Eulophia graminea,2026-08-22 12:35:32 -0400,,"Weedon Island Preserve Trail, Saint Petersburg, FL, US",27.8483883333,-82.6057966667,,Chinese Crown Orchid,https://www.inaturalist.org/observations/393578962,https://static.inaturalist.org/photos/721418949/medium.jpg,mycelialmoss,393578962,Chinese Crown Orchid,Plantae,427629,2,0,2026-08-22 12:35:32,2026-08-22,2026-08-22 16:35:32 UTC,Eastern Time (US & Canada),NA,NA,,,false,,,1167354,ånita,2026-08-22 19:53:16 UTC,2026-08-24 00:11:27 UTC,research,,NA,843,false
Eulophia nuda,2026-05-20 09:57:00 +0530,,"Vaini, Karnataka 581129, India",15.3275416667,74.5050466667,,Grass Orchid,https://www.inaturalist.org/observations/393402186,https://inaturalist-open-data.s3.amazonaws.com/photos/721081354/medium.jpg,srujanogale,393402186,Grass Orchid,Plantae,1396480,4,0,2026/05/20 9:57 AM,2026-05-20,2026-05-20 04:27:00 UTC,New Delhi,NA,NA,,,false,,,4946044,Srujan Ogale,2026-08-22 06:26:51 UTC,2026-09-10 04:37:42 UTC,research,CC-BY-NC,NA,NA,false
Eulophia nuda,2026-05-20 09:57:00 +0530,,"Vaini, Karnataka 581129, India",15.32754,74.5050483333,,Grass Orchid,https://www.inaturalist.org/observations/393402184,https://inaturalist-open-data.s3.amazonaws.com/photos/721081356/medium.jpg,srujanogale,393402184,Grass Orchid,Plantae,1396480,4,0,2026/05/20 9:57 AM,2026-05-20,2026-05-20 04:27:00 UTC,New Delhi,NA,NA,,,false,,,4946044,Srujan Ogale,2026-08-22 06:26:50 UTC,2026-09-10 04:37:45 UTC,research,CC-BY-NC,NA,NA,false
Eulophia maculata,2026-08-19 08:52:38 -0400,,"Immokalee, FL, US",26.0138888833,-81.40065,,Monk Orchid,https://www.inaturalist.org/observations/393323974,https://inaturalist-open-data.s3.amazonaws.com/photos/720926086/medium.jpg,johnhboldt,393323974,Monk Orchid,Plantae,1453469,3,0,2026-08-19 08:52:38,2026-08-19,2026-08-19 12:52:38 UTC,Eastern Time (US & Canada),13,13,,open,false,,,931776,John Boldt,2026-08-21 23:06:11 UTC,2026-08-24 17:47:51 UTC,research,CC-BY-NC,NA,843,false
Eulophia maculata,2026-08-19 10:00:05 -0400,,"Immokalee, FL, US",26.0224861667,-81.3969116667,,Monk Orchid,https://www.inaturalist.org/observations/393323545,https://inaturalist-open-data.s3.amazonaws.com/photos/720925015/medium.jpg,johnhboldt,393323545,Monk Orchid,Plantae,1453469,2,0,2026-08-19 10:00:05,2026-08-19,2026-08-19 14:00:05 UTC,Eastern Time (US & Canada),3,3,,open,false,,,931776,John Boldt,2026-08-21 23:03:54 UTC,2026-08-24 17:45:40 UTC,research,CC-BY-NC,NA,843,false
Eulophia alta,2026-08-19 10:01:29 -0400,,"Immokalee, FL, US",26.0220221667,-81.3968716667,,Wild Coco,https://www.inaturalist.org/observations/393323527,https://inaturalist-open-data.s3.amazonaws.com/photos/720924926/medium.jpg,johnhboldt,393323527,Wild Coco,Plantae,162776,1,0,2026-08-19 10:01:29,2026-08-19,2026-08-19 14:01:29 UTC,Eastern Time (US & Canada),4,4,,,false,,,931776,John Boldt,2026-08-21 23:03:46 UTC,2026-08-21 23:12:38 UTC,research,CC-BY-NC,NA,843,false
Eulophia parvula,2026-08-21 10:29:28 +0200,,"Lusaka, ZM",-15.3005966667,28.451205,,,https://www.inaturalist.org/observations/393217903,https://inaturalist-open-data.s3.amazonaws.com/photos/720715982/medium.jpg,troos,393217903,Eulophia parvula,Plantae,1494183,2,0,2026-08-21 10:29:28,2026-08-21,2026-08-21 08:29:28 UTC,Africa/Lusaka,3,3,,,false,,,1109131,Troos van der Merwe,2026-08-21 15:40:56 UTC,2026-08-27 13:46:49 UTC,research,CC-BY-NC,NA,843,false
Eulophia maculata,2026-08-19 09:20:00 -0600,,"Tela, Atlántida, Honduras",15.6983258855,-87.4440908424,,Monk Orchid,https://www.inaturalist.org/observations/393217641,https://inaturalist-open-data.s3.amazonaws.com/photos/720701830/medium.jpg,delmer,393217641,Monk Orchid,Plantae,1453469,1,0,2026/08/19 9:20 AM,2026-08-19,2026-08-19 15:20:00 UTC,America/Tegucigalpa,175,175,,open,false,,,18727,delmer jonathan,2026-08-21 15:40:00 UTC,2026-08-22 08:32:25 UTC,research,CC-BY-NC,NA,NA,false
Eulophia hians,2026-08-20 10:43:51 +0200,,"Ray Nkonyeni Rural, Port Shepstone, KwaZulu-Natal, ZA",-31.0398666667,30.1702883333,,Yawning Harlequin,https://www.inaturalist.org/observations/393146248,https://inaturalist-open-data.s3.amazonaws.com/photos/720578899/medium.jpg,gailbowerswinters,393146248,Eulophia hians,Plantae,415244,1,0,2026-08-20 10:43:51+02:00,2026-08-20,2026-08-20 08:43:51 UTC,Pretoria,4,4,,open,false,,,827363,Gail Bowers-Winters,2026-08-21 09:00:04 UTC,2026-08-22 08:55:40 UTC,research,CC-BY-NC,NA,3,false
Eulophia cochlearis,2026-08-20 13:15:07 +0200,,"Rennies Beach, Port Edward, KwaZulu-Natal, ZA",-31.0684333333,30.2079616667,,Spoon Cinderella Orchid,https://www.inaturalist.org/observations/393135903,https://inaturalist-open-data.s3.amazonaws.com/photos/720560098/medium.jpg,gailbowerswinters,393135903,Eulophia cochlearis,Plantae,1453532,3,0,2026-08-20 13:15:07+02:00,2026-08-20,2026-08-20 11:15:07 UTC,Pretoria,4,4,,open,false,,,827363,Gail Bowers-Winters,2026-08-21 07:33:00 UTC,2026-08-22 08:54:18 UTC,research,CC-BY-NC,NA,3,false
Eulophia petersii,2026-07-31 13:54:55 +0200,,"Thaba Chweu Local Municipality, South Africa",-24.5193885997,30.8147814,,Garden Harlequin,https://www.inaturalist.org/observations/393133254,https://static.inaturalist.org/photos/720561729/medium.jpg,dylanalmeida,393133254,Garden Harlequin,Plantae,489945,1,0,2026-07-31 13:54:55,2026-07-31,2026-07-31 11:54:55 UTC,Pretoria,NA,NA,,open,false,gps,gps,5302218,Dylan Almeida,2026-08-21 07:09:56 UTC,2026-08-22 08:54:03 UTC,research,,NA,2,false
Eulophia picta,2026-08-21 14:47:50 +1000,,"Queensland, AU",-25.8561676095,152.8709192875,,Shepherd's Crook Orchid,https://www.inaturalist.org/observations/393116924,https://inaturalist-open-data.s3.amazonaws.com/photos/720522585/medium.jpg,sandyp09,393116924,Shepherd's Crook Orchid,Plantae,1598926,2,0,2026-08-21 14:47:50,2026-08-21,2026-08-21 04:47:50 UTC,Brisbane,NA,29913,,obscured,true,gps,gps,4829749,Sandra Pearce,2026-08-21 04:49:50 UTC,2026-08-21 05:12:07 UTC,research,CC0,NA,2,false
Eulophia graminea,2026-08-19 08:30:13 -0400,,"42nd Ave N, Saint Petersburg, FL, US",27.8099716667,-82.6853716667,,Chinese Crown Orchid,https://www.inaturalist.org/observations/393091711,https://inaturalist-open-data.s3.amazonaws.com/photos/720470913/medium.jpg,natalieschultzhenry,393091711,Chinese Crown Orchid,Plantae,427629,1,0,2026-08-19 08:30:13,2026-08-19,2026-08-19 12:30:13 UTC,Eastern Time (US & Canada),12,12,,,false,,,9817724,,2026-08-21 02:07:50 UTC,2026-08-21 09:26:49 UTC,research,CC-BY-NC,NA,843,false
Eulophia alta,2026-08-20 07:57:22 -0400,,"Cuba Trail, Labelle, FL, US",26.6744716667,-81.3562,,Wild Coco,https://www.inaturalist.org/observations/393071263,https://inaturalist-open-data.s3.amazonaws.com/photos/720430564/medium.jpg,johnhboldt,393071263,Wild Coco,Plantae,162776,1,0,2026-08-20 07:57:22,2026-08-20,2026-08-20 11:57:22 UTC,Eastern Time (US & Canada),149000,149000,,,false,,,931776,John Boldt,2026-08-21 00:20:34 UTC,2026-08-21 09:33:10 UTC,research,CC-BY-NC,NA,843,false
Eulophia graminea,2026-08-17 11:22:53 -0400,,"Ryder Cup Blvd, Palm Beach Gardens, FL, US",26.81445,-80.1457445,,Chinese Crown Orchid,https://www.inaturalist.org/observations/393069216,https://inaturalist-open-data.s3.amazonaws.com/photos/720426844/medium.jpg,coolcrittersyt,393069216,Chinese Crown Orchid,Plantae,427629,3,0,2026-08-17 11:22:53,2026-08-17,2026-08-17 15:22:53 UTC,Eastern Time (US & Canada),1508,1508,,,false,,,1038911,Mikie Green,2026-08-21 00:12:07 UTC,2026-08-23 03:23:49 UTC,research,CC-BY-NC,NA,843,false
Eulophia maculata,2026-08-20 10:37:00 -0600,,"Santa Cruz de Yojoa, Cortés, Honduras",14.9365739873,-87.8891172189,,Monk Orchid,https://www.inaturalist.org/observations/393069034,https://inaturalist-open-data.s3.amazonaws.com/photos/720425286/medium.jpg,pandecoco,393069034,Monk Orchid,Plantae,1453469,1,0,2026/08/20 10:37 AM,2026-08-20,2026-08-20 16:37:00 UTC,America/Tegucigalpa,453,453,,open,false,,,5951336,Noam Hernández Pagany,2026-08-21 00:11:23 UTC,2026-08-21 03:54:44 UTC,research,CC-BY-NC,NA,NA,false
Eulophia maculata,2026-08-19 10:41:45 -0400,,"Northlake Blvd, West Palm Beach, FL, US",26.809045,-80.1703116667,,Monk Orchid,https://www.inaturalist.org/observations/393068999,https://inaturalist-open-data.s3.amazonaws.com/photos/720426547/medium.jpg,coolcrittersyt,393068999,Monk Orchid,Plantae,1453469,2,0,2026-08-19 10:41:45,2026-08-19,2026-08-19 14:41:45 UTC,Eastern Time (US & Canada),10,10,,open,false,,,1038911,Mikie Green,2026-08-21 00:11:17 UTC,2026-08-21 14:59:25 UTC,research,CC-BY-NC,NA,843,false
Eulophia maculata,2026-08-20 12:51:00 -0400,,"Orange County, FL, USA",28.7565805556,-81.5032055556,,Monk Orchid,https://www.inaturalist.org/observations/393039879,https://static.inaturalist.org/photos/720363013/medium.jpg,katedolamore,393039879,Monk Orchid,Plantae,1453469,2,0,2026/08/20 12:51 PM,2026-08-20,2026-08-20 16:51:00 UTC,Eastern Time (US & Canada),NA,NA,,open,false,,,438477,Kate Dolamore,2026-08-20 21:49:09 UTC,2026-08-21 03:56:21 UTC,research,,NA,NA,false
Eulophia graminea,2026-08-20 15:33:26 -0500,,"Ben Wheeler, TX 75754, USA",32.4997443,-95.7003423997,,Chinese Crown Orchid,https://www.inaturalist.org/observations/393023742,https://inaturalist-open-data.s3.amazonaws.com/photos/720334940/medium.jpg,mary93571,393023742,Chinese Crown Orchid,Plantae,427629,2,0,2026-08-20 15:33:26,2026-08-20,2026-08-20 20:33:26 UTC,Central Time (US & Canada),NA,NA,,,false,gps,gps,10923415,mary dalrymple,2026-08-20 20:35:55 UTC,2026-08-30 02:12:59 UTC,research,CC-BY-NC,NA,2,false
Eulophia picta,2025-07-13 15:09:00 +0800,,,22.5122756616,114.1280850135,,Shepherd's Crook Orchid,https://www.inaturalist.org/observations/392952718,https://static.inaturalist.org/photos/720196191/medium.jpg,carol_kwok,392952718,垂頭地寶蘭,Plantae,1598926,3,0,2025/07/13 15:09,2025-07-13,2025-07-13 07:09:00 UTC,Hong Kong,2933,30278,obscured,,true,,,716148,Carol Kwok,2026-08-20 15:50:29 UTC,2026-09-01 01:53:16 UTC,research,CC-BY-NC-ND,NA,NA,false
Eulophia picta,2025-07-13 15:07:00 +0800,,,22.5379394241,114.0027014043,,Shepherd's Crook Orchid,https://www.inaturalist.org/observations/392952715,https://static.inaturalist.org/photos/720196178/medium.jpg,carol_kwok,392952715,垂頭地寶蘭,Plantae,1598926,2,0,2025/07/13 15:07,2025-07-13,2025-07-13 07:07:00 UTC,Hong Kong,2933,30278,obscured,,true,,,716148,Carol Kwok,2026-08-20 15:50:29 UTC,2026-08-21 04:30:57 UTC,research,CC-BY-NC-ND,NA,NA,false
Eulophia cochlearis,2026-08-20 12:57:09 +0200,,"5th Street, Port Edward, KwaZulu-Natal, ZA",-31.0674861667,30.2107966667,,Spoon Cinderella Orchid,https://www.inaturalist.org/observations/392943992,https://inaturalist-open-data.s3.amazonaws.com/photos/720179780/medium.jpg,tracyjarvis,392943992,Spoon Cinderella Orchid,Plantae,1453532,1,0,2026-08-20 12:57:09+02:00,2026-08-20,2026-08-20 10:57:09 UTC,Pretoria,31,31,,open,false,,,1609671,Tracy Taylor,2026-08-20 15:18:03 UTC,2026-08-21 04:30:49 UTC,research,CC-BY-NC,NA,3,false
Eulophia clitellifera,2026-08-20 14:42:47 +0200,,"Rennies Beach, Port Edward, KwaZulu-Natal, ZA",-31.0697471667,30.2114116667,,Saddle Harlequin,https://www.inaturalist.org/observations/392942608,https://inaturalist-open-data.s3.amazonaws.com/photos/720177346/medium.jpg,tracyjarvis,392942608,Saddle Harlequin,Plantae,585534,1,0,2026-08-20 14:42:47+02:00,2026-08-20,2026-08-20 12:42:47 UTC,Pretoria,3,3,,open,false,,,1609671,Tracy Taylor,2026-08-20 15:13:33 UTC,2026-08-21 04:30:27 UTC,research,CC-BY-NC,NA,3,false
Eulophia graminea,2026-08-20 10:05:20 -0500,,"Saint Elmo St, Houston, TX, US",29.7764688637,-95.3282111418,,Chinese Crown Orchid,https://www.inaturalist.org/observations/392940546,https://static.inaturalist.org/photos/720173470/medium.jpg,sky-ology,392940546,Chinese Crown Orchid,Plantae,427629,1,0,2026-08-20 10:05:20,2026-08-20,2026-08-20 15:05:20 UTC,Central Time (US & Canada),3,3,,,false,,,3849548,Skyler,2026-08-20 15:05:51 UTC,2026-08-21 03:57:36 UTC,research,,NA,843,false
Eulophia coeloglossa,2026-08-20 13:23:49 +0200,,"Rennies Beach, Port Edward, KwaZulu-Natal, ZA",-31.0683721667,30.2080533333,,Babytooth Harlequin,https://www.inaturalist.org/observations/392895123,https://inaturalist-open-data.s3.amazonaws.com/photos/720087595/medium.jpg,gailbowerswinters,392895123,Eulophia coeloglossa,Plantae,585535,1,0,2026-08-20 13:23:49+02:00,2026-08-20,2026-08-20 11:23:49 UTC,Pretoria,5,5,,open,false,,,827363,Gail Bowers-Winters,2026-08-20 11:33:05 UTC,2026-08-21 18:20:51 UTC,research,CC-BY-NC,NA,3,false
Eulophia coeloglossa,2026-08-20 13:03:28 +0200,,"Rennies Beach, Port Edward, KwaZulu-Natal, ZA",-31.0684195,30.2080383333,,Babytooth Harlequin,https://www.inaturalist.org/observations/392894731,https://inaturalist-open-data.s3.amazonaws.com/photos/720086645/medium.jpg,tracyjarvis,392894731,Babytooth Harlequin,Plantae,585535,1,0,2026-08-20 13:03:28+02:00,2026-08-20,2026-08-20 11:03:28 UTC,Pretoria,5,5,,open,false,,,1609671,Tracy Taylor,2026-08-20 11:30:21 UTC,2026-08-21 18:20:59 UTC,research,CC-BY-NC,NA,3,false
Eulophia alta,2026-08-18 08:16:06 -0400,,"Charlotte Flatwoods Environmental Park Trail, Punta Gorda, FL, US",26.8044283333,-81.9549716667,,Wild Coco,https://www.inaturalist.org/observations/392811615,https://inaturalist-open-data.s3.amazonaws.com/photos/719922323/medium.jpg,johnhboldt,392811615,Wild Coco,Plantae,162776,1,0,2026-08-18 08:16:06,2026-08-18,2026-08-18 12:16:06 UTC,Eastern Time (US & Canada),3,3,,,false,,,931776,John Boldt,2026-08-20 01:07:01 UTC,2026-08-20 03:30:36 UTC,research,CC-BY-NC,NA,843,false
Eulophia graminea,2026-08-18 13:17:03 -0400,citrus grove,"Avon Park, FL 33825, USA",27.5530583333,-81.4703283333,,Chinese Crown Orchid,https://www.inaturalist.org/observations/392804651,https://inaturalist-open-data.s3.amazonaws.com/photos/719909272/medium.jpg,dsandii,392804651,Chinese Crown Orchid,Plantae,427629,2,0,2026-08-18 13:17:03,2026-08-18,2026-08-18 17:17:03 UTC,Eastern Time (US & Canada),NA,NA,,,false,gps,gps,8531244,dakoda,2026-08-20 00:34:42 UTC,2026-08-20 04:15:53 UTC,research,CC-BY-NC,NA,2,false
Eulophia maculata,2026-08-18 10:14:00 -0300,"Nome atual correto: Oeceoclades maculata.
Orquídea invasora encontrada em um floresta de dunas fixas no Parque Natural Municipal das Dunas da Sabiaguaba.","Sabiaguaba, Fortaleza - CE, Brasil",-3.7929102997,-38.4392621,,Monk Orchid,https://www.inaturalist.org/observations/392796351,https://inaturalist-open-data.s3.amazonaws.com/photos/719888129/medium.jpg,caiobitu,392796351,Orquídea-monge,Plantae,1453469,1,0,2026/08/18 10:14,2026-08-18,2026-08-18 13:14:00 UTC,America/Fortaleza,NA,NA,,open,false,,,8836656,Caio Vinicius Pompeu Bitú Paiva,2026-08-19 23:55:28 UTC,2026-08-20 00:12:38 UTC,research,CC-BY-NC,NA,NA,false
Eulophia graminea,2026-08-18 13:20:00 -0400,,"Highlands County, FL, USA",27.5530266667,-81.4704516667,NA,Chinese Crown Orchid,https://www.inaturalist.org/observations/392769394,https://inaturalist-open-data.s3.amazonaws.com/photos/719826083/medium.jpg,lwridge,392769394,Chinese Crown Orchid,Plantae,427629,2,0,2026/08/18 1:20 PM,2026-08-18,2026-08-18 17:20:00 UTC,Eastern Time (US & Canada),NA,NA,,,false,,,7161220,LW Ridge,2026-08-19 21:49:39 UTC,2026-08-20 00:12:32 UTC,research,CC-BY-NC,NA,NA,false
Eulophia speciosa,2026-08-19 12:29:56 +0200,,"Winklespruit Road, Kingsburgh, KwaZulu-Natal, ZA",-30.1263945,30.845925,NA,Golden Harlequin,https://www.inaturalist.org/observations/392753098,https://inaturalist-open-data.s3.amazonaws.com/photos/719805217/medium.jpg,thatomoloi54321,392753098,Golden Harlequin,Plantae,140704,1,0,2026-08-19 12:29:56,2026-08-19,2026-08-19 10:29:56 UTC,Pretoria,10,10,,open,false,,,7589556,Thato Moloi,2026-08-19 20:40:35 UTC,2026-08-20 00:14:25 UTC,research,CC-BY-NC,NA,843,false
Eulophia picta,2025-06-28 15:55:00 +0800,,,22.5798759527,114.0872836557,NA,Shepherd's Crook Orchid,https://www.inaturalist.org/observations/392724643,https://static.inaturalist.org/photos/719749753/medium.jpg,carol_kwok,392724643,垂頭地寶蘭,Plantae,1598926,2,0,2025/06/28 15:55,2025-06-28,2025-06-28 07:55:00 UTC,Hong Kong,2933,30278,obscured,,true,,,716148,Carol Kwok,2026-08-19 18:48:16 UTC,2026-08-20 04:31:10 UTC,research,CC-BY-NC-ND,NA,NA,false
Eulophia maculata,2026-08-18 15:28:52 -0600,,"X82J+53M, Guanacaste Province, Guiones, Costa Rica",9.951422,-85.6698499722,NA,Monk Orchid,https://www.inaturalist.org/observations/392679345,https://inaturalist-open-data.s3.amazonaws.com/photos/719662724/medium.jpg,singstroussie,392679345,Monk Orchid,Plantae,1453469,2,0,2026-08-18 15:28:52,2026-08-18,2026-08-18 21:28:52 UTC,America/Costa_Rica,NA,NA,,open,false,gps,gps,6943117,Ryan,2026-08-19 15:43:43 UTC,2026-08-20 04:28:31 UTC,research,CC-BY-NC,NA,2,false
Eulophia hians,2015-01-18 14:11:00 +0200,,"Harry Gwala District Municipality, South Africa",-30.1391784612,29.4840525611,NA,Yawning Harlequin,https://www.inaturalist.org/observations/392595157,https://inaturalist-open-data.s3.amazonaws.com/photos/719502498/medium.jpg,graham_g,392595157,Yawning Harlequin,Plantae,415244,1,0,2015/01/18 2:11 PM,2015-01-18,2015-01-18 12:11:00 UTC,Pretoria,200,200,,open,false,,,748380,,2026-08-19 07:25:58 UTC,2026-08-20 04:36:33 UTC,research,CC-BY-NC,NA,NA,false
Eulophia maculata,2026-08-18 09:35:51 -0400,,"Florida, US",27.2510874867,-80.3225876239,NA,Monk Orchid,https://www.inaturalist.org/observations/392478254,https://static.inaturalist.org/photos/719271935/medium.jpg,jj0056,392478254,Monk Orchid,Plantae,1453469,2,0,2026-08-18 09:35:51,2026-08-18,2026-08-18 13:35:51 UTC,Eastern Time (US & Canada),2,29751,obscured,open,true,,,9260032,,2026-08-18 20:46:08 UTC,2026-08-19 00:35:54 UTC,research,,NA,843,false
Eulophia graminea,2026-08-18 12:58:25 -0400,,"SE Ocean Blvd, Stuart, FL, US",27.1962916667,-80.2238833333,NA,Chinese Crown Orchid,https://www.inaturalist.org/observations/392471699,https://inaturalist-open-data.s3.amazonaws.com/photos/719259553/medium.jpg,hardeeparty,392471699,Chinese Crown Orchid,Plantae,427629,1,0,2026-08-18 12:58:25-04:00,2026-08-18,2026-08-18 16:58:25 UTC,Eastern Time (US & Canada),20,20,,,false,,,8372098,James Hardee,2026-08-18 20:20:27 UTC,2026-08-18 23:27:53 UTC,research,,NA,3,false
Eulophia clitellifera,2026-08-18 08:44:00 +0200,,Crestholme,-29.726688458,30.8412807807,NA,Saddle Harlequin,https://www.inaturalist.org/observations/392447732,https://static.inaturalist.org/photos/719211648/medium.jpg,dawn735,392447732,Saddle Harlequin,Plantae,585534,2,0,2026-08-18 08:44:00,2026-08-18,2026-08-18 06:44:00 UTC,Pretoria,1694,1694,,open,false,gps,gps,6218389,Dawn Booth,2026-08-18 18:44:37 UTC,2026-08-19 00:38:26 UTC,research,,NA,2,false
Eulophia maculata,2026-07-24 11:07:24 -0600,,"Amatán, Chis., MX",17.3414384448,-92.8183510388,NA,Monk Orchid,https://www.inaturalist.org/observations/392433978,https://inaturalist-open-data.s3.amazonaws.com/photos/719184988/medium.jpg,guillermo_sg,392433978,Orquídea monja africana,Plantae,1453469,3,0,2026-07-24 11:07:24,2026-07-24,2026-07-24 17:07:24 UTC,Mexico City,2986,2986,,open,false,,,1163992,Guillermo SG,2026-08-18 17:46:07 UTC,2026-08-19 17:23:22 UTC,research,CC-BY-NC,NA,843,false
Eulophia maculata,2026-08-18 11:43:29 -0300,,"Itaju do Colônia, BR-BA, BR",-15.0314278333,-39.7943466667,NA,Monk Orchid,https://www.inaturalist.org/observations/392410103,https://static.inaturalist.org/photos/719139373/medium.jpg,lostincr,392410103,Monk Orchid,Plantae,1453469,1,0,2026-08-18 11:43:29-03:00,2026-08-18,2026-08-18 14:43:29 UTC,America/Bahia,NA,NA,,open,false,,,739230,LostInCR,2026-08-18 16:16:43 UTC,2026-08-19 00:39:17 UTC,research,,NA,3,false
Eulophia maculata,2026-08-08 12:23:00 -0300,,"San Ignacio Department, Misiones Province, Argentina",-27.2822607222,-55.587303034,NA,Monk Orchid,https://www.inaturalist.org/observations/392409742,https://inaturalist-open-data.s3.amazonaws.com/photos/719136949/medium.jpg,nicoolejnik,392409742,Monk Orchid,Plantae,1453469,2,0,2026/08/08 12:23 PM,2026-08-08,2026-08-08 15:23:00 UTC,America/Argentina/Cordoba,61,61,,open,false,,,50445,Nicolas Olejnik,2026-08-18 16:15:17 UTC,2026-10-07 16:19:58 UTC,research,CC-BY,NA,NA,false
Eulophia picta,2026-08-18 10:20:37 +0800,,"壽山國家自然公園, 鼓山區, 高雄市, TW",22.654355,120.268075,NA,Shepherd's Crook Orchid,https://www.inaturalist.org/observations/392396543,https://inaturalist-open-data.s3.amazonaws.com/photos/719112678/medium.jpg,ss1104,392396543,垂頭地寶蘭,Plantae,1598926,1,0,2026-08-18 10:20:37+08:00,2026-08-18,2026-08-18 02:20:37 UTC,Taipei,4,4,,,false,,,2444440,小蜜蜂,2026-08-18 15:20:22 UTC,2026-08-18 16:50:00 UTC,research,CC-BY-NC,NA,3,false
Eulophia graminea,2026-08-12 16:36:03 +0800,,"Chin Cheng Ave, Singapore, SG, SG",1.3168608647,103.9057571231,NA,Chinese Crown Orchid,https://www.inaturalist.org/observations/392326367,https://inaturalist-open-data.s3.amazonaws.com/photos/718975556/medium.jpg,zech_zucchini,392326367,Chinese Crown Orchid,Plantae,427629,1,0,2026-08-12 16:36:03,2026-08-12,2026-08-12 08:36:03 UTC,Singapore,8,8,,,false,,,5291055,Zech Yu,2026-08-18 09:01:13 UTC,2026-08-18 10:11:04 UTC,research,CC-BY-NC,NA,843,false
Eulophia clitellifera,2026-08-18 08:51:14 +0200,,"Crestview, Waterfall, 3610, South Africa",-29.7271181876,30.8288971893,NA,Saddle Harlequin,https://www.inaturalist.org/observations/392311757,https://static.inaturalist.org/photos/719067934/medium.jpg,barry_lang,392311757,Saddle Harlequin,Plantae,585534,1,0,2026-08-18 08:51:14,2026-08-18,2026-08-18 06:51:14 UTC,Pretoria,7,7,,open,false,,,4271182,Barry lang,2026-08-18 07:00:29 UTC,2026-08-19 00:47:35 UTC,research,,NA,2,false
Eulophia alta,2026-08-17 16:31:54 -0500,,"Vía Fraguita - Yurayaco, San José del Fragua, Caquetá, CO",1.2038383333,-76.1292028333,NA,Wild Coco,https://www.inaturalist.org/observations/392302783,https://static.inaturalist.org/photos/718930425/medium.jpg,felipemzambrano,392302783,Eulophia alta,Plantae,162776,2,0,2026-08-17 16:31:54-05:00,2026-08-17,2026-08-17 21:31:54 UTC,Bogota,4,4,,,false,,,6158158,Felipe Mesa,2026-08-18 05:48:40 UTC,2026-08-25 04:15:47 UTC,research,,NA,3,false
Eulophia picta,2026-08-18 11:09:32 +0800,,"臺灣島, 左鎮區, 臺南市, TW",22.9707017216,120.4356326413,NA,Shepherd's Crook Orchid,https://www.inaturalist.org/observations/392279805,https://static.inaturalist.org/photos/718884123/medium.jpg,nut,392279805,垂頭地寶蘭,Plantae,1598926,1,0,2026-08-18 11:09:32+08:00,2026-08-18,2026-08-18 03:09:32 UTC,Taipei,113,113,,,false,,,864669,Nut,2026-08-18 03:09:43 UTC,2026-08-18 04:13:36 UTC,research,,NA,3,false
Eulophia maculata,2026-08-12 11:58:19 -0400,,"Polk County, US-FL, US",27.9455817091,-81.4573691256,NA,Monk Orchid,https://www.inaturalist.org/observations/392233727,https://inaturalist-open-data.s3.amazonaws.com/photos/718790544/medium.jpg,lilorvis,392233727,Monk Orchid,Plantae,1453469,2,0,2026-08-12 11:58:19-04:00,2026-08-12,2026-08-12 15:58:19 UTC,Eastern Time (US & Canada),44,29680,obscured,open,true,,,3639895,Bog,2026-08-17 23:27:02 UTC,2026-08-18 00:39:06 UTC,research,CC-BY-NC,NA,3,false
Eulophia maculata,2026-08-12 11:50:58 -0400,,"Polk County, US-FL, US",27.8183197524,-81.5743691988,NA,Monk Orchid,https://www.inaturalist.org/observations/392233371,https://inaturalist-open-data.s3.amazonaws.com/photos/718789848/medium.jpg,lilorvis,392233371,Monk Orchid,Plantae,1453469,1,0,2026-08-12 11:50:58-04:00,2026-08-12,2026-08-12 15:50:58 UTC,Eastern Time (US & Canada),12,29680,obscured,open,true,,,3639895,Bog,2026-08-17 23:25:24 UTC,2026-08-18 00:39:15 UTC,research,CC-BY-NC,NA,3,false
Eulophia graminea,2026-08-17 15:52:08 -0400,,"Chassahowitzka Wildlife Management Area Trail, Brooksville, FL, US",28.6388533333,-82.5847783333,NA,Chinese Crown Orchid,https://www.inaturalist.org/observations/392223244,https://inaturalist-open-data.s3.amazonaws.com/photos/718769409/medium.jpg,johnhboldt,392223244,Chinese Crown Orchid,Plantae,427629,2,0,2026-08-17 15:52:08,2026-08-17,2026-08-17 19:52:08 UTC,Eastern Time (US & Canada),4,4,,,false,,,931776,John Boldt,2026-08-17 22:40:06 UTC,2026-08-18 04:12:33 UTC,research,CC-BY-NC,NA,843,false
Eulophia graminea,2026-08-17 18:15:14 -0400,,"Broward County, US-FL, US",26.1633353839,-80.1243638992,NA,Chinese Crown Orchid,https://www.inaturalist.org/observations/392217599,https://inaturalist-open-data.s3.amazonaws.com/photos/718758487/medium.jpg,david73904,392217599,Chinese Crown Orchid,Plantae,427629,3,0,2026-08-17 18:15:14,2026-08-17,2026-08-17 22:15:14 UTC,Eastern Time (US & Canada),5,5,,,false,,,10895820,David Gil,2026-08-17 22:16:19 UTC,2026-08-21 14:59:45 UTC,research,CC-BY-NC,NA,2,false
Eulophia alta,2026-08-17 15:50:00 -0400,,"Chassahowitzka Wildlife Management Area Trail, Brooksville, FL, US",28.638625,-82.5848533333,NA,Wild Coco,https://www.inaturalist.org/observations/392209493,https://inaturalist-open-data.s3.amazonaws.com/photos/718742366/medium.jpg,johnhboldt,392209493,Wild Coco,Plantae,162776,1,0,2026-08-17 15:50:00,2026-08-17,2026-08-17 19:50:00 UTC,Eastern Time (US & Canada),5,5,,,false,,,931776,John Boldt,2026-08-17 21:44:31 UTC,2026-08-18 00:47:48 UTC,research,CC-BY-NC,NA,843,false
Eulophia maculata,2026-08-15 15:36:32 -0300,,"Ledesma, Jujuy, Argentina",-23.7358745,-64.846884,NA,Monk Orchid,https://www.inaturalist.org/observations/392205087,https://inaturalist-open-data.s3.amazonaws.com/photos/718733433/medium.jpg,rocio_pose,392205087,Orquídea monja africana,Plantae,1453469,2,0,2026-08-15 15:36:32,2026-08-15,2026-08-15 18:36:32 UTC,America/Argentina/Jujuy,NA,NA,,open,false,gps,gps,3752869,Rocío Esmeralda Pose,2026-08-17 21:27:37 UTC,2026-08-24 02:42:35 UTC,research,CC-BY,NA,2,false
Eulophia parviflora,2026-08-16 13:18:56 +0200,,"Ray Nkonyeni Local Municipality, South Africa",-31.0173802,30.172481,NA,Mini Harlequin,https://www.inaturalist.org/observations/391989239,https://static.inaturalist.org/photos/718317847/medium.jpg,muhammad_a,391989239,Mini Harlequin,Plantae,577769,2,0,2026-08-16 13:18:56,2026-08-16,2026-08-16 11:18:56 UTC,Pretoria,NA,NA,,open,false,gps,gps,4429155,Muhammad Adamjee,2026-08-17 03:59:07 UTC,2026-08-18 17:16:16 UTC,research,,NA,2,false
Eulophia parviflora,2026-08-16 11:53:13 +0200,,"Ray Nkonyeni Local Municipality, South Africa",-31.0110677,30.1763502997,NA,Mini Harlequin,https://www.inaturalist.org/observations/391988458,https://static.inaturalist.org/photos/718315326/medium.jpg,muhammad_a,391988458,Mini Harlequin,Plantae,577769,1,0,2026-08-16 11:53:13,2026-08-16,2026-08-16 09:53:13 UTC,Pretoria,NA,NA,,open,false,gps,gps,4429155,Muhammad Adamjee,2026-08-17 03:54:55 UTC,2026-08-18 17:15:43 UTC,research,,NA,2,false
Eulophia hians hians,2026-08-16 11:26:40 +0200,,"Ray Nkonyeni Local Municipality, South Africa",-31.0086046,30.1769491997,NA,Blue Yawning Harlequin,https://www.inaturalist.org/observations/391988108,https://static.inaturalist.org/photos/718314819/medium.jpg,muhammad_a,391988108,Blue Yawning Harlequin,Plantae,599258,2,0,2026-08-16 11:26:40,2026-08-16,2026-08-16 09:26:40 UTC,Pretoria,NA,NA,,open,false,gps,gps,4429155,Muhammad Adamjee,2026-08-17 03:52:35 UTC,2026-08-19 21:17:29 UTC,research,,NA,2,false
Eulophia hians,2026-08-16 11:27:01 +0200,,"Ray Nkonyeni Local Municipality, South Africa",-31.0086046,30.1769491997,NA,Yawning Harlequin,https://www.inaturalist.org/observations/391988070,https://static.inaturalist.org/photos/718314451/medium.jpg,muhammad_a,391988070,Yawning Harlequin,Plantae,415244,2,0,2026-08-16 11:27:01,2026-08-16,2026-08-16 09:27:01 UTC,Pretoria,NA,NA,,open,false,gps,gps,4429155,Muhammad Adamjee,2026-08-17 03:52:25 UTC,2026-08-18 17:19:35 UTC,research,,NA,2,false
Eulophia graminea,2026-08-15 19:27:32 -0400,ewww,"Pinellas Park, FL 33782, USA",27.8690396584,-82.7185924351,NA,Chinese Crown Orchid,https://www.inaturalist.org/observations/391876841,https://inaturalist-open-data.s3.amazonaws.com/photos/718095985/medium.jpg,dsandii,391876841,Chinese Crown Orchid,Plantae,427629,1,0,2026-08-15 19:27:32,2026-08-15,2026-08-15 23:27:32 UTC,Eastern Time (US & Canada),103,103,,,false,gps,gps,8531244,dakoda,2026-08-16 20:40:53 UTC,2026-08-17 04:55:03 UTC,research,CC-BY-NC,NA,2,false
Eulophia pratensis,2026-01-10 00:47:00 +0530,,"Satara, IN-MH, IN",17.4972191571,74.0685739968,NA,Meadow Eulophia,https://www.inaturalist.org/observations/391847110,https://inaturalist-open-data.s3.amazonaws.com/photos/718040194/medium.jpg,swanand,391847110,Meadow Eulophia,Plantae,851200,3,0,2026/01/10 12:47 AM,2026-01-10,2026-01-09 19:17:00 UTC,New Delhi,4020,30732,obscured,,true,,,679749,swanand kesari,2026-08-16 19:18:17 UTC,2026-08-20 09:12:33 UTC,research,CC-BY,NA,NA,false
Eulophia galeoloides,2025-12-30 09:51:29 +0300,,"Buraro Forest Trail, Busongora, Western, UG",0.3592216667,30.0290666667,NA,,https://www.inaturalist.org/observations/391809310,https://static.inaturalist.org/photos/717966803/medium.jpg,cristianluquehuertas,391809310,Eulophia galeoloides,Plantae,1453844,1,0,2025-12-30 09:51:29,2025-12-30,2025-12-30 06:51:29 UTC,Nairobi,4,4,,,false,,,2103644,Cristian Luque Huertas,2026-08-16 17:21:04 UTC,2026-08-17 19:26:27 UTC,research,,NA,843,false
Eulophia maculata,2026-08-16 01:05:00 -0300,,"Campestre de Goiás - GO, Brasil",-16.886,-49.7207166667,NA,Monk Orchid,https://www.inaturalist.org/observations/391769859,https://inaturalist-open-data.s3.amazonaws.com/photos/717892197/medium.jpg,geraldomorais,391769859,Orquídea-monge,Plantae,1453469,1,0,2026/08/16 01:05,2026-08-16,2026-08-16 04:05:00 UTC,Brasilia,NA,NA,,open,false,,,7723906,,2026-08-16 15:29:54 UTC,2026-08-18 04:34:24 UTC,research,CC-BY-NC,NA,NA,false
Eulophia clitellifera,2026-08-16 15:02:08 +0200,"About 20 plants all coming up very close together. Post-burn, no leaves.","Crestview, Waterfall, 3610, South Africa",-29.7271076,30.8290809997,NA,Saddle Harlequin,https://www.inaturalist.org/observations/391751831,https://static.inaturalist.org/photos/717861910/medium.jpg,nubigenus,391751831,Eulophia clitellifera,Plantae,585534,1,0,2026-08-16 15:02:08,2026-08-16,2026-08-16 13:02:08 UTC,Pretoria,NA,NA,,open,false,gps,gps,3958502,Camilla Rose Christie,2026-08-16 14:42:50 UTC,2026-08-16 18:08:59 UTC,research,,NA,2,false
Eulophia streptopetala,2024-11-09 17:21:00 +0200,,"Ugu District Municipality, South Africa",-30.3876245872,30.6746484776,NA,Twisted Harlequin,https://www.inaturalist.org/observations/391673979,https://inaturalist-open-data.s3.amazonaws.com/photos/717713754/medium.jpg,richardboon,391673979,Twisted Harlequin,Plantae,543627,1,0,2024/11/09 5:21 PM,2024-11-09,2024-11-09 15:21:00 UTC,Pretoria,91,91,,open,false,,,1039451,Richard Boon,2026-08-16 08:32:46 UTC,2026-08-17 04:42:46 UTC,research,CC-BY-NC,NA,NA,false
Eulophia maculata,2026-08-04 10:37:00 -0400,,"Okaloacoochee Slough State Forest, Hendry County, FL, USA",26.5308264498,-81.2717629837,NA,Monk Orchid,https://www.inaturalist.org/observations/391613338,https://inaturalist-open-data.s3.amazonaws.com/photos/717561120/medium.jpg,jrichardabbott,391613338,Monk Orchid,Plantae,1453469,2,0,2026/08/04 10:37 AM,2026-08-04,2026-08-04 14:37:00 UTC,Eastern Time (US & Canada),5,5,,open,false,,,1065815,J. Richard Abbott,2026-08-16 02:22:34 UTC,2026-08-21 19:12:18 UTC,research,CC-BY-NC,NA,NA,false
Eulophia picta,2026-08-16 11:15:04 +1000,,"Queensland, AU",-27.1515231782,152.8909125004,NA,Shepherd's Crook Orchid,https://www.inaturalist.org/observations/391601626,https://inaturalist-open-data.s3.amazonaws.com/photos/717573205/medium.jpg,ethanabra,391601626,Shepherd's Crook Orchid,Plantae,1598926,2,0,2026-08-16 11:15:04,2026-08-16,2026-08-16 01:15:04 UTC,Brisbane,NA,29775,,obscured,true,gps,gps,8937186,Ethan,2026-08-16 01:26:53 UTC,2026-08-17 12:16:27 UTC,research,CC-BY-NC,NA,2,false
Eulophia picta,2026-08-16 09:11:40 +0800,,813台灣高雄市左營區半屏山後巷,22.69119478,120.30799801,NA,Shepherd's Crook Orchid,https://www.inaturalist.org/observations/391600582,https://inaturalist-open-data.s3.amazonaws.com/photos/717570628/medium.jpg,ssnp171,391600582,垂頭地寶蘭,Plantae,1598926,1,0,2026-08-16 09:11:40,2026-08-16,2026-08-16 01:11:40 UTC,Taipei,3,3,,,false,,,8421938,,2026-08-16 01:22:16 UTC,2026-08-16 06:50:23 UTC,research,CC-BY-NC,NA,2,false
Eulophia maculata,2026-08-03 14:16:00 -0400,,"Okaloacoochee Slough State Forest, Hendry County, FL, USA",26.5647,-81.3822333333,NA,Monk Orchid,https://www.inaturalist.org/observations/391594626,https://inaturalist-open-data.s3.amazonaws.com/photos/717546104/medium.jpg,jrichardabbott,391594626,Monk Orchid,Plantae,1453469,1,0,2026/08/03 2:16 PM,2026-08-03,2026-08-03 18:16:00 UTC,Eastern Time (US & Canada),23,23,,open,false,,,1065815,J. Richard Abbott,2026-08-16 00:58:03 UTC,2026-08-16 09:35:36 UTC,research,CC-BY-NC,NA,NA,false
Eulophia graminea,2026-08-15 19:33:52 -0400,,Pinellas Park,27.8312339783,-82.7346038818,NA,Chinese Crown Orchid,https://www.inaturalist.org/observations/391575718,https://inaturalist-open-data.s3.amazonaws.com/photos/717521586/medium.jpg,cid1090,391575718,Chinese Crown Orchid,Plantae,427629,1,0,Sat Aug 15 2026 19:33:52 GMT -0400 (EDT),2026-08-15,2026-08-15 23:33:52 UTC,Eastern Time (US & Canada),10,10,,,false,,,3599551,,2026-08-15 23:34:44 UTC,2026-08-19 04:32:38 UTC,research,CC-BY-NC,NA,333,false
Eulophia maculata,2026-08-14 10:23:04 -0400,,"Lion Country Safari Rd, Loxahatchee, FL, US",26.7141416667,-80.3222666667,NA,Monk Orchid,https://www.inaturalist.org/observations/391515338,https://inaturalist-open-data.s3.amazonaws.com/photos/717402449/medium.jpg,cleistesiopsis,391515338,Monk Orchid,Plantae,1453469,2,0,2026-08-14 10:23:04,2026-08-14,2026-08-14 14:23:04 UTC,Eastern Time (US & Canada),33,33,,open,false,,,1108349,,2026-08-15 19:58:29 UTC,2026-08-21 15:00:26 UTC,research,CC-BY-NC,NA,843,false
Eulophia maculata,2026-08-15 11:58:08 -0600,,"FQXW+Q5W, Santa Bárbara, Guatemala",14.500015,-91.2047731,NA,Monk Orchid,https://www.inaturalist.org/observations/391486319,https://inaturalist-open-data.s3.amazonaws.com/photos/717345879/medium.jpg,jose82337,391486319,Orquídea monja africana,Plantae,1453469,1,0,2026-08-15 11:58:08,2026-08-15,2026-08-15 17:58:08 UTC,Central America,NA,NA,,open,false,,,10132180,Jose Santiago,2026-08-15 18:20:25 UTC,2026-08-19 04:36:00 UTC,research,CC-BY-NC,NA,2,false
Eulophia maculata,2026-08-15 09:48:45 -0600,,"Calle El Pedregal, San Salvador, San Salvador, SV",13.71362,-89.25248,NA,Monk Orchid,https://www.inaturalist.org/observations/391442556,https://inaturalist-open-data.s3.amazonaws.com/photos/717258597/medium.jpg,nestorh,391442556,Orquídea monja africana,Plantae,1453469,2,0,2026-08-15 09:48:45,2026-08-15,2026-08-15 15:48:45 UTC,America/El_Salvador,1414,1414,,open,false,,,210766,Nestor Herrera,2026-08-15 15:53:13 UTC,2026-08-19 04:37:01 UTC,research,CC-BY-NC,NA,843,false
Eulophia maculata,2026-08-15 09:39:14 -0300,,"Mangueirinha, PR, BR",-25.856745,-52.1743966667,NA,Monk Orchid,https://www.inaturalist.org/observations/391425010,https://inaturalist-open-data.s3.amazonaws.com/photos/717224283/medium.jpg,alanhentz,391425010,Orquídea-monge,Plantae,1453469,1,0,2026-08-15 09:39:14-03:00,2026-08-15,2026-08-15 12:39:14 UTC,Brasilia,11,11,,open,false,,,3640054,Alan Hentz,2026-08-15 14:52:24 UTC,2026-08-19 04:38:25 UTC,research,CC-BY-NC,NA,3,false
Eulophia clitellifera,2026-08-15 12:06:26 +0200,,"Lusaka, ZM",-15.2918533333,28.4570716667,NA,Saddle Harlequin,https://www.inaturalist.org/observations/391400481,https://inaturalist-open-data.s3.amazonaws.com/photos/717174825/medium.jpg,troos,391400481,Eulophia clitellifera,Plantae,585534,2,0,2026-08-15 12:06:26,2026-08-15,2026-08-15 10:06:26 UTC,Africa/Lusaka,5,5,,,false,,,1109131,Troos van der Merwe,2026-08-15 13:24:04 UTC,2026-08-19 16:10:32 UTC,research,CC-BY-NC,NA,843,false
Eulophia clitellifera,2026-08-15 12:14:25 +0200,,"Lusaka, ZM",-15.2922716667,28.45815,NA,Saddle Harlequin,https://www.inaturalist.org/observations/391399686,https://inaturalist-open-data.s3.amazonaws.com/photos/717173071/medium.jpg,troos,391399686,Eulophia clitellifera,Plantae,585534,1,0,2026-08-15 12:14:25,2026-08-15,2026-08-15 10:14:25 UTC,Africa/Lusaka,4,4,,,false,,,1109131,Troos van der Merwe,2026-08-15 13:20:38 UTC,2026-08-19 16:10:37 UTC,research,CC-BY-NC,NA,843,false
Eulophia graminea,2026-08-06 12:18:08 -0400,,"Fort Myers, FL 33907, USA",26.5272505997,-81.8831153,NA,Chinese Crown Orchid,https://www.inaturalist.org/observations/391367988,https://inaturalist-open-data.s3.amazonaws.com/photos/717112880/medium.jpg,renevague3,391367988,Chinese Crown Orchid,Plantae,427629,1,0,2026-08-06 12:18:08,2026-08-06,2026-08-06 16:18:08 UTC,Eastern Time (US & Canada),NA,NA,,,false,gps,gps,3575163,,2026-08-15 10:46:11 UTC,2026-08-15 11:46:46 UTC,research,CC-BY-NC,NA,2,false
Eulophia graminea,2026-08-14 09:00:53 -0500,,"Memorial Dr, Houston, TX, US",29.7665580206,-95.4474177409,NA,Chinese Crown Orchid,https://www.inaturalist.org/observations/391273840,https://inaturalist-open-data.s3.amazonaws.com/photos/716931170/medium.jpg,paloma_tamayo,391273840,Chinese Crown Orchid,Plantae,427629,1,0,2026-08-14 09:00:53,2026-08-14,2026-08-14 14:00:53 UTC,Central Time (US & Canada),30,30,,,false,,,9671905,,2026-08-15 00:46:05 UTC,2026-09-07 23:27:17 UTC,research,CC-BY-NC,NA,843,false
Eulophia maculata,2026-08-14 13:57:26 -0300,,"Baía de Sepetiba, RJ, BR",-22.98808,-43.9200033333,NA,Monk Orchid,https://www.inaturalist.org/observations/391198259,https://static.inaturalist.org/photos/716782187/medium.jpg,pedro_lafin_,391198259,Orquídea-monge,Plantae,1453469,1,0,2026-08-14 13:57:26-03:00,2026-08-14,2026-08-14 16:57:26 UTC,Brasilia,64,64,,open,false,,,5390296,Pedro Lafin,2026-08-14 19:14:06 UTC,2026-08-15 11:59:39 UTC,research,,NA,3,false
Eulophia maculata,2026-08-10 09:22:00 -0600,,"San Pedro Sula, Cortés, Honduras",15.5075862017,-88.0563406534,NA,Monk Orchid,https://www.inaturalist.org/observations/391180381,https://static.inaturalist.org/photos/716726697/medium.jpg,vinwin,391180381,Monk Orchid,Plantae,1453469,1,0,2026/08/10 9:22 AM,2026-08-10,2026-08-10 15:22:00 UTC,America/Tegucigalpa,795,795,,open,false,,,3580625,Vincent W.,2026-08-14 18:01:55 UTC,2026-08-15 11:54:16 UTC,research,CC-BY,NA,NA,false
Eulophia maculata,2026-08-14 09:58:36 -0400,,"Cayey, PR, US",18.1200123828,-66.1622316328,NA,Monk Orchid,https://www.inaturalist.org/observations/391120189,https://inaturalist-open-data.s3.amazonaws.com/photos/716631387/medium.jpg,jadielgarcia,391120189,Monk Orchid,Plantae,1453469,3,0,2026-08-14 09:58:36,2026-08-14,2026-08-14 13:58:36 UTC,Puerto Rico,13,13,,open,false,,,6459213,Jadiel J. García Peña,2026-08-14 13:59:27 UTC,2026-08-19 15:33:33 UTC,research,CC-BY-NC,NA,843,false
Eulophia maculata,2026-08-13 20:12:00 -0300,,"Butantã, São Paulo - SP, Brasil",-23.5633571233,-46.729301609,NA,Monk Orchid,https://www.inaturalist.org/observations/391014834,https://inaturalist-open-data.s3.amazonaws.com/photos/716419038/medium.jpg,blosum62,391014834,Orquídea-monge,Plantae,1453469,1,0,2026/08/13 20:12,2026-08-13,2026-08-13 23:12:00 UTC,Brasilia,178,178,,open,false,,,9991980,Darci,2026-08-14 02:04:32 UTC,2026-08-14 05:01:02 UTC,research,CC0,NA,NA,false
Eulophia graminea,2026-08-13 19:35:09 -0500,Volunteer growing among cultivated plants.,"Westheimer Rd @ Bagby St, Houston, TX 77006, USA",29.7448411,-95.3818959,NA,Chinese Crown Orchid,https://www.inaturalist.org/observations/390997994,https://static.inaturalist.org/photos/716391308/medium.jpg,paisley2,390997994,Chinese Crown Orchid,Plantae,427629,2,0,2026-08-13 19:35:09,2026-08-13,2026-08-14 00:35:09 UTC,Central Time (US & Canada),36,36,,,false,,,1113243,Paisley Thermond,2026-08-14 00:36:29 UTC,2026-08-14 12:52:40 UTC,research,,NA,2,false
Eulophia maculata,2026-08-13 12:11:29 -0400,,"Collier County, US-FL, US",26.2689337223,-81.4170573479,NA,Monk Orchid,https://www.inaturalist.org/observations/390949788,https://static.inaturalist.org/photos/716407981/medium.jpg,keltonm,390949788,Monk Orchid,Plantae,1453469,2,0,2026-08-13 12:11:29-04:00,2026-08-13,2026-08-13 16:11:29 UTC,Eastern Time (US & Canada),953,29868,obscured,open,true,,,5148775,Kelton Maystrick,2026-08-13 20:56:41 UTC,2026-08-14 05:02:17 UTC,research,,NA,3,false
Eulophia maculata,2026-08-13 09:38:41 -0600,,"Antiguo Cuscatlán, La Libertad, SV",13.7039633333,-89.2653966667,NA,Monk Orchid,https://www.inaturalist.org/observations/390895156,https://inaturalist-open-data.s3.amazonaws.com/photos/716187045/medium.jpg,nestorh,390895156,Orquídea monja africana,Plantae,1453469,2,0,2026-08-13 09:38:41,2026-08-13,2026-08-13 15:38:41 UTC,America/El_Salvador,4,4,,open,false,,,210766,Nestor Herrera,2026-08-13 17:22:14 UTC,2026-08-14 05:02:22 UTC,research,CC-BY-NC,NA,843,false
Eulophia graminea,2026-08-12 17:06:35 -0500,,"Coles Crossing, TX 77429, USA",29.9741583333,-95.648675,NA,Chinese Crown Orchid,https://www.inaturalist.org/observations/390872823,https://static.inaturalist.org/photos/716145669/medium.jpg,jill675,390872823,Chinese Crown Orchid,Plantae,427629,1,0,2026-08-12 17:06:35,2026-08-12,2026-08-12 22:06:35 UTC,Central Time (US & Canada),NA,NA,,,false,gps,gps,6450200,Jill Hirtzel,2026-08-13 15:57:59 UTC,2026-08-20 21:19:46 UTC,research,,NA,2,false
Eulophia maculata,2026-08-11 12:03:17 -0400,,"6311, Nueva Esparta, Venezuela",11.04995577,-63.84866334,NA,Monk Orchid,https://www.inaturalist.org/observations/390806755,https://static.inaturalist.org/photos/716021407/medium.jpg,ppielago,390806755,Orquídea monja africana,Plantae,1453469,2,0,2026-08-11 12:03:17,2026-08-11,2026-08-11 16:03:17 UTC,Caracas,NA,NA,,open,false,gps,gps,5246706,Piélago,2026-08-13 10:42:26 UTC,2026-08-20 16:08:42 UTC,research,,NA,2,false
Eulophia maculata,2026-08-12 09:26:20 -0600,,"24315 Mamantel, Camp., México",18.535267965,-91.0569268093,NA,Monk Orchid,https://www.inaturalist.org/observations/390736497,https://inaturalist-open-data.s3.amazonaws.com/photos/715884648/medium.jpg,marceeee_mtz,390736497,Orquídea monja africana,Plantae,1453469,4,0,2026-08-12 09:26:20,2026-08-12,2026-08-12 15:26:20 UTC,America/Merida,6,6,,open,false,gps,gps,5325127,Marcelo Alí Martínez-Guerra,2026-08-13 02:18:16 UTC,2026-08-13 16:25:35 UTC,research,CC-BY-NC,NA,2,false
Eulophia euglossa,2026-01-28 15:14:00 +0000,With Enviro-Insight,"Fuamah, Liberia",6.9742429,-10.2502735997,NA,,https://www.inaturalist.org/observations/390650130,https://inaturalist-open-data.s3.amazonaws.com/photos/719753814/medium.jpg,decklan,390650130,Eulophia euglossa,Plantae,1184326,1,0,2026-01-28 15:14:00,2026-01-28,2026-01-28 15:14:00 UTC,Monrovia,NA,NA,,,false,,,4441545,Decklan,2026-08-12 19:41:17 UTC,2026-09-15 15:32:37 UTC,research,CC-BY-NC,NA,2,false
Eulophia gracilis,2025-08-08 16:15:35 +0000,With Enviro-Insight,"Fuamah, Liberia",6.9485754997,-10.2666564,NA,,https://www.inaturalist.org/observations/390643126,https://inaturalist-open-data.s3.amazonaws.com/photos/715700049/medium.jpg,decklan,390643126,Eulophia gracilis,Plantae,638347,1,0,2025-08-08 16:15:35,2025-08-08,2025-08-08 16:15:35 UTC,Monrovia,NA,NA,,,false,gps,gps,4441545,Decklan,2026-08-12 19:13:08 UTC,2026-08-19 18:35:05 UTC,research,CC-BY-NC,NA,2,false
Eulophia graminea,2026-08-12 12:35:14 -0400,,"PGA Blvd, Palm Beach Gardens, FL, US",26.8411572604,-80.1338767727,NA,Chinese Crown Orchid,https://www.inaturalist.org/observations/390603582,https://inaturalist-open-data.s3.amazonaws.com/photos/715623812/medium.jpg,thecolinfromuf,390603582,Chinese Crown Orchid,Plantae,427629,4,0,2026-08-12 12:35:14-04:00,2026-08-12,2026-08-12 16:35:14 UTC,Eastern Time (US & Canada),5,5,,,false,,,5135024,,2026-08-12 16:35:44 UTC,2026-08-21 15:00:34 UTC,research,CC-BY-NC,NA,3,false
Eulophia hians inaequalis,2026-08-12 00:00:00 +0200,,"Carletonville, 2499, South Africa",-26.3999821799,27.4657935928,NA,Yellow Yawning Harlequin,https://www.inaturalist.org/observations/390578325,https://inaturalist-open-data.s3.amazonaws.com/photos/715571487/medium.jpg,kyle_campbell1,390578325,Yellow Yawning Harlequin,Plantae,599259,1,0,2026/08/12,2026-08-12,,Pretoria,50,50,,open,false,,,5171908,Kyle Campbell,2026-08-12 14:54:57 UTC,2026-09-22 12:49:07 UTC,research,CC-BY-ND,NA,NA,false
Eulophia hians inaequalis,2026-08-12 00:00:00 +0200,,"Carletonville, 2499, South Africa",-26.3999821799,27.4657935928,NA,Yellow Yawning Harlequin,https://www.inaturalist.org/observations/390578318,https://inaturalist-open-data.s3.amazonaws.com/photos/715571423/medium.jpg,kyle_campbell1,390578318,Yellow Yawning Harlequin,Plantae,599259,1,0,2026/08/12,2026-08-12,,Pretoria,50,50,,open,false,,,5171908,Kyle Campbell,2026-08-12 14:54:56 UTC,2026-09-22 12:49:19 UTC,research,CC-BY-ND,NA,NA,false
Eulophia hians inaequalis,2026-08-12 00:00:00 +0200,,"Carletonville, 2499, South Africa",-26.3999821799,27.4657935928,NA,Yellow Yawning Harlequin,https://www.inaturalist.org/observations/390578317,https://inaturalist-open-data.s3.amazonaws.com/photos/715571495/medium.jpg,kyle_campbell1,390578317,Yellow Yawning Harlequin,Plantae,599259,1,0,2026/08/12,2026-08-12,,Pretoria,50,50,,open,false,,,5171908,Kyle Campbell,2026-08-12 14:54:56 UTC,2026-09-22 12:49:37 UTC,research,CC-BY-ND,NA,NA,false
Eulophia hians inaequalis,2026-08-12 00:00:00 +0200,,"Carletonville, 2499, South Africa",-26.3999821799,27.4657935928,NA,Yellow Yawning Harlequin,https://www.inaturalist.org/observations/390578311,https://inaturalist-open-data.s3.amazonaws.com/photos/715571420/medium.jpg,kyle_campbell1,390578311,Yellow Yawning Harlequin,Plantae,599259,1,0,2026/08/12,2026-08-12,,Pretoria,50,50,,open,false,,,5171908,Kyle Campbell,2026-08-12 14:54:54 UTC,2026-09-22 12:49:31 UTC,research,CC-BY-ND,NA,NA,false
Eulophia picta,2026-08-12 08:52:00 +1000,,"Queensland, AU",-27.5336226835,153.0258682005,NA,Shepherd's Crook Orchid,https://www.inaturalist.org/observations/390548949,https://inaturalist-open-data.s3.amazonaws.com/photos/715516019/medium.jpg,williambennett75,390548949,Shepherd's Crook Orchid,Plantae,1598926,1,0,2026/08/12 8:52 AM,2026-08-12,2026-08-11 22:52:00 UTC,Brisbane,NA,29727,,obscured,true,,,6199370,,2026-08-12 12:47:39 UTC,2026-08-12 13:05:48 UTC,research,CC-BY-NC,NA,NA,false
Eulophia picta,2026-08-12 16:30:00 +1000,,"Queensland, AU",-27.5443712211,153.1867832299,NA,Shepherd's Crook Orchid,https://www.inaturalist.org/observations/390517147,https://inaturalist-open-data.s3.amazonaws.com/photos/715458965/medium.jpg,gregtasney,390517147,Shepherd's Crook Orchid,Plantae,1598926,1,0,2026/08/12 4:30 PM,2026-08-12,2026-08-12 06:30:00 UTC,Brisbane,NA,29727,,obscured,true,,,1809954,Greg Tasney,2026-08-12 09:15:53 UTC,2026-08-12 09:35:11 UTC,research,CC-BY-SA,NA,NA,false
Eulophia ovalis,2015-01-14 09:37:00 +0200,,"Alfred Nzo District Municipality, South Africa",-30.3360601515,28.3511100341,NA,Courting Harlequin,https://www.inaturalist.org/observations/390508814,https://inaturalist-open-data.s3.amazonaws.com/photos/715442838/medium.jpg,graham_g,390508814,Courting Harlequin,Plantae,585544,1,0,2015/01/14 9:37 AM,2015-01-14,2015-01-14 07:37:00 UTC,Pretoria,61,61,,open,false,,,748380,,2026-08-12 08:03:33 UTC,2026-08-13 04:39:26 UTC,research,CC-BY-NC,NA,NA,false
Eulophia picta,2026-07-19 00:00:00 +0800,"unknown orchid. found fruiting. photos from roadside , 2 different spots. plant found a few years ago in same mountain and no photos.",香港深井,22.3717456501,114.0515975654,NA,Shepherd's Crook Orchid,https://www.inaturalist.org/observations/390501843,https://inaturalist-open-data.s3.amazonaws.com/photos/715429806/medium.jpg,orchid_collector,390501843,Shepherd's Crook Orchid,Plantae,1598926,2,0,2026-07-19,2026-07-19,,Hong Kong,221,221,,,false,gps,gps,10853087,000 000,2026-08-12 06:59:19 UTC,2026-08-13 07:04:09 UTC,research,CC-BY-NC,NA,2,false
Eulophia picta,2026-08-11 08:36:00 +1000,,"Queensland, AU",-26.7293187288,153.0075324902,NA,Shepherd's Crook Orchid,https://www.inaturalist.org/observations/390460395,https://inaturalist-open-data.s3.amazonaws.com/photos/715351581/medium.jpg,mscaus,390460395,Shepherd's Crook Orchid,Plantae,1598926,1,0,2026/08/11 8:36 AM,2026-08-11,2026-08-10 22:36:00 UTC,Brisbane,475,29822,,obscured,true,,,5379060,,2026-08-12 02:31:28 UTC,2026-08-12 03:22:00 UTC,research,CC-BY-NC,NA,NA,false
Eulophia graminea,2026-08-11 15:43:19 -0400,,"Pinellas County, US-FL, US",27.8404920366,-82.6947606727,NA,Chinese Crown Orchid,https://www.inaturalist.org/observations/390398888,https://static.inaturalist.org/photos/715225026/medium.jpg,amatoxins,390398888,Chinese Crown Orchid,Plantae,427629,2,0,2026-08-11 15:43:19,2026-08-11,2026-08-11 19:43:19 UTC,Eastern Time (US & Canada),5,5,,,false,gps,gps,8781925,Sam,2026-08-11 21:39:34 UTC,2026-08-11 23:47:27 UTC,research,,NA,2,false
Eulophia maculata,2026-08-11 15:04:21 -0400,,"SW 152nd St, Miami, FL, US",25.6261383333,-80.39868,NA,Monk Orchid,https://www.inaturalist.org/observations/390394313,https://inaturalist-open-data.s3.amazonaws.com/photos/715215913/medium.jpg,jimw3,390394313,Monk Orchid,Plantae,1453469,1,0,2026-08-11 15:04:21-04:00,2026-08-11,2026-08-11 19:04:21 UTC,Eastern Time (US & Canada),7,7,,open,false,,,98904,James K. Wetterer,2026-08-11 21:21:12 UTC,2026-08-11 23:46:44 UTC,research,CC-BY-NC,NA,3,false
Eulophia maculata,2026-08-11 09:51:34 -0300,,"SP-062, km 197,9 oeste, Canas - SP, 12615-000, Brasil",-22.6948947778,-45.0508804167,NA,Monk Orchid,https://www.inaturalist.org/observations/390380165,https://inaturalist-open-data.s3.amazonaws.com/photos/715189412/medium.jpg,yuri85295,390380165,Orquídea-monge,Plantae,1453469,1,0,2026-08-11 09:51:34,2026-08-11,2026-08-11 12:51:34 UTC,Brasilia,NA,NA,,open,false,gps,gps,9914012,Yuri Bernardino,2026-08-11 20:30:37 UTC,2026-08-12 00:06:59 UTC,research,CC-BY-NC,NA,2,false
Eulophia maculata,2026-08-10 09:22:23 -0600,,"GW4Q+XR3, 21104 San Pedro Sula, Cortés, Honduras",15.5084321784,-88.0588622019,NA,Monk Orchid,https://www.inaturalist.org/observations/390365804,https://inaturalist-open-data.s3.amazonaws.com/photos/715160126/medium.jpg,pandecoco,390365804,Monk Orchid,Plantae,1453469,2,0,2026-08-10 09:22:23,2026-08-10,2026-08-10 15:22:23 UTC,America/Tegucigalpa,210,210,,open,false,gps,gps,5951336,Noam Hernández Pagany,2026-08-11 19:28:50 UTC,2026-08-11 23:54:03 UTC,research,CC-BY-NC,NA,2,false
Eulophia graminea,2026-08-11 13:49:06 -0500,,"Westbury, Houston, TX, USA",29.6639194444,-95.4885472222,NA,Chinese Crown Orchid,https://www.inaturalist.org/observations/390363829,https://inaturalist-open-data.s3.amazonaws.com/photos/715155602/medium.jpg,safiyyy,390363829,Chinese Crown Orchid,Plantae,427629,1,0,2026-08-11 13:49:06,2026-08-11,2026-08-11 18:49:06 UTC,Central Time (US & Canada),NA,NA,,,false,gps,gps,5571027,,2026-08-11 19:21:24 UTC,2026-08-11 23:53:56 UTC,research,CC-BY-NC,NA,2,false
Eulophia graminea,2026-08-02 17:08:00 -0500,,"Indian Springs, The Woodlands, TX, USA",30.1721767651,-95.5200976614,NA,Chinese Crown Orchid,https://www.inaturalist.org/observations/390363556,https://inaturalist-open-data.s3.amazonaws.com/photos/715154176/medium.jpg,drbh2o,390363556,Chinese Crown Orchid,Plantae,427629,1,0,2026/08/02 5:08 PM,2026-08-02,2026-08-02 22:08:00 UTC,Central Time (US & Canada),4,4,,,false,,,521220,Matt,2026-08-11 19:20:02 UTC,2026-08-12 00:07:55 UTC,research,CC-BY-NC,NA,NA,false
Eulophia graminea,2026-08-11 13:32:30 -0400,,"Clewiston, FL, US",26.334945,-80.97792,NA,Chinese Crown Orchid,https://www.inaturalist.org/observations/390357176,https://static.inaturalist.org/photos/715142327/medium.jpg,kwillis65,390357176,Chinese Crown Orchid,Plantae,427629,1,0,2026-08-11 13:32:30,2026-08-11,2026-08-11 17:32:30 UTC,Eastern Time (US & Canada),4,4,,,false,,,1024433,,2026-08-11 18:54:49 UTC,2026-08-11 19:09:41 UTC,research,,NA,843,false
Eulophia hians nutans,2015-01-14 10:25:00 +0200,,"Alfred Nzo District Municipality, South Africa",-30.3377609683,28.3506151431,NA,Drooping-Yawning Harlequin,https://www.inaturalist.org/observations/390281326,https://inaturalist-open-data.s3.amazonaws.com/photos/714990858/medium.jpg,graham_g,390281326,Drooping-Yawning Harlequin,Plantae,599260,1,0,2015/01/14 10:25 AM,2015-01-14,2015-01-14 08:25:00 UTC,Pretoria,200,200,,open,false,,,748380,,2026-08-11 13:47:09 UTC,2026-08-12 00:01:47 UTC,research,CC-BY-NC,NA,NA,false
Eulophia alta,2026-08-11 09:28:09 -0400,,"Florida, US",26.048626906,-81.7901903656,NA,Wild Coco,https://www.inaturalist.org/observations/390276711,https://inaturalist-open-data.s3.amazonaws.com/photos/714983396/medium.jpg,ajames99,390276711,Wild Coco,Plantae,162776,1,0,2026-08-11 09:28:09,2026-08-11,2026-08-11 13:28:09 UTC,Eastern Time (US & Canada),NA,29891,obscured,,true,gps,gps,6710976,,2026-08-11 13:28:50 UTC,2026-08-11 15:39:57 UTC,research,CC-BY-NC,NA,2,false
Eulophia picta,2026-08-11 17:35:13 +1000,,"Queensland, AU",-16.9267411992,145.7227569045,NA,Shepherd's Crook Orchid,https://www.inaturalist.org/observations/390220789,https://inaturalist-open-data.s3.amazonaws.com/photos/714877505/medium.jpg,cathy_aitken,390220789,Shepherd's Crook Orchid,Plantae,1598926,2,0,2026-08-11 17:35:13,2026-08-11,2026-08-11 07:35:13 UTC,Brisbane,5,30780,,obscured,true,,,10849976,Cathmumof2,2026-08-11 07:40:52 UTC,2026-08-12 07:17:27 UTC,research,CC-BY-NC,NA,843,false
Eulophia graminea,2026-08-10 19:48:32 -0400,,"Florida, US",28.6913237265,-81.0455847759,NA,Chinese Crown Orchid,https://www.inaturalist.org/observations/390143098,https://inaturalist-open-data.s3.amazonaws.com/photos/714723206/medium.jpg,addiedx44,390143098,Chinese Crown Orchid,Plantae,427629,2,0,2026-08-10 19:48:32,2026-08-10,2026-08-10 23:48:32 UTC,Eastern Time (US & Canada),9,29582,obscured,,true,,,5111689,Addie,2026-08-10 23:50:22 UTC,2026-08-13 16:51:06 UTC,research,CC-BY-NC,NA,2,false
Eulophia maculata,2026-08-10 18:30:21 -0400,,"Pine Ridge Dr, Coral Springs, FL, US",26.2888383333,-80.236725,NA,Monk Orchid,https://www.inaturalist.org/observations/390131109,https://static.inaturalist.org/photos/714699053/medium.jpg,jaydooon,390131109,Monk Orchid,Plantae,1453469,2,0,2026-08-10 18:30:21,2026-08-10,2026-08-10 22:30:21 UTC,Eastern Time (US & Canada),19,19,,open,false,,,8409130,Jay,2026-08-10 22:54:05 UTC,2026-08-11 01:15:52 UTC,research,,NA,843,false
Eulophia maculata,2026-07-12 07:43:14 -0600,,"Santa María Huatulco, Oax., MX",15.8658116667,-96.230475,NA,Monk Orchid,https://www.inaturalist.org/observations/390130995,https://static.inaturalist.org/photos/714698786/medium.jpg,melimaar,390130995,Orquídea monja africana,Plantae,1453469,2,0,2026-07-12 07:43:14,2026-07-12,2026-07-12 13:43:14 UTC,Mexico City,61,61,,open,false,,,2858463,Melimar Reyes,2026-08-10 22:53:31 UTC,2026-08-11 01:14:53 UTC,research,,NA,843,false
Eulophia graminea,2026-08-11 05:56:42 +0800,,"Taitung, TW-TA, TW",23.0575363238,121.0444538574,NA,Chinese Crown Orchid,https://www.inaturalist.org/observations/390117319,https://static.inaturalist.org/photos/714670644/medium.jpg,ku6777,390117319,禾草芋蘭,Plantae,427629,1,0,2026-08-11 05:56:42,2026-08-11,2026-08-10 21:56:42 UTC,Taipei,5,30217,,obscured,true,,,1318784,古國順,2026-08-10 21:57:04 UTC,2026-08-11 01:14:47 UTC,research,,NA,2,false
Eulophia graminea,2026-08-11 05:45:14 +0800,,"Taitung, TW-TA, TW",23.049549666,121.0073551093,NA,Chinese Crown Orchid,https://www.inaturalist.org/observations/390114558,https://static.inaturalist.org/photos/714664911/medium.jpg,ku6777,390114558,禾草芋蘭,Plantae,427629,1,0,2026-08-11 05:45:14,2026-08-11,2026-08-10 21:45:14 UTC,Taipei,400,30217,,obscured,true,,,1318784,古國順,2026-08-10 21:45:39 UTC,2026-08-11 01:14:35 UTC,research,,NA,2,false
Eulophia maculata,2026-08-10 11:53:30 -0600,,"3RPJ+CR9, Tegucigalpa, Francisco Morazán, Honduras",14.0856168997,-87.1678847997,NA,Monk Orchid,https://www.inaturalist.org/observations/390062561,https://inaturalist-open-data.s3.amazonaws.com/photos/714565786/medium.jpg,nheringlobo,390062561,Orquídea monja africana,Plantae,1453469,1,0,2026-08-10 11:53:30,2026-08-10,2026-08-10 17:53:30 UTC,America/Tegucigalpa,NA,NA,,open,false,gps,gps,3544188,Nhering Daniel Ortiz Lobo,2026-08-10 18:33:44 UTC,2026-08-11 04:31:58 UTC,research,CC-BY-NC,NA,2,false
Eulophia maculata,2026-06-05 11:06:33 -0300,,"Parauapebas - PA, 68515-000, Brasil",-5.9648662,-50.3649325,NA,Monk Orchid,https://www.inaturalist.org/observations/390058450,https://inaturalist-open-data.s3.amazonaws.com/photos/714557515/medium.jpg,wagnernogueira,390058450,Orquídea-monge,Plantae,1453469,1,0,2026-06-05 11:06:33,2026-06-05,2026-06-05 14:06:33 UTC,America/Belem,NA,NA,,open,false,gps,gps,1199871,Wagner Nogueira,2026-08-10 18:18:23 UTC,2026-08-11 04:32:10 UTC,research,CC-BY-NC,NA,2,false
Eulophia graminea,2026-08-10 10:28:41 -0400,Found this bulb growing among my viburnum ,"Punta Gorda, FL 33983, USA",27.0140166667,-82.0332816667,NA,Chinese Crown Orchid,https://www.inaturalist.org/observations/389996512,https://inaturalist-open-data.s3.amazonaws.com/photos/714437549/medium.jpg,lifelove77,389996512,Chinese Crown Orchid,Plantae,427629,1,0,2026-08-10 10:28:41,2026-08-10,2026-08-10 14:28:41 UTC,Eastern Time (US & Canada),6,6,,,false,,,9678286,Rachael Casper,2026-08-10 14:31:33 UTC,2026-08-10 22:31:35 UTC,research,CC-BY-NC,NA,2,false
Eulophia speciosa,2024-11-24 14:46:00 +0200,,"Knysna, 6570, South Africa",-34.0387092552,23.0171724361,NA,Golden Harlequin,https://www.inaturalist.org/observations/389951305,https://inaturalist-open-data.s3.amazonaws.com/photos/714348611/medium.jpg,kareneichholz,389951305,Golden Harlequin,Plantae,140704,5,0,2024/11/24 2:46 PM,2024-11-24,2024-11-24 12:46:00 UTC,Pretoria,4,4,,open,false,,,1668995,Karen Eichholz,2026-08-10 10:56:02 UTC,2026-08-24 09:39:37 UTC,research,CC-BY,NA,NA,false
Eulophia picta,2026-08-10 13:16:09 +1000,,"Queensland, AU",-25.2311108748,152.8259449409,NA,Shepherd's Crook Orchid,https://www.inaturalist.org/observations/389921367,https://inaturalist-open-data.s3.amazonaws.com/photos/714291139/medium.jpg,sdowdell,389921367,Shepherd's Crook Orchid,Plantae,1598926,1,0,2026-08-10 13:16:09,2026-08-10,2026-08-10 03:16:09 UTC,Brisbane,29,29981,,obscured,true,gps,gps,10509778,Simon Dowdell,2026-08-10 07:11:49 UTC,2026-08-10 12:07:40 UTC,research,CC-BY-NC,NA,2,false
Eulophia maculata,2026-08-09 11:19:18 -0400,,"Bonito, MS, 79290-000, Brasil",-21.1403968,-56.7211392,NA,Monk Orchid,https://www.inaturalist.org/observations/389795981,https://inaturalist-open-data.s3.amazonaws.com/photos/714038247/medium.jpg,marcia_martins,389795981,Orquídea-monge,Plantae,1453469,1,0,2026-08-09 11:19:18,2026-08-09,2026-08-09 15:19:18 UTC,America/Campo_Grande,NA,NA,,open,false,gps,gps,1667539,Márcia Martins,2026-08-09 21:14:57 UTC,2026-08-10 17:14:09 UTC,research,CC-BY,NA,2,false
Eulophia picta,2026-08-09 10:39:19 +0530,,"Parsuli, Chhattisgarh 493889, India",20.4871155,82.1703093997,NA,Shepherd's Crook Orchid,https://www.inaturalist.org/observations/389771840,https://static.inaturalist.org/photos/713991383/medium.jpg,sarveshkp_gws,389771840,Shepherd's Crook Orchid,Plantae,1598926,1,0,2026-08-09 10:39:19,2026-08-09,2026-08-09 05:09:19 UTC,New Delhi,NA,NA,,,false,gps,gps,4263522,Sarvesh Kaushik Patel,2026-08-09 19:53:29 UTC,2026-08-10 11:52:49 UTC,research,,NA,2,false
Eulophia maculata,2026-08-09 12:04:26 -0300,,"São Paulo, BR",-23.5348957896,-45.1455819958,NA,Monk Orchid,https://www.inaturalist.org/observations/389685256,https://inaturalist-open-data.s3.amazonaws.com/photos/713824892/medium.jpg,topeuna,389685256,Monk Orchid,Plantae,1453469,1,0,2026-08-09 12:04:26,2026-08-09,2026-08-09 15:04:26 UTC,Brasilia,54,30175,obscured,open,true,,,913299,,2026-08-09 15:37:07 UTC,2026-08-26 01:10:58 UTC,research,CC-BY,NA,843,false
Eulophia parviflora,2026-08-09 11:17:02 +0200,,"Ray Nkonyeni Rural, Port Shepstone, KwaZulu-Natal, ZA",-30.6589583333,30.2467533333,NA,Mini Harlequin,https://www.inaturalist.org/observations/389674015,https://inaturalist-open-data.s3.amazonaws.com/photos/713802814/medium.jpg,tracyjarvis,389674015,Mini Harlequin,Plantae,577769,1,0,2026-08-09 11:17:02+02:00,2026-08-09,2026-08-09 09:17:02 UTC,Pretoria,9,9,,open,false,,,1609671,Tracy Taylor,2026-08-09 15:01:01 UTC,2026-08-10 14:34:35 UTC,research,CC-BY-NC,NA,3,false
Eulophia maculata,2026-08-08 16:14:25 -0600,,"Meanguera, Morazán, SV",13.8841133333,-88.1058055,NA,Monk Orchid,https://www.inaturalist.org/observations/389525919,https://inaturalist-open-data.s3.amazonaws.com/photos/713514576/medium.jpg,nestorh,389525919,Orquídea monja africana,Plantae,1453469,2,0,2026-08-08 16:14:25,2026-08-08,2026-08-08 22:14:25 UTC,America/El_Salvador,4,4,,open,false,,,210766,Nestor Herrera,2026-08-09 01:52:44 UTC,2026-08-09 03:58:18 UTC,research,CC-BY-NC,NA,843,false
Eulophia cochlearis,2026-08-08 15:10:59 +0200,,"Rennies Beach, Port Edward, 4295, South Africa",-31.0713009,30.2100775,NA,Spoon Cinderella Orchid,https://www.inaturalist.org/observations/389385694,https://static.inaturalist.org/photos/713242029/medium.jpg,nubigenus,389385694,Eulophia cochlearis,Plantae,1453532,1,0,2026-08-08 15:10:59,2026-08-08,2026-08-08 13:10:59 UTC,Pretoria,NA,NA,,open,false,gps,gps,3958502,Camilla Rose Christie,2026-08-08 17:18:58 UTC,2026-08-18 17:31:00 UTC,research,,NA,2,false
Eulophia parviflora,2026-08-08 13:19:41 +0200,,"Ray Nkonyeni Local Municipality, South Africa",-31.0174564417,30.1714391444,NA,Mini Harlequin,https://www.inaturalist.org/observations/389376327,https://static.inaturalist.org/photos/713224016/medium.jpg,nubigenus,389376327,Eulophia parviflora,Plantae,577769,1,0,2026-08-08 13:19:41,2026-08-08,2026-08-08 11:19:41 UTC,Pretoria,NA,NA,,open,false,,,3958502,Camilla Rose Christie,2026-08-08 16:50:17 UTC,2026-08-18 17:31:37 UTC,research,,NA,2,false
Eulophia parviflora,2026-08-08 11:32:16 +0200,,"Ray Nkonyeni Local Municipality, South Africa",-31.0091899139,30.1748007917,NA,Mini Harlequin,https://www.inaturalist.org/observations/389366603,https://static.inaturalist.org/photos/713205166/medium.jpg,nubigenus,389366603,Eulophia parviflora,Plantae,577769,1,0,2026-08-08 11:32:16,2026-08-08,2026-08-08 09:32:16 UTC,Pretoria,NA,NA,,open,false,gps,gps,3958502,Camilla Rose Christie,2026-08-08 16:17:39 UTC,2026-08-09 04:06:16 UTC,research,,NA,2,false
Eulophia graminea,2026-08-08 09:27:45 -0400,,"Myakka River State Park, Sarasota, FL, US",27.2573529703,-82.2861902687,NA,Chinese Crown Orchid,https://www.inaturalist.org/observations/389318063,https://static.inaturalist.org/photos/713113014/medium.jpg,kcross7,389318063,Chinese Crown Orchid,Plantae,427629,1,0,2026-08-08 09:27:45-04:00,2026-08-08,2026-08-08 13:27:45 UTC,Eastern Time (US & Canada),106,106,,,false,,,1084846,,2026-08-08 13:33:22 UTC,2026-08-13 16:46:45 UTC,research,,NA,3,false
Eulophia micrantha,2026-08-08 10:42:37 +0200,,"Greater Hermanus, Western Cape, ZA",-34.43577,19.39187,NA,Wavy Cinderella Orchid,https://www.inaturalist.org/observations/389278969,https://inaturalist-open-data.s3.amazonaws.com/photos/713037948/medium.jpg,colg,389278969,Wavy Cinderella Orchid,Plantae,1453529,2,0,2026-08-08 10:42:37,2026-08-08,2026-08-08 08:42:37 UTC,Pretoria,4,4,,open,false,,,6892773,,2026-08-08 10:00:05 UTC,2026-08-09 15:53:09 UTC,research,CC-BY-NC,NA,843,false
Eulophia hians inaequalis,2026-08-08 00:00:00 +0200,,"Carletonville, 2499, South Africa",-26.3771787481,27.4126195725,NA,Yellow Yawning Harlequin,https://www.inaturalist.org/observations/389273984,https://inaturalist-open-data.s3.amazonaws.com/photos/713028616/medium.jpg,kyle_campbell1,389273984,Yellow Yawning Harlequin,Plantae,599259,1,0,2026/08/08,2026-08-08,,Pretoria,50,50,,open,false,,,5171908,Kyle Campbell,2026-08-08 09:29:30 UTC,2026-08-09 04:12:26 UTC,research,CC-BY-ND,NA,NA,false
Eulophia hians inaequalis,2026-08-08 00:00:00 +0200,,"Carletonville, 2499, South Africa",-26.3771787481,27.4126195725,NA,Yellow Yawning Harlequin,https://www.inaturalist.org/observations/389273976,https://inaturalist-open-data.s3.amazonaws.com/photos/713028576/medium.jpg,kyle_campbell1,389273976,Yellow Yawning Harlequin,Plantae,599259,1,0,2026/08/08,2026-08-08,,Pretoria,50,50,,open,false,,,5171908,Kyle Campbell,2026-08-08 09:29:29 UTC,2026-08-09 04:12:17 UTC,research,CC-BY-ND,NA,NA,false
Eulophia hians hians,2026-08-08 00:00:00 +0200,,"Carletonville, 2499, South Africa",-26.3781737241,27.4109637737,NA,Blue Yawning Harlequin,https://www.inaturalist.org/observations/389273462,https://inaturalist-open-data.s3.amazonaws.com/photos/713027343/medium.jpg,kyle_campbell1,389273462,Blue Yawning Harlequin,Plantae,599258,1,0,2026/08/08,2026-08-08,,Pretoria,100,100,,open,false,,,5171908,Kyle Campbell,2026-08-08 09:25:36 UTC,2026-10-02 18:37:43 UTC,research,CC-BY-ND,NA,NA,false
Eulophia hians hians,2026-08-08 00:00:00 +0200,,"Carletonville, 2499, South Africa",-26.3781737241,27.4109637737,NA,Blue Yawning Harlequin,https://www.inaturalist.org/observations/389273455,https://inaturalist-open-data.s3.amazonaws.com/photos/713027318/medium.jpg,kyle_campbell1,389273455,Blue Yawning Harlequin,Plantae,599258,1,0,2026/08/08,2026-08-08,,Pretoria,100,100,,open,false,,,5171908,Kyle Campbell,2026-08-08 09:25:34 UTC,2026-10-02 18:37:45 UTC,research,CC-BY-ND,NA,NA,false
Eulophia picta,2026-08-08 11:35:26 +0800,,"Dauin, PH-NR, PH",9.07207456,123.26879011,NA,Shepherd's Crook Orchid,https://www.inaturalist.org/observations/389256376,https://static.inaturalist.org/photos/712995441/medium.jpg,harrycallahan,389256376,Eulophia picta,Plantae,1598926,1,0,2026-08-08 11:35:26,2026-08-08,2026-08-08 03:35:26 UTC,Asia/Manila,4,4,,,false,,,3259580,Harry Callahan,2026-08-08 07:10:46 UTC,2026-08-08 13:51:11 UTC,research,,NA,2,false
Eulophia maculata,2026-08-07 16:29:57 -0400,,"Sarasota, FL 34241, USA",27.2883063997,-82.3890396,NA,Monk Orchid,https://www.inaturalist.org/observations/389158408,https://inaturalist-open-data.s3.amazonaws.com/photos/712801765/medium.jpg,ufokingdom,389158408,Monk Orchid,Plantae,1453469,1,0,2026-08-07 16:29:57,2026-08-07,2026-08-07 20:29:57 UTC,Eastern Time (US & Canada),NA,NA,,open,false,gps,gps,2539505,kyva,2026-08-07 21:39:58 UTC,2026-08-10 02:27:46 UTC,research,CC-BY-NC,NA,2,false
Eulophia maculata,2026-08-06 09:04:44 -0600,,"Tumbalá, MX-CH, MX",17.2761883333,-92.1259778333,NA,Monk Orchid,https://www.inaturalist.org/observations/389083535,https://inaturalist-open-data.s3.amazonaws.com/photos/712655970/medium.jpg,gacrmiguel,389083535,Monk Orchid,Plantae,1453469,2,0,2026-08-06 09:04:44,2026-08-06,2026-08-06 15:04:44 UTC,Mexico City,NA,NA,,open,false,,,29500,Miguel García Cruz,2026-08-07 16:45:55 UTC,2026-08-08 19:35:40 UTC,research,CC-BY-NC,NA,843,false
Eulophia graminea,2026-08-07 11:53:31 -0400,,"Florida, US",27.9878501612,-82.7743044986,NA,Chinese Crown Orchid,https://www.inaturalist.org/observations/389070118,https://inaturalist-open-data.s3.amazonaws.com/photos/713495718/medium.jpg,xspaghetti,389070118,Chinese Crown Orchid,Plantae,427629,1,0,2026-08-07 11:53:31,2026-08-07,2026-08-07 15:53:31 UTC,Eastern Time (US & Canada),3,29680,obscured,,true,,,7900427,,2026-08-07 15:53:51 UTC,2026-08-09 12:56:18 UTC,research,CC-BY-NC,NA,843,false
Eulophia graminea,2026-08-07 08:49:57 -0400,,"Water Catchment Area, West Palm Beach, FL, USA",26.7292166667,-80.1519305556,NA,Chinese Crown Orchid,https://www.inaturalist.org/observations/389025854,https://static.inaturalist.org/photos/712545024/medium.jpg,bryanwindmiller,389025854,Chinese Crown Orchid,Plantae,427629,1,0,2026-08-07 08:49:57,2026-08-07,2026-08-07 12:49:57 UTC,Eastern Time (US & Canada),NA,NA,,,false,gps,gps,277100,Bryan Windmiller,2026-08-07 12:50:40 UTC,2026-08-08 13:51:51 UTC,research,,NA,2,false
Eulophia graminea,2026-08-06 20:20:51 -0500,,"Nobel Grove Ln, Conroe, TX, US",30.1548692901,-95.4038734219,NA,Chinese Crown Orchid,https://www.inaturalist.org/observations/388917056,https://inaturalist-open-data.s3.amazonaws.com/photos/712356808/medium.jpg,bigestbeachbum,388917056,Chinese Crown Orchid,Plantae,427629,1,0,2026-08-06 20:20:51,2026-08-06,2026-08-07 01:20:51 UTC,Central Time (US & Canada),8,8,,,false,,,10721595,,2026-08-07 01:36:24 UTC,2026-08-07 11:13:54 UTC,research,CC-BY-NC,NA,843,false
Eulophia maculata,2026-08-06 13:31:55 -0300,,"Praça Afonso Viseu - Alto da Boa Vista, Rio de Janeiro - RJ, 20531-580, Brasil",-22.9534179216,-43.283453621,NA,Monk Orchid,https://www.inaturalist.org/observations/388876388,https://inaturalist-open-data.s3.amazonaws.com/photos/712274660/medium.jpg,fernandomiraglia,388876388,Orquídea monja africana,Plantae,1453469,1,0,2026-08-06 13:31:55,2026-08-06,2026-08-06 16:31:55 UTC,Brasilia,1181,1181,,open,false,gps,gps,10163596,Fernando Miraglia,2026-08-06 22:29:02 UTC,2026-08-07 11:10:33 UTC,research,CC-BY-NC,NA,2,false
Eulophia maculata,2026-08-06 11:50:41 -0400,,"Puerto Rico, Arecibo, PR, US",18.3327283333,-66.7149416667,NA,Monk Orchid,https://www.inaturalist.org/observations/388868588,https://inaturalist-open-data.s3.amazonaws.com/photos/712280741/medium.jpg,ernestopaganarocho,388868588,Orquídea monja africana,Plantae,1453469,3,0,2026-08-06 11:50:41-04:00,2026-08-06,2026-08-06 15:50:41 UTC,Puerto Rico,13,13,,open,false,,,7804025,,2026-08-06 21:54:43 UTC,2026-08-19 15:35:24 UTC,research,CC-BY-NC,NA,3,false
Eulophia hians,2026-08-06 13:08:41 +0200,,"Ray Nkonyeni Rural, Port Shepstone, KwaZulu-Natal, ZA",-31.0330817523,30.1720735356,NA,Yawning Harlequin,https://www.inaturalist.org/observations/388817947,https://inaturalist-open-data.s3.amazonaws.com/photos/712433577/medium.jpg,gailbowerswinters,388817947,Eulophia hians,Plantae,415244,1,0,2026-08-06 13:08:41+02:00,2026-08-06,2026-08-06 11:08:41 UTC,Pretoria,219,219,,open,false,,,827363,Gail Bowers-Winters,2026-08-06 18:30:34 UTC,2026-08-07 14:49:08 UTC,research,CC-BY-NC,NA,3,false
Eulophia aculeata,2025-12-19 09:22:53 +0200,,"Nursery Buttress, Cape Town, Western Cape, ZA",-33.9827807081,18.417159831,NA,Pointed Harlequin,https://www.inaturalist.org/observations/388747684,https://inaturalist-open-data.s3.amazonaws.com/photos/712023245/medium.jpg,tania_morkel,388747684,Pointed Harlequin,Plantae,578255,3,0,2025-12-19 09:22:53,2025-12-19,2025-12-19 07:22:53 UTC,Pretoria,6,6,,open,false,,,3762575,,2026-08-06 13:56:46 UTC,2026-08-08 13:12:46 UTC,research,CC-BY-NC,NA,843,false
Eulophia graminea,2026-08-05 09:28:00 -0500,This was growing in the middle of our grass lawn.  Obviously this is a location that has never been mulched with hardwood mulch.  This has survived being mowed numerous times and I only spotted it because of the flower stalk arising between mows.  I dug up all the pseudobulbs and disposed of them in the trash.,"Panther Creek, The Woodlands, TX, USA",30.169466,-95.492555,NA,Chinese Crown Orchid,https://www.inaturalist.org/observations/388730995,https://inaturalist-open-data.s3.amazonaws.com/photos/711991345/medium.jpg,s_k_johnsgard,388730995,Chinese Crown Orchid,Plantae,427629,1,0,2026/08/05 9:28 AM,2026-08-05,2026-08-05 14:28:00 UTC,Central Time (US & Canada),NA,NA,,,false,,,446969,Scott K. Johnsgard,2026-08-06 12:34:38 UTC,2026-08-07 11:09:27 UTC,research,CC-BY-NC,NA,NA,false
Eulophia horsfallii,2026-08-05 23:41:00 +0100,,"Gashaka, Taraba, Nigeria",7.3434684775,11.6434420629,NA,Purple Vlei Harlequin,https://www.inaturalist.org/observations/388730884,https://inaturalist-open-data.s3.amazonaws.com/photos/711990928/medium.jpg,ani-ggnp,388730884,Purple Vlei Harlequin,Plantae,502552,2,0,2026/08/05 11:41 PM,2026-08-05,2026-08-05 22:41:00 UTC,Africa/Lagos,5600,5600,,,false,,,10399414,,2026-08-06 12:34:04 UTC,2026-08-07 11:15:22 UTC,research,CC-BY-NC,NA,NA,false
Eulophia hians,2026-08-06 13:03:57 +0200,,"Ray Nkonyeni Rural, Port Shepstone, KwaZulu-Natal, ZA",-31.0202833333,30.1720116667,NA,Yawning Harlequin,https://www.inaturalist.org/observations/388715535,https://inaturalist-open-data.s3.amazonaws.com/photos/711966798/medium.jpg,tracyjarvis,388715535,Yawning Harlequin,Plantae,415244,1,0,2026-08-06 13:03:57+02:00,2026-08-06,2026-08-06 11:03:57 UTC,Pretoria,14,14,,open,false,,,1609671,Tracy Taylor,2026-08-06 11:06:26 UTC,2026-08-07 14:46:30 UTC,research,CC-BY-NC,NA,3,false
Eulophia caricifolia,2026-07-25 08:06:00 +0300,,"Wakiso, אוגנדה",0.0787731151,32.3498879245,NA,,https://www.inaturalist.org/observations/388678603,https://inaturalist-open-data.s3.amazonaws.com/photos/711890738/medium.jpg,pikiis,388678603,Eulophia caricifolia,Plantae,466817,2,0,2026/07/25 08:06,2026-07-25,2026-07-25 05:06:00 UTC,Nairobi,244,244,,,false,,,6470516,,2026-08-06 05:56:29 UTC,2026-08-08 17:53:17 UTC,research,CC-BY-NC,NA,NA,false
Eulophia picta,2026-08-06 10:02:34 +0800,,901台灣屏東縣三地門鄉VM85+FFJ,22.86735132,120.65788267,NA,Shepherd's Crook Orchid,https://www.inaturalist.org/observations/388641387,https://static.inaturalist.org/photos/711817337/medium.jpg,ssnp147,388641387,Shepherd's Crook Orchid,Plantae,1598926,1,0,2026-08-06 10:02:34,2026-08-06,2026-08-06 02:02:34 UTC,Taipei,4,4,,,false,,,6822716,hsehse gg,2026-08-06 02:03:06 UTC,2026-08-18 14:33:38 UTC,research,,NA,2,false
Eulophia maculata,2026-08-05 10:56:49 -0400,,"SW 114th Ct, Miami, FL, US",25.6771880268,-80.3789056536,NA,Monk Orchid,https://www.inaturalist.org/observations/388504694,https://inaturalist-open-data.s3.amazonaws.com/photos/711547945/medium.jpg,earthymusic,388504694,Monk Orchid,Plantae,1453469,2,0,2026-08-05 10:56:49,2026-08-05,2026-08-05 14:56:49 UTC,Eastern Time (US & Canada),4,4,,open,false,,,8998295,,2026-08-05 16:31:49 UTC,2026-08-06 04:42:24 UTC,research,CC-BY-NC,NA,843,false
Eulophia maculata,2021-01-08 12:22:00 -0600,,"Huixtla, Chis., México",15.2231587699,-92.4511141906,NA,Monk Orchid,https://www.inaturalist.org/observations/388405039,https://inaturalist-open-data.s3.amazonaws.com/photos/711346666/medium.jpg,alexiz,388405039,Eulophia maculata,Plantae,1453469,1,0,2021/01/08 12:22 PM,2021-01-08,2021-01-08 18:22:00 UTC,Mexico City,2,2,,open,false,,,15030,Alexis López Hernández,2026-08-05 07:45:25 UTC,2026-08-06 04:43:46 UTC,research,CC-BY,NA,NA,false
Eulophia picta,2026-08-05 15:05:13 +0800,,"Baihe District, Tainan City, TW",23.3624616667,120.4665533333,NA,Shepherd's Crook Orchid,https://www.inaturalist.org/observations/388400844,https://static.inaturalist.org/photos/711348610/medium.jpg,cjocjo,388400844,垂頭地寶蘭,Plantae,1598926,2,0,2026-08-05 15:05:13,2026-08-05,2026-08-05 07:05:13 UTC,Taipei,7,7,,,false,,,5353884,willie yang,2026-08-05 07:09:02 UTC,2026-08-05 10:31:22 UTC,research,,NA,843,false
Eulophia maculata,2026-07-28 12:50:33 -0400,,Puerto Rico,18.1459990022,-66.7158689067,NA,Monk Orchid,https://www.inaturalist.org/observations/388251544,https://static.inaturalist.org/photos/711053461/medium.jpg,carlosandres,388251544,Monk Orchid,Plantae,1453469,3,0,2026-07-28 12:50:33,2026-07-28,2026-07-28 16:50:33 UTC,Puerto Rico,4,30683,obscured,open,true,,,11616,Carlos Andrés Rodríguez Gómez,2026-08-04 18:46:13 UTC,2026-08-19 15:36:44 UTC,research,,NA,843,false
Eulophia hians inaequalis,2026-08-04 00:00:00 +0200,,"Carletonville, 2499, South Africa",-26.3999541409,27.4628867371,NA,Yellow Yawning Harlequin,https://www.inaturalist.org/observations/388207583,https://inaturalist-open-data.s3.amazonaws.com/photos/710963955/medium.jpg,kyle_campbell1,388207583,Yellow Yawning Harlequin,Plantae,599259,1,0,2026/08/04,2026-08-04,,Pretoria,100,100,,open,false,,,5171908,Kyle Campbell,2026-08-04 16:08:40 UTC,2026-09-22 12:50:21 UTC,research,CC-BY-ND,NA,NA,false
Eulophia maculata,2026-08-04 09:23:22 -0400,,"Volusia County, US-FL, US",28.8617466667,-81.2473616667,NA,Monk Orchid,https://www.inaturalist.org/observations/388192048,https://inaturalist-open-data.s3.amazonaws.com/photos/710937610/medium.jpg,hoodoogirl,388192048,Monk Orchid,Plantae,1453469,1,0,2026-08-04 09:23:22,2026-08-04,2026-08-04 13:23:22 UTC,Eastern Time (US & Canada),14,14,,open,false,,,10008203,,2026-08-04 15:12:32 UTC,2026-08-05 04:15:11 UTC,research,CC-BY-NC,NA,843,false
Eulophia graminea,2026-08-04 09:24:46 -0400,,"Starling Way, Sanibel, FL, US",26.4829326914,-82.173395662,NA,Chinese Crown Orchid,https://www.inaturalist.org/observations/388164811,https://inaturalist-open-data.s3.amazonaws.com/photos/710885583/medium.jpg,mariana13900,388164811,Chinese Crown Orchid,Plantae,427629,1,0,2026-08-04 09:24:46,2026-08-04,2026-08-04 13:24:46 UTC,Eastern Time (US & Canada),15,15,,,false,,,6658195,,2026-08-04 13:26:58 UTC,2026-08-04 14:48:57 UTC,research,CC-BY-NC,NA,843,false
Eulophia horsfallii,2026-07-30 11:44:00 +0200,,"uMkhanyakude District Municipality, South Africa",-28.3149611111,32.4323055556,NA,Purple Vlei Harlequin,https://www.inaturalist.org/observations/388106702,https://inaturalist-open-data.s3.amazonaws.com/photos/710771492/medium.jpg,murraykeeton,388106702,Purple Vlei Harlequin,Plantae,502552,2,0,2026/07/30 11:44 AM,2026-07-30,2026-07-30 09:44:00 UTC,Pretoria,3,3,,open,false,,,4374795,,2026-08-04 06:59:08 UTC,2026-08-04 09:45:26 UTC,research,CC-BY-NC,NA,NA,false
Eulophia maculata,2026-07-20 11:39:35 -0400,,Puerto Rico,18.3668188395,-65.7748996405,NA,Monk Orchid,https://www.inaturalist.org/observations/387987860,https://static.inaturalist.org/photos/710533409/medium.jpg,carlosandres,387987860,Monk Orchid,Plantae,1453469,3,0,2026-07-20 11:39:35-04:00,2026-07-20,2026-07-20 15:39:35 UTC,Puerto Rico,4,30666,obscured,open,true,,,11616,Carlos Andrés Rodríguez Gómez,2026-08-03 21:06:26 UTC,2026-08-19 15:37:12 UTC,research,,NA,3,false
Eulophia graminea,2026-08-03 07:50:47 -0500,,"Houston, TX, US",29.6877783333,-95.2700416667,NA,Chinese Crown Orchid,https://www.inaturalist.org/observations/387969825,https://inaturalist-open-data.s3.amazonaws.com/photos/710497374/medium.jpg,squirrelseesquirreldo,387969825,Chinese Crown Orchid,Plantae,427629,1,0,2026-08-03 07:50:47,2026-08-03,2026-08-03 12:50:47 UTC,Central Time (US & Canada),101,101,,,false,,,3135230,,2026-08-03 20:02:14 UTC,2026-08-04 00:38:08 UTC,research,CC-BY-NC,NA,843,false
Eulophia maculata,2026-07-16 12:28:54 -0400,,Puerto Rico,18.1633728473,-66.7919967971,NA,Monk Orchid,https://www.inaturalist.org/observations/387944995,https://static.inaturalist.org/photos/710449810/medium.jpg,carlosandres,387944995,Monk Orchid,Plantae,1453469,4,0,2026-07-16 12:28:54,2026-07-16,2026-07-16 16:28:54 UTC,Puerto Rico,9,30683,obscured,open,true,,,11616,Carlos Andrés Rodríguez Gómez,2026-08-03 18:35:06 UTC,2026-08-19 15:37:35 UTC,research,,NA,843,false
Eulophia clitellifera,2026-08-02 10:32:45 +0200,,"eNtshangwe, Outer West Durban, 3670, South Africa",-29.7418714997,30.6851060997,NA,Saddle Harlequin,https://www.inaturalist.org/observations/387942269,https://inaturalist-open-data.s3.amazonaws.com/photos/710444327/medium.jpg,berthapi2,387942269,Eulophia clitellifera,Plantae,585534,1,0,2026-08-02 10:32:45,2026-08-02,2026-08-02 08:32:45 UTC,Pretoria,NA,NA,,open,false,gps,gps,847945,,2026-08-03 18:26:30 UTC,2026-08-03 19:06:14 UTC,research,CC-BY-SA,NA,2,false
Eulophia picta,2026-07-24 21:25:52 +0800,,,22.2182298235,114.160850906,NA,Shepherd's Crook Orchid,https://www.inaturalist.org/observations/387938803,https://static.inaturalist.org/photos/710437328/medium.jpg,tchiu,387938803,Shepherd's Crook Orchid,Plantae,1598926,1,0,2026-07-24 21:25:52,2026-07-24,2026-07-24 13:25:52 UTC,Hong Kong,NA,30298,obscured,,true,gps,gps,1329964,Thomas.CYH,2026-08-03 18:15:09 UTC,2026-08-03 22:40:18 UTC,research,,NA,2,false
Eulophia cucullata,2016-11-28 09:30:16 +0100,,"Ogooué-Ivindo, GA",-0.1963160353,11.5980835593,NA,Hooded Harlequin,https://www.inaturalist.org/observations/387926522,https://static.inaturalist.org/photos/710412851/medium.jpg,monsieur_caillou,387926522,Eulophia cucullata,Plantae,338672,1,0,2016-11-28 09:30:16,2016-11-28,2016-11-28 08:30:16 UTC,Africa/Libreville,9092,9092,,,false,,,5904485,Léonard Guillou,2026-08-03 17:33:54 UTC,2026-08-04 00:39:12 UTC,research,,NA,843,false
Eulophia graminea,2026-08-02 13:07:39 -0400,,"E Robson St, Lakeland, FL, US",28.0835161639,-81.9480337681,NA,Chinese Crown Orchid,https://www.inaturalist.org/observations/387836651,https://static.inaturalist.org/photos/710236639/medium.jpg,dtwd00,387836651,Chinese Crown Orchid,Plantae,427629,2,0,2026-08-02 13:07:39,2026-08-02,2026-08-02 17:07:39 UTC,Eastern Time (US & Canada),5,5,,,false,,,7884355,Justin Russ,2026-08-03 11:28:48 UTC,2026-08-03 15:37:22 UTC,research,,NA,843,false
Eulophia picta,2026-01-25 14:50:23 +0700,,"544R+HQ8, Suruhan, Karangsari, Kec. Pengasih, Kabupaten Kulon Progo, Daerah Istimewa Yogyakarta 55652, Indonesia",-7.8435791301,110.1423376054,NA,Shepherd's Crook Orchid,https://www.inaturalist.org/observations/387798631,https://static.inaturalist.org/photos/710163365/medium.jpg,alfianadhi,387798631,Shepherd's Crook Orchid,Plantae,1598926,1,0,2026-01-25 14:50:23,2026-01-25,2026-01-25 07:50:23 UTC,Jakarta,402,402,,,false,gps,gps,790237,Alfian Adhi Chandra,2026-08-03 06:57:29 UTC,2026-08-04 04:36:00 UTC,research,,NA,2,false
Eulophia picta,2026-01-25 13:42:09 +0700,,"35VX+JH6, Carikan, Bumirejo, Kec. Lendah, Kabupaten Kulon Progo, Daerah Istimewa Yogyakarta 55663, Indonesia",-7.9060352337,110.1993902028,NA,Shepherd's Crook Orchid,https://www.inaturalist.org/observations/387797900,https://static.inaturalist.org/photos/710161626/medium.jpg,alfianadhi,387797900,Shepherd's Crook Orchid,Plantae,1598926,1,0,2026-01-25 13:42:09,2026-01-25,2026-01-25 06:42:09 UTC,Jakarta,257,257,,,false,gps,gps,790237,Alfian Adhi Chandra,2026-08-03 06:51:16 UTC,2026-08-04 04:36:10 UTC,research,,NA,2,false
Eulophia clitellifera,2026-08-02 10:05:02 +0200,,"Grand Boulevard, Durban, KwaZulu-Natal, ZA",-29.7411616667,30.6837966667,NA,Saddle Harlequin,https://www.inaturalist.org/observations/387633233,https://inaturalist-open-data.s3.amazonaws.com/photos/709838508/medium.jpg,suncana,387633233,Saddle Harlequin,Plantae,585534,3,0,2026-08-02 10:05:02+02:00,2026-08-02,2026-08-02 08:05:02 UTC,Pretoria,5,5,,open,false,,,611863,Sunčana Bradley,2026-08-02 19:11:51 UTC,2026-08-04 01:03:57 UTC,research,CC-BY,NA,3,false
Eulophia clitellifera,2026-08-02 10:08:34 +0200,Recently burnt grasslands full sun.,"eThekwini, ZA-NL, ZA",-29.74094296,30.68382913,NA,Saddle Harlequin,https://www.inaturalist.org/observations/387558958,https://inaturalist-open-data.s3.amazonaws.com/photos/709695496/medium.jpg,horses27-,387558958,Eulophia clitellifera,Plantae,585534,2,0,2026-08-02 10:08:34,2026-08-02,2026-08-02 08:08:34 UTC,Pretoria,7,7,,open,false,,,1078212,Janet Gates,2026-08-02 15:30:12 UTC,2026-08-02 17:59:40 UTC,research,CC-BY-NC,NA,2,false
Eulophia graminea,2026-08-02 07:42:02 -0600,,"97566 Yuc., México",20.8515094755,-89.1712141782,NA,Chinese Crown Orchid,https://www.inaturalist.org/observations/387538429,https://inaturalist-open-data.s3.amazonaws.com/photos/709656255/medium.jpg,ichi_wildlife_mx,387538429,Eulophia graminea,Plantae,427629,4,0,2026-08-02 07:42:02,2026-08-02,2026-08-02 13:42:02 UTC,America/Merida,5,5,,,false,,,81833,J. Ismael Arellano Ciau,2026-08-02 14:23:06 UTC,2026-08-06 17:52:49 UTC,research,CC-BY-NC,NA,2,false
Eulophia clitellifera,2026-08-02 10:07:19 +0200,,"eThekwini, ZA-NL, ZA",-29.7411744297,30.6837247219,NA,Saddle Harlequin,https://www.inaturalist.org/observations/387521912,https://static.inaturalist.org/photos/709625976/medium.jpg,barry_lang,387521912,Saddle Harlequin,Plantae,585534,1,0,2026-08-02 10:07:19,2026-08-02,2026-08-02 08:07:19 UTC,Pretoria,6,6,,open,false,,,4271182,Barry lang,2026-08-02 13:27:22 UTC,2026-08-04 01:06:49 UTC,research,,NA,2,false
Eulophia picta,2026-08-02 16:37:55 +1000,,"Queensland, AU",-26.5359738106,152.8319107855,NA,Shepherd's Crook Orchid,https://www.inaturalist.org/observations/387508452,https://static.inaturalist.org/photos/709601552/medium.jpg,kate1368,387508452,Shepherd's Crook Orchid,Plantae,1598926,1,0,2026-08-02 16:37:55,2026-08-02,2026-08-02 06:37:55 UTC,Brisbane,237,29845,obscured,obscured,true,gps,gps,6134489,Kate Russo,2026-08-02 12:37:01 UTC,2026-08-02 14:09:26 UTC,research,,NA,2,false
Eulophia clitellifera,2026-08-02 10:12:10 +0200,,"eNtshangwe, Outer West Durban, 3670, South Africa",-29.741025,30.6836694444,NA,Saddle Harlequin,https://www.inaturalist.org/observations/387496017,https://inaturalist-open-data.s3.amazonaws.com/photos/709579518/medium.jpg,grabbarg,387496017,Saddle Harlequin,Plantae,585534,2,0,2026-08-02 10:12:10,2026-08-02,2026-08-02 08:12:10 UTC,Pretoria,NA,NA,,open,false,,,826148,grabbarg,2026-08-02 11:43:11 UTC,2026-08-02 18:05:30 UTC,research,CC-BY-SA,NA,2,false
Eulophia clitellifera,2026-08-02 10:11:54 +0200,,"eNtshangwe, Outer West Durban, 3670, South Africa",-29.7410206546,30.6836755201,NA,Saddle Harlequin,https://www.inaturalist.org/observations/387479618,https://inaturalist-open-data.s3.amazonaws.com/photos/709546865/medium.jpg,christine_h,387479618,Saddle Harlequin,Plantae,585534,1,0,2026-08-02 10:11:54,2026-08-02,2026-08-02 08:11:54 UTC,Pretoria,29,29,,open,false,gps,gps,504155,,2026-08-02 10:13:15 UTC,2026-08-02 11:55:15 UTC,research,CC-BY-NC,NA,2,false
Eulophia picta,2026-08-02 09:38:07 +1000,,"Queensland, AU",-27.6410719679,153.1319704058,NA,Shepherd's Crook Orchid,https://www.inaturalist.org/observations/387390942,https://inaturalist-open-data.s3.amazonaws.com/photos/709373682/medium.jpg,rich_fuller,387390942,Shepherd's Crook Orchid,Plantae,1598926,1,0,2026-08-02 09:38:07+10:00,2026-08-02,2026-08-01 23:38:07 UTC,Brisbane,4,29704,,obscured,true,,,176845,Richard Fuller,2026-08-02 01:36:33 UTC,2026-08-02 02:50:52 UTC,research,CC0,NA,3,false
Eulophia maculata,2026-07-17 08:10:00 -0400,,"Princeton, FL, USA",25.55715,-80.3647033333,NA,Monk Orchid,https://www.inaturalist.org/observations/387384995,https://static.inaturalist.org/photos/709360775/medium.jpg,stevecollins,387384995,Monk Orchid,Plantae,1453469,3,0,2026/07/17 8:10 AM,2026-07-17,2026-07-17 12:10:00 UTC,Eastern Time (US & Canada),NA,NA,,open,false,,,586546,Steve Collins,2026-08-02 01:09:10 UTC,2026-08-04 04:27:55 UTC,research,CC-BY,NA,NA,false
Eulophia picta,2026-08-02 08:54:39 +0800,,804台灣高雄市鼓山區M749+4H,22.6543218997,120.2680849997,NA,Shepherd's Crook Orchid,https://www.inaturalist.org/observations/387383381,https://inaturalist-open-data.s3.amazonaws.com/photos/709359108/medium.jpg,ssnp164,387383381,垂頭地寶蘭,Plantae,1598926,1,0,2026-08-02 08:54:39,2026-08-02,2026-08-02 00:54:39 UTC,Taipei,NA,NA,,,false,gps,gps,7635609,洪海瑞,2026-08-02 01:02:21 UTC,2026-08-02 04:50:47 UTC,research,CC-BY-NC,NA,2,false
Eulophia graminea,2026-08-01 18:31:14 -0500,,"Lakeside Vista Cir, Willis, TX, US",30.4445185708,-95.5055474901,NA,Chinese Crown Orchid,https://www.inaturalist.org/observations/387377918,https://inaturalist-open-data.s3.amazonaws.com/photos/716069814/medium.jpg,dwskwrs,387377918,Chinese Crown Orchid,Plantae,427629,1,0,2026-08-01 18:31:14-05:00,2026-08-01,2026-08-01 23:31:14 UTC,Central Time (US & Canada),20,20,,,false,,,9001734,,2026-08-02 00:40:58 UTC,2026-09-07 23:27:33 UTC,research,CC-BY-NC,NA,3,false
Eulophia maculata,2026-08-01 12:59:33 -0400,,"Parkland, FL, US",26.321445,-80.22162,NA,Monk Orchid,https://www.inaturalist.org/observations/387351402,https://inaturalist-open-data.s3.amazonaws.com/photos/709296395/medium.jpg,jimw3,387351402,Monk Orchid,Plantae,1453469,2,0,2026-08-01 12:59:33-04:00,2026-08-01,2026-08-01 16:59:33 UTC,Eastern Time (US & Canada),7,7,,open,false,,,98904,James K. Wetterer,2026-08-01 22:53:01 UTC,2026-08-04 04:28:06 UTC,research,CC-BY-NC,NA,3,false
Eulophia maculata,2026-08-01 13:06:25 -0400,,"Parkland, FL, US",26.321395,-80.2209633333,NA,Monk Orchid,https://www.inaturalist.org/observations/387350664,https://inaturalist-open-data.s3.amazonaws.com/photos/709295045/medium.jpg,jimw3,387350664,Monk Orchid,Plantae,1453469,2,0,2026-08-01 13:06:25-04:00,2026-08-01,2026-08-01 17:06:25 UTC,Eastern Time (US & Canada),4,4,,open,false,,,98904,James K. Wetterer,2026-08-01 22:50:44 UTC,2026-08-04 04:28:08 UTC,research,CC-BY-NC,NA,3,false
Eulophia maculata,2026-08-01 14:42:40 -0400,,"Parkland, FL, US",26.3214666667,-80.2214966667,NA,Monk Orchid,https://www.inaturalist.org/observations/387341816,https://inaturalist-open-data.s3.amazonaws.com/photos/709277660/medium.jpg,jimw3,387341816,Monk Orchid,Plantae,1453469,2,0,2026-08-01 14:42:40-04:00,2026-08-01,2026-08-01 18:42:40 UTC,Eastern Time (US & Canada),4,4,,open,false,,,98904,James K. Wetterer,2026-08-01 22:20:06 UTC,2026-08-02 00:46:07 UTC,research,CC-BY-NC,NA,3,false
Eulophia maculata,2026-08-01 17:15:06 -0400,,"Batten Rd, Brooksville, FL, US",28.4924465742,-82.3516660592,NA,Monk Orchid,https://www.inaturalist.org/observations/387322925,https://inaturalist-open-data.s3.amazonaws.com/photos/709240091/medium.jpg,rholc3,387322925,Monk Orchid,Plantae,1453469,1,0,2026-08-01 17:15:06,2026-08-01,2026-08-01 21:15:06 UTC,Eastern Time (US & Canada),5,5,,open,false,,,6502651,,2026-08-01 21:15:54 UTC,2026-08-02 02:08:34 UTC,research,CC-BY-NC,NA,843,false
Eulophia maculata,2026-07-30 13:16:58 -0300,,"Urca, Rio de Janeiro - RJ, Brasil",-22.9516436404,-43.1622828171,NA,Monk Orchid,https://www.inaturalist.org/observations/387140578,https://static.inaturalist.org/photos/708892583/medium.jpg,gaborkis,387140578,Orquídea-monge,Plantae,1453469,1,0,2026-07-30 13:16:58,2026-07-30,2026-07-30 16:16:58 UTC,Brasilia,632,632,,open,false,gps,gps,7579658,Gabriel Coïmbra,2026-08-01 10:43:02 UTC,2026-08-05 10:21:53 UTC,research,,NA,2,false
Eulophia graminea,2026-07-31 10:14:35 -0500,,"Q62C+9R, Katy, TX 77494, USA",29.7506051,-95.7779687997,NA,Chinese Crown Orchid,https://www.inaturalist.org/observations/387138007,https://inaturalist-open-data.s3.amazonaws.com/photos/708887155/medium.jpg,cosbejoa,387138007,Chinese Crown Orchid,Plantae,427629,1,0,2026-07-31 10:14:35,2026-07-31,2026-07-31 15:14:35 UTC,Central Time (US & Canada),NA,NA,,,false,gps,gps,8535215,Jo Ann Cosbey,2026-08-01 10:25:31 UTC,2026-08-01 11:17:15 UTC,research,CC-BY-NC,NA,2,false
Eulophia maculata,2026-07-31 17:59:32 -0300,,"Rua Ivo Cipriano, Campinas - São Paulo, 13059, Brasil - Cidade Satélite Íris, Campinas - SP, 13034-685, Brasil",-22.937540565,-47.1462449804,NA,Monk Orchid,https://www.inaturalist.org/observations/387007498,https://static.inaturalist.org/photos/708631678/medium.jpg,lagartixartrtr,387007498,Orquídea-monge,Plantae,1453469,2,0,2026-07-31 17:59:32,2026-07-31,2026-07-31 20:59:32 UTC,Brasilia,92,92,,open,false,gps,gps,6963226,Rafael rodrigues,2026-07-31 22:04:49 UTC,2026-08-01 06:53:56 UTC,research,CC0,NA,2,false
Eulophia maculata,2024-06-20 08:37:00 -0300,,"Guaiúba - CE, Brasil",-4.0485666667,-38.6192527778,NA,Monk Orchid,https://www.inaturalist.org/observations/386967793,https://inaturalist-open-data.s3.amazonaws.com/photos/708557288/medium.jpg,oliveira_chs,386967793,Orquídea-monge,Plantae,1453469,1,0,2024/06/20 08:37,2024-06-20,2024-06-20 11:37:00 UTC,America/Fortaleza,4,4,,open,false,,,5185371,Carlos Henrique Silva de Oliveira,2026-07-31 19:45:10 UTC,2026-08-01 06:53:08 UTC,research,CC-BY-NC,NA,NA,false
Eulophia graminea,2026-04-02 17:26:00 -0400,,"FV9H+48R, Aguadilla, 00603, Puerto Rico",18.4668890592,-67.1188322827,NA,Chinese Crown Orchid,https://www.inaturalist.org/observations/386897217,https://inaturalist-open-data.s3.amazonaws.com/photos/708423753/medium.jpg,dummy_2004,386897217,Eulophia graminea,Plantae,427629,2,0,2026-04-02 17:26:00,2026-04-02,2026-04-02 21:26:00 UTC,Puerto Rico,5,5,,,false,gps,gps,8905410,Johann S. Rivera Vargas,2026-07-31 15:30:41 UTC,2026-08-05 00:47:14 UTC,research,CC-BY-NC,NA,2,false
Eulophia maculata,2026-07-30 17:54:45 -0400,,"LaBelle, FL 33935, USA",26.76567897,-81.44712853,NA,Monk Orchid,https://www.inaturalist.org/observations/386728641,https://inaturalist-open-data.s3.amazonaws.com/photos/708096806/medium.jpg,jtorres250,386728641,Monk Orchid,Plantae,1453469,3,0,2026-07-30 17:54:45,2026-07-30,2026-07-30 21:54:45 UTC,Eastern Time (US & Canada),8,8,,open,false,,,5037326,Jose Alberto Torres,2026-07-30 23:40:27 UTC,2026-07-31 22:09:27 UTC,research,CC-BY-NC,NA,2,false
Eulophia picta,2026-07-31 08:37:46 +1000,,"Queensland, AU",-27.0761711129,152.8215330268,NA,Shepherd's Crook Orchid,https://www.inaturalist.org/observations/386715648,https://inaturalist-open-data.s3.amazonaws.com/photos/708070857/medium.jpg,dora_the_aussie_macro_explorer,386715648,Shepherd's Crook Orchid,Plantae,1598926,3,0,2026-07-31 08:37:46,2026-07-31,2026-07-30 22:37:46 UTC,Brisbane,3,29775,,obscured,true,,,10818209,dora_the_aussie_macro_explorer,2026-07-30 22:39:32 UTC,2026-08-03 22:26:35 UTC,research,CC-BY-NC,NA,2,false
Eulophia graminea,2026-07-30 11:15:30 -0500,,"N Westwinds Cir, Spring, TX, US",30.214528715,-95.5607025739,NA,Chinese Crown Orchid,https://www.inaturalist.org/observations/386605560,https://static.inaturalist.org/photos/707869768/medium.jpg,joanne59,386605560,Chinese Crown Orchid,Plantae,427629,1,0,2026-07-30 11:15:30-05:00,2026-07-30,2026-07-30 16:15:30 UTC,Central Time (US & Canada),3,3,,,false,,,822404,,2026-07-30 16:15:39 UTC,2026-07-30 22:36:35 UTC,research,,NA,3,false
Eulophia clitellifera,2023-09-16 16:56:00 +0200,,"Nkangala District Municipality, South Africa",-25.4991418056,29.1653895779,NA,Saddle Harlequin,https://www.inaturalist.org/observations/386564618,https://inaturalist-open-data.s3.amazonaws.com/photos/707771814/medium.jpg,jakubjilemicky,386564618,Saddle Harlequin,Plantae,585534,2,0,2023/09/16 4:56 PM,2023-09-16,2023-09-16 14:56:00 UTC,Pretoria,122,122,,open,false,,,5367066,Jakub Jilemický,2026-07-30 14:03:30 UTC,2026-08-01 20:40:20 UTC,research,CC-BY-NC,NA,NA,false
Eulophia maculata,2026-07-28 12:48:40 -0600,,"91490 Actopan, Veracruz, México",19.6696166992,-96.4133071897,NA,Monk Orchid,https://www.inaturalist.org/observations/386551029,https://inaturalist-open-data.s3.amazonaws.com/photos/707768061/medium.jpg,pcarreyes,386551029,Eulophia maculata,Plantae,1453469,2,0,2026-07-28 12:48:40,2026-07-28,2026-07-28 18:48:40 UTC,Mexico City,NA,NA,,open,false,gps,gps,62141,Pablo Carrillo-Reyes,2026-07-30 13:07:39 UTC,2026-08-01 15:42:01 UTC,research,CC-BY-NC,NA,2,false
Eulophia zeyheriana,2015-01-02 13:07:00 +0200,,"Belfast Lookout, Ngele, Ugu District Municipality, South Africa",-30.6175404401,29.6247052119,NA,Capebell Harlequin,https://www.inaturalist.org/observations/386522687,https://inaturalist-open-data.s3.amazonaws.com/photos/707710583/medium.jpg,graham_g,386522687,Capebell Harlequin,Plantae,585549,1,0,2015/01/02 1:07 PM,2015-01-02,2015-01-02 11:07:00 UTC,Pretoria,357,357,,open,false,,,748380,,2026-07-30 10:18:25 UTC,2026-07-31 04:41:24 UTC,research,CC-BY-NC,NA,NA,false
Eulophia picta,2026-07-30 16:56:42 +1000,,"Queensland, AU",-27.241729402,152.90024261,NA,Shepherd's Crook Orchid,https://www.inaturalist.org/observations/386504244,https://static.inaturalist.org/photos/707677032/medium.jpg,leafy_greens,386504244,Shepherd's Crook Orchid,Plantae,1598926,1,0,2026-07-30 16:56:42,2026-07-30,2026-07-30 06:56:42 UTC,Brisbane,403,29751,,obscured,true,gps,gps,5133094,Jen Green,2026-07-30 07:59:19 UTC,2026-07-30 08:26:22 UTC,research,,NA,2,false
Eulophia exaltata,2026-07-23 11:17:00 +0800,,MIBNP,12.73239508,121.086836506,NA,,https://www.inaturalist.org/observations/386496362,https://inaturalist-open-data.s3.amazonaws.com/photos/707660181/medium.jpg,bureaubenjamin,386496362,Eulophia exaltata,Plantae,1640567,2,0,2026/07/23 11:17,2026-07-23,2026-07-23 03:17:00 UTC,Asia/Manila,8880,8880,,,false,,,3974622,,2026-07-30 06:51:33 UTC,2026-07-31 04:57:02 UTC,research,CC-BY-NC,NA,NA,false
Eulophia alta,2009-10-28 18:01:00 -0400,,"Miami-Dade County, FL, USA",25.346511979,-80.6753587391,NA,Wild Coco,https://www.inaturalist.org/observations/386400043,https://inaturalist-open-data.s3.amazonaws.com/photos/707464030/medium.jpg,moonmoths,386400043,Wild Coco,Plantae,162776,1,0,2009/10/28 6:01 PM,2009-10-28,2009-10-28 22:01:00 UTC,Eastern Time (US & Canada),54460,54460,,,false,,,2455299,Barry Stewart,2026-07-29 22:22:41 UTC,2026-07-29 23:02:09 UTC,research,CC-BY,NA,NA,false
Eulophia graminea,2025-07-14 13:24:49 -0400,,"Interstate 75 Hwy, Wimauma, FL, US",27.68242,-82.42115,NA,Chinese Crown Orchid,https://www.inaturalist.org/observations/386354794,https://static.inaturalist.org/photos/707387216/medium.jpg,sphagetty,386354794,Chinese Crown Orchid,Plantae,427629,2,0,2025-07-14 13:24:49-04:00,2025-07-14,2025-07-14 17:24:49 UTC,Eastern Time (US & Canada),3,3,,,false,,,5860454,Thelma Hammer,2026-07-29 19:36:34 UTC,2026-07-30 04:10:50 UTC,research,,NA,3,false
Eulophia zollingeri,2026-07-19 09:57:15 +0800,,Taiwan,25.0458748277,121.4765052902,NA,,https://www.inaturalist.org/observations/386308253,https://static.inaturalist.org/photos/707299954/medium.jpg,ph_hsu,386308253,山芋蘭,Plantae,549363,3,0,2026-07-19 09:57:15,2026-07-19,2026-07-19 01:57:15 UTC,Taipei,830,30003,obscured,,true,,,1063052,,2026-07-29 16:50:08 UTC,2026-07-30 08:46:52 UTC,research,,NA,843,false
Eulophia siamensis,2026-07-25 10:31:00 +0700,,"Pak Chong, Lom Sak District, Phetchabun, Thailand",16.7369715325,101.4196406932,NA,,https://www.inaturalist.org/observations/386208351,https://inaturalist-open-data.s3.amazonaws.com/photos/707109780/medium.jpg,wangworn,386208351,Eulophia siamensis,Plantae,1497704,1,0,2026/07/25 10:31 AM,2026-07-25,2026-07-25 03:31:00 UTC,Hanoi,319,319,,,false,,,4742261,Wangworn Sankamethawee,2026-07-29 08:53:00 UTC,2026-08-13 04:11:25 UTC,research,CC-BY-NC,NA,NA,false
Eulophia graminea,2026-07-27 09:16:07 -0500,,"Energy Corridor, Houston, TX, USA",29.7866809,-95.6301899997,NA,Chinese Crown Orchid,https://www.inaturalist.org/observations/386092029,https://static.inaturalist.org/photos/706884357/medium.jpg,leeannthierry,386092029,Chinese Crown Orchid,Plantae,427629,2,0,2026-07-27 09:16:07,2026-07-27,2026-07-27 14:16:07 UTC,Central Time (US & Canada),NA,NA,,,false,gps,gps,474335,Lee Ann Thierry,2026-07-28 22:00:53 UTC,2026-07-29 04:23:54 UTC,research,,NA,2,false
Eulophia graminea,2026-07-28 15:46:13 -0400,,"Naples, FL 34108, USA",26.2790050997,-81.8270545997,NA,Chinese Crown Orchid,https://www.inaturalist.org/observations/386063779,https://static.inaturalist.org/photos/706831024/medium.jpg,nati_natalia18,386063779,Chinese Crown Orchid,Plantae,427629,2,0,2026-07-28 15:46:13,2026-07-28,2026-07-28 19:46:13 UTC,Eastern Time (US & Canada),NA,NA,,,false,gps,gps,6518122,Natalia Melendez,2026-07-28 20:20:06 UTC,2026-07-29 04:34:22 UTC,research,,NA,2,false
Eulophia maculata,2026-07-28 08:30:54 -0500,,"Tabiro, San Cayetano, Norte De Santander, CO",7.8384523673,-72.6006466589,NA,Monk Orchid,https://www.inaturalist.org/observations/386057124,https://inaturalist-open-data.s3.amazonaws.com/photos/706818889/medium.jpg,mary_orozco,386057124,Orquídea monja africana,Plantae,1453469,1,0,2026-07-28 08:30:54-05:00,2026-07-28,2026-07-28 13:30:54 UTC,Bogota,254,254,,open,false,,,10748966,,2026-07-28 19:59:26 UTC,2026-07-29 04:24:01 UTC,research,CC-BY-NC,NA,3,false
Eulophia cochlearis,2026-05-30 10:12:00 +0200,HEROLDS BAY NATURE RESERVE FIRE PROJECT,"Garden Route District Municipality, South Africa",-34.0539869996,22.3758663644,NA,Spoon Cinderella Orchid,https://www.inaturalist.org/observations/385897354,https://inaturalist-open-data.s3.amazonaws.com/photos/706509104/medium.jpg,pom-pom,385897354,Spoon Cinderella Orchid,Plantae,1453532,1,0,2026/05/30 10:12 AM,2026-05-30,2026-05-30 08:12:00 UTC,Pretoria,5,5,,open,false,,,9326722,Pom-Pom,2026-07-28 08:31:35 UTC,2026-08-02 13:58:55 UTC,research,CC-BY-NC,NA,NA,false
Eulophia nuda,2026-07-27 15:45:28 +0700,,"Kabupaten Kepulauan Mentawai, West Sumatra, ID",-2.938325,100.2036133333,NA,Grass Orchid,https://www.inaturalist.org/observations/385880995,https://static.inaturalist.org/photos/706481965/medium.jpg,willow107,385880995,Grass Orchid,Plantae,1396480,2,0,2026-07-27 15:45:28,2026-07-27,2026-07-27 08:45:28 UTC,Jakarta,5,5,,,false,,,6665856,Willow Humphrey,2026-07-28 06:26:09 UTC,2026-07-29 04:29:44 UTC,research,,NA,843,false
Eulophia maculata,2026-07-26 15:44:25 -0600,,"CFE, A unos metros de la cascada de Texolo Frente a, 91240 Xico, Ver., México",19.4019565581,-96.9928894042,NA,Monk Orchid,https://www.inaturalist.org/observations/385655291,https://inaturalist-open-data.s3.amazonaws.com/photos/706045430/medium.jpg,pcarreyes,385655291,Eulophia maculata,Plantae,1453469,3,0,2026-07-26 15:44:25,2026-07-26,2026-07-26 21:44:25 UTC,Mexico City,NA,NA,,open,false,gps,gps,62141,Pablo Carrillo-Reyes,2026-07-27 15:01:14 UTC,2026-07-28 18:55:30 UTC,research,CC-BY-NC,NA,2,false
Eulophia graminea,2026-07-27 06:39:24 -0500,,"Comal River Loop, Spring, TX, US",30.1288193014,-95.3679161791,NA,Chinese Crown Orchid,https://www.inaturalist.org/observations/385613115,https://static.inaturalist.org/photos/705966167/medium.jpg,lepidopteraphile,385613115,Chinese Crown Orchid,Plantae,427629,1,0,2026-07-27 06:39:24,2026-07-27,2026-07-27 11:39:24 UTC,Central Time (US & Canada),9,9,,,false,,,3040502,McKay Coffey,2026-07-27 12:18:32 UTC,2026-07-27 13:09:47 UTC,research,,NA,843,false
Eulophia horsfallii,2026-07-26 10:12:21 +0200,,uMkhanyakude District Municipality,-28.314956665,32.4323272705,NA,Purple Vlei Harlequin,https://www.inaturalist.org/observations/385575961,https://static.inaturalist.org/photos/711045665/medium.jpg,jbusink,385575961,Eulophia horsfallii,Plantae,502552,1,0,Sun Jul 26 2026 10:12:21 GMT +0200 (GMT+2),2026-07-26,2026-07-26 08:12:21 UTC,Pretoria,NA,NA,,open,false,,,7113906,,2026-07-27 08:34:58 UTC,2026-08-04 18:29:53 UTC,research,,NA,333,false
Eulophia horsfallii,2026-07-25 09:38:00 +0200,,"uMkhanyakude District Municipality, South Africa",-28.3225121117,32.4325954334,NA,Purple Vlei Harlequin,https://www.inaturalist.org/observations/385571482,https://inaturalist-open-data.s3.amazonaws.com/photos/705881679/medium.jpg,altagray,385571482,Purple Vlei Harlequin,Plantae,502552,1,0,2026/07/25 9:38 AM,2026-07-25,2026-07-25 07:38:00 UTC,Pretoria,8,8,,open,false,,,7897411,,2026-07-27 08:03:50 UTC,2026-07-27 13:07:38 UTC,research,CC-BY-NC,NA,NA,false
Eulophia maculata,2026-07-26 15:58:00 -0600,,"Provincia de Puntarenas, Puerto Jiménez, Costa Rica",8.403383621,-83.3424613505,NA,Monk Orchid,https://www.inaturalist.org/observations/385518001,https://inaturalist-open-data.s3.amazonaws.com/photos/705783627/medium.jpg,jasen_liu,385518001,Monk Orchid,Plantae,1453469,1,0,2026/07/26 3:58 PM,2026-07-26,2026-07-26 21:58:00 UTC,America/Costa_Rica,297,297,,open,false,,,1590769,Jasen Liu,2026-07-27 02:57:07 UTC,2026-07-27 04:20:30 UTC,research,CC-BY-NC,NA,NA,false
Eulophia cochlearis,2026-05-30 10:11:41 +0200,,"Eden, ZA-WC, ZA",-34.0532542395,22.3744403102,NA,Spoon Cinderella Orchid,https://www.inaturalist.org/observations/385295223,https://inaturalist-open-data.s3.amazonaws.com/photos/705352542/medium.jpg,pom-pom,385295223,Spoon Cinderella Orchid,Plantae,1453532,1,0,2026-05-30 10:11:41,2026-05-30,2026-05-30 08:11:41 UTC,Pretoria,9,9,,open,false,,,9326722,Pom-Pom,2026-07-26 15:22:38 UTC,2026-08-02 13:58:48 UTC,research,CC-BY-NC,NA,843,false
Eulophia maculata,2026-07-24 08:11:00 -0400,,"Picayune Strand State Forest, Collier County, FL, USA",26.1523819429,-81.5371555556,NA,Monk Orchid,https://www.inaturalist.org/observations/385107267,https://inaturalist-open-data.s3.amazonaws.com/photos/704984793/medium.jpg,jrichardabbott,385107267,Monk Orchid,Plantae,1453469,2,0,2026/07/24 8:11 AM,2026-07-24,2026-07-24 12:11:00 UTC,Eastern Time (US & Canada),4,4,,open,false,,,1065815,J. Richard Abbott,2026-07-26 01:46:50 UTC,2026-07-26 03:25:23 UTC,research,CC-BY-NC,NA,NA,false
Eulophia graminea,2026-07-23 17:27:00 -0400,,"Picayune Strand State Forest, Collier County, FL, USA",26.1523351431,-81.5678963986,NA,Chinese Crown Orchid,https://www.inaturalist.org/observations/385107130,https://inaturalist-open-data.s3.amazonaws.com/photos/704982740/medium.jpg,jrichardabbott,385107130,Chinese Crown Orchid,Plantae,427629,2,0,2026/07/23 5:27 PM,2026-07-23,2026-07-23 21:27:00 UTC,Eastern Time (US & Canada),3,3,,,false,,,1065815,J. Richard Abbott,2026-07-26 01:46:25 UTC,2026-07-26 03:25:13 UTC,research,CC-BY-NC,NA,NA,false
Eulophia maculata,2026-07-14 11:07:33 -0400,,Puerto Rico,18.1515559915,-66.7907267548,NA,Monk Orchid,https://www.inaturalist.org/observations/385054036,https://static.inaturalist.org/photos/704904978/medium.jpg,carlosandres,385054036,Monk Orchid,Plantae,1453469,3,0,2026-07-14 11:07:33,2026-07-14,2026-07-14 15:07:33 UTC,Puerto Rico,4,30683,obscured,open,true,,,11616,Carlos Andrés Rodríguez Gómez,2026-07-25 22:24:10 UTC,2026-07-28 13:42:52 UTC,research,,NA,843,false
Eulophia graminea,2026-07-25 16:49:56 -0500,,"South Blvd, Houston, TX, US",29.727155,-95.403045,NA,Chinese Crown Orchid,https://www.inaturalist.org/observations/385043965,https://static.inaturalist.org/photos/704885223/medium.jpg,aestokes,385043965,Chinese Crown Orchid,Plantae,427629,3,0,2026-07-25 16:49:56-05:00,2026-07-25,2026-07-25 21:49:56 UTC,Central Time (US & Canada),8,8,,,false,,,341982,Aes,2026-07-25 21:51:12 UTC,2026-08-01 16:28:04 UTC,research,,NA,3,false
Eulophia graminea,2026-07-12 13:29:12 -0500,,"S Peaceful Canyon Cir, Spring, TX, US",30.1676148522,-95.5223156327,NA,Chinese Crown Orchid,https://www.inaturalist.org/observations/385043131,https://inaturalist-open-data.s3.amazonaws.com/photos/704883420/medium.jpg,anitaatiller,385043131,Chinese Crown Orchid,Plantae,427629,2,0,2026-07-12 13:29:12-05:00,2026-07-12,2026-07-12 18:29:12 UTC,Central Time (US & Canada),20,20,,,false,,,42159,,2026-07-25 21:48:04 UTC,2026-07-26 03:24:08 UTC,research,CC-BY-NC,NA,3,false
Eulophia nuda,2026-06-13 08:59:43 +0530,,"Belagavi, Karnataka, IN",15.6987981203,74.2304903496,NA,Grass Orchid,https://www.inaturalist.org/observations/384993175,https://inaturalist-open-data.s3.amazonaws.com/photos/704785219/medium.jpg,shashi3280,384993175,Grass Orchid,Plantae,1396480,3,0,2026-06-13 08:59:43,2026-06-13,2026-06-13 03:29:43 UTC,New Delhi,17,17,,,false,,,2522008,Shashikant S Naik,2026-07-25 19:22:30 UTC,2026-07-30 07:17:01 UTC,research,,NA,843,false
Eulophia graminea,2026-07-25 11:30:42 -0400,,"S Tamiami Trl @ Williams Rd, Estero, FL 33928, USA",26.42475,-81.8124972222,NA,Chinese Crown Orchid,https://www.inaturalist.org/observations/384916677,https://inaturalist-open-data.s3.amazonaws.com/photos/704640620/medium.jpg,amezh1,384916677,Chinese Crown Orchid,Plantae,427629,2,0,2026-07-25 11:30:42,2026-07-25,2026-07-25 15:30:42 UTC,Eastern Time (US & Canada),NA,NA,,,false,gps,gps,7265791,Andrew Mezheritskiy,2026-07-25 15:38:36 UTC,2026-07-26 03:23:11 UTC,research,CC-BY-NC,NA,2,false
Eulophia graminea,2026-07-25 10:11:28 -0500,,"Grove Lake Dr, Houston, TX, US",30.0407507966,-95.2259250456,NA,Chinese Crown Orchid,https://www.inaturalist.org/observations/384909549,https://inaturalist-open-data.s3.amazonaws.com/photos/704626893/medium.jpg,deemay,384909549,Chinese Crown Orchid,Plantae,427629,2,0,2026-07-25 10:11:28-05:00,2026-07-25,2026-07-25 15:11:28 UTC,Central Time (US & Canada),3,3,,,false,,,2822815,,2026-07-25 15:16:51 UTC,2026-07-26 03:23:06 UTC,research,CC-BY-NC,NA,3,false
Eulophia maculata,2026-07-25 11:33:13 -0300,,"Caraúbas - Catuana, Caucaia - CE, Brasil",-3.6459400997,-38.8109218997,NA,Monk Orchid,https://www.inaturalist.org/observations/384903974,https://inaturalist-open-data.s3.amazonaws.com/photos/704617079/medium.jpg,romulo17299,384903974,Orquídea-monge,Plantae,1453469,3,0,2026-07-25 11:33:13,2026-07-25,2026-07-25 14:33:13 UTC,America/Fortaleza,NA,NA,,open,false,gps,gps,10746317,romulo mateus,2026-07-25 14:59:52 UTC,2026-07-26 18:38:15 UTC,research,CC-BY-NC,NA,2,false
Eulophia picta,2026-07-25 12:16:58 +0800,,,22.5771962093,114.3936218195,NA,Shepherd's Crook Orchid,https://www.inaturalist.org/observations/384823769,https://inaturalist-open-data.s3.amazonaws.com/photos/704468871/medium.jpg,emilirondelle,384823769,Shepherd's Crook Orchid,Plantae,1598926,1,0,2026-07-25 12:16:58,2026-07-25,2026-07-25 04:16:58 UTC,Hong Kong,60,30278,obscured,,true,gps,gps,8859491,Emilie P,2026-07-25 08:55:44 UTC,2026-07-26 12:05:54 UTC,research,CC-BY-NC,NA,2,false
Eulophia picta,2026-07-25 16:43:53 +1000,,"Queensland, AU",-27.0661554986,152.8618424356,NA,Shepherd's Crook Orchid,https://www.inaturalist.org/observations/384810506,https://inaturalist-open-data.s3.amazonaws.com/photos/704444052/medium.jpg,melissakitkat,384810506,Shepherd's Crook Orchid,Plantae,1598926,1,0,2026-07-25 16:43:53,2026-07-25,2026-07-25 06:43:53 UTC,Brisbane,3,29775,,obscured,true,,,10554806,,2026-07-25 07:27:03 UTC,2026-07-25 23:22:52 UTC,research,CC-BY-NC,NA,843,false
Eulophia pauciflora,2026-07-25 10:40:51 +0700,,"เขตรักษาพันธุ์สัตว์ป่าภูผาแดง, อ.หล่มสัก, จ.เพชรบูรณ์, TH",16.7359651808,101.4197184393,NA,,https://www.inaturalist.org/observations/384772450,https://static.inaturalist.org/photos/704402630/medium.jpg,watcharaphon_chiyotha,384772450,Eulophia pauciflora,Plantae,1279557,1,0,2026-07-25 10:40:51+07:00,2026-07-25,2026-07-25 03:40:51 UTC,Hanoi,6,6,,,false,,,8831295,Watcharaphon Chiyotha,2026-07-25 03:41:48 UTC,2026-07-25 22:52:45 UTC,research,,NA,3,false
Eulophia maculata,2026-07-18 07:39:25 -0400,,"Pasco County, US-FL, US",28.1858083333,-82.7037966667,NA,Monk Orchid,https://www.inaturalist.org/observations/384715998,https://inaturalist-open-data.s3.amazonaws.com/photos/704258398/medium.jpg,mjlaz77,384715998,Monk Orchid,Plantae,1453469,2,0,2026-07-18 07:39:25,2026-07-18,2026-07-18 11:39:25 UTC,Eastern Time (US & Canada),10,10,,open,false,,,10520613,,2026-07-24 23:22:43 UTC,2026-07-25 21:31:02 UTC,research,CC-BY-NC,NA,843,false
Eulophia maculata,2026-07-24 16:06:29 -0600,,"Chinameca, SV-SM, SV",13.4455533333,-88.3312666667,NA,Monk Orchid,https://www.inaturalist.org/observations/384695602,https://inaturalist-open-data.s3.amazonaws.com/photos/704218414/medium.jpg,pablogalan,384695602,Monk Orchid,Plantae,1453469,2,0,2026-07-24 16:06:29,2026-07-24,2026-07-24 22:06:29 UTC,America/El_Salvador,8,8,,open,false,,,2284544,Pablo Galán,2026-07-24 22:07:15 UTC,2026-07-25 04:08:39 UTC,research,CC-BY-NC,NA,2,false
Eulophia graminea,2026-07-24 18:16:34 +0900,,"Okinawa, JP",26.4135479716,127.7452795947,NA,Chinese Crown Orchid,https://www.inaturalist.org/observations/384623311,https://inaturalist-open-data.s3.amazonaws.com/photos/704078321/medium.jpg,tne-omm,384623311,エダウチヤガラ,Plantae,427629,1,0,2026-07-24 18:16:34,2026-07-24,2026-07-24 09:16:34 UTC,Tokyo,3,29845,obscured,,true,,,7538123,Tね,2026-07-24 18:01:33 UTC,2026-07-25 04:20:28 UTC,research,CC-BY-NC,NA,843,false
Eulophia horsfallii,2024-11-13 12:23:36 +0300,,"Mt. Kenya Forest, Kenia",-0.3801701,37.3107181,NA,Purple Vlei Harlequin,https://www.inaturalist.org/observations/384611980,https://inaturalist-open-data.s3.amazonaws.com/photos/704058063/medium.jpg,michaeldvorak,384611980,Eulophia horsfallii,Plantae,502552,1,0,2024-11-13 12:23:36,2024-11-13,2024-11-13 09:23:36 UTC,Nairobi,NA,NA,,,false,gps,gps,10552770,Michael Dvorak,2026-07-24 17:24:41 UTC,2026-07-25 04:20:51 UTC,research,CC-BY-NC,NA,2,false
Eulophia graminea,2026-07-24 12:25:34 -0400,,"County Road 528A, Orlando, FL, US",28.4716283603,-81.4531516156,NA,Chinese Crown Orchid,https://www.inaturalist.org/observations/384593938,https://inaturalist-open-data.s3.amazonaws.com/photos/704024902/medium.jpg,jlemos,384593938,Chinese Crown Orchid,Plantae,427629,1,0,2026-07-24 12:25:34,2026-07-24,2026-07-24 16:25:34 UTC,Eastern Time (US & Canada),19,19,,,false,,,9877282,Julia Lemos,2026-07-24 16:25:49 UTC,2026-07-25 04:21:26 UTC,research,CC-BY-NC,NA,843,false
Eulophia graminea,2026-07-24 12:25:12 -0400,,"County Road 528A, Orlando, FL, US",28.4715509609,-81.4532237008,NA,Chinese Crown Orchid,https://www.inaturalist.org/observations/384593838,https://inaturalist-open-data.s3.amazonaws.com/photos/704024697/medium.jpg,jlemos,384593838,Chinese Crown Orchid,Plantae,427629,1,0,2026-07-24 12:25:12,2026-07-24,2026-07-24 16:25:12 UTC,Eastern Time (US & Canada),21,21,,,false,,,9877282,Julia Lemos,2026-07-24 16:25:26 UTC,2026-07-25 04:21:32 UTC,research,CC-BY-NC,NA,843,false
Eulophia graminea,2026-07-24 12:24:48 -0400,,"County Road 528A, Orlando, FL, US",28.4716387128,-81.4532054397,NA,Chinese Crown Orchid,https://www.inaturalist.org/observations/384593742,https://inaturalist-open-data.s3.amazonaws.com/photos/704024481/medium.jpg,jlemos,384593742,Chinese Crown Orchid,Plantae,427629,1,0,2026-07-24 12:24:48,2026-07-24,2026-07-24 16:24:48 UTC,Eastern Time (US & Canada),21,21,,,false,,,9877282,Julia Lemos,2026-07-24 16:25:02 UTC,2026-07-25 04:21:37 UTC,research,CC-BY-NC,NA,843,false
Eulophia graminea,2026-07-24 12:24:20 -0400,,"County Road 528A, Orlando, FL, US",28.471652095,-81.4531520387,NA,Chinese Crown Orchid,https://www.inaturalist.org/observations/384593609,https://inaturalist-open-data.s3.amazonaws.com/photos/704024247/medium.jpg,jlemos,384593609,Chinese Crown Orchid,Plantae,427629,1,0,2026-07-24 12:24:20,2026-07-24,2026-07-24 16:24:20 UTC,Eastern Time (US & Canada),19,19,,,false,,,9877282,Julia Lemos,2026-07-24 16:24:35 UTC,2026-07-25 04:21:44 UTC,research,CC-BY-NC,NA,843,false
Eulophia graminea,2026-07-24 12:24:06 -0400,,"County Road 528A, Orlando, FL, US",28.4714945737,-81.4533182078,NA,Chinese Crown Orchid,https://www.inaturalist.org/observations/384593522,https://inaturalist-open-data.s3.amazonaws.com/photos/704024077/medium.jpg,jlemos,384593522,Chinese Crown Orchid,Plantae,427629,1,0,2026-07-24 12:24:06,2026-07-24,2026-07-24 16:24:06 UTC,Eastern Time (US & Canada),2,2,,,false,,,9877282,Julia Lemos,2026-07-24 16:24:16 UTC,2026-07-25 04:22:29 UTC,research,CC-BY-NC,NA,843,false
Eulophia graminea,2026-07-24 12:23:12 -0400,,"County Road 528A, Orlando, FL, US",28.4716726928,-81.4531854958,NA,Chinese Crown Orchid,https://www.inaturalist.org/observations/384593169,https://inaturalist-open-data.s3.amazonaws.com/photos/704023626/medium.jpg,jlemos,384593169,Chinese Crown Orchid,Plantae,427629,1,0,2026-07-24 12:23:12,2026-07-24,2026-07-24 16:23:12 UTC,Eastern Time (US & Canada),16,16,,,false,,,9877282,Julia Lemos,2026-07-24 16:23:24 UTC,2026-07-25 04:22:23 UTC,research,CC-BY-NC,NA,843,false
Eulophia graminea,2026-07-24 12:22:49 -0400,,"County Road 528A, Orlando, FL, US",28.4717604594,-81.4531899107,NA,Chinese Crown Orchid,https://www.inaturalist.org/observations/384593024,https://inaturalist-open-data.s3.amazonaws.com/photos/704023360/medium.jpg,jlemos,384593024,Chinese Crown Orchid,Plantae,427629,1,0,2026-07-24 12:22:49,2026-07-24,2026-07-24 16:22:49 UTC,Eastern Time (US & Canada),4,4,,,false,,,9877282,Julia Lemos,2026-07-24 16:23:00 UTC,2026-07-25 04:22:13 UTC,research,CC-BY-NC,NA,843,false
Eulophia maculata,2026-07-23 08:52:47 -0400,,"Conroy Rd, Orlando, FL, US",28.4928856039,-81.4299647037,NA,Monk Orchid,https://www.inaturalist.org/observations/384587066,https://inaturalist-open-data.s3.amazonaws.com/photos/704012387/medium.jpg,jlemos,384587066,Monk Orchid,Plantae,1453469,1,0,2026-07-23 08:52:47,2026-07-23,2026-07-23 12:52:47 UTC,Eastern Time (US & Canada),10,10,,open,false,,,9877282,Julia Lemos,2026-07-24 16:04:00 UTC,2026-07-25 04:21:56 UTC,research,CC-BY-NC,NA,843,false
Eulophia maculata,2026-07-20 14:40:31 -0400,,Puerto Rico,18.3414372946,-65.6938483266,,Monk Orchid,https://www.inaturalist.org/observations/384554083,https://inaturalist-open-data.s3.amazonaws.com/photos/703949725/medium.jpg,stevemaldonadosilvestrini,384554083,Orquídea monja africana,Plantae,1453469,2,0,2026-07-20 14:40:31,2026-07-20,2026-07-20 18:40:31 UTC,Puerto Rico,49,30666,obscured,open,true,,,573470,Steve Maldonado Silvestrini,2026-07-24 14:05:19 UTC,2026-07-28 13:43:43 UTC,research,CC-BY-NC,NA,843,false
Eulophia maculata,2026-07-20 11:39:28 -0400,,Puerto Rico,18.2894596869,-65.6711744969,,Monk Orchid,https://www.inaturalist.org/observations/384549580,https://inaturalist-open-data.s3.amazonaws.com/photos/703941688/medium.jpg,stevemaldonadosilvestrini,384549580,Orquídea monja africana,Plantae,1453469,3,0,2026-07-20 11:39:28,2026-07-20,2026-07-20 15:39:28 UTC,Puerto Rico,4,30666,obscured,open,true,,,573470,Steve Maldonado Silvestrini,2026-07-24 13:48:14 UTC,2026-07-27 12:34:58 UTC,research,CC-BY-NC,NA,843,false
Eulophia picta,2026-07-24 17:46:34 +1000,,"Queensland, AU",-16.9617814069,145.6618247275,,Shepherd's Crook Orchid,https://www.inaturalist.org/observations/384499081,https://inaturalist-open-data.s3.amazonaws.com/photos/703844302/medium.jpg,curleycurlew,384499081,Shepherd's Crook Orchid,Plantae,1598926,1,0,2026-07-24 17:46:34,2026-07-24,2026-07-24 07:46:34 UTC,Brisbane,NA,30780,,obscured,true,gps,gps,393367,Jonathan Curley,2026-07-24 09:02:08 UTC,2026-07-24 13:16:32 UTC,research,CC-BY,NA,2,false
Eulophia citrina,2026-07-18 10:42:48 +0700,,"อุทยานแห่งชาติเขาน้ำค้าง, อ.นาทวี, จ.สงขลา, TH",6.5732716667,100.5795366667,,,https://www.inaturalist.org/observations/384483767,https://inaturalist-open-data.s3.amazonaws.com/photos/703815090/medium.jpg,rachaping,384483767,จูงนางหลวง,Plantae,1550662,1,0,2026-07-18 10:42:48+07:00,2026-07-18,2026-07-18 03:42:48 UTC,Hanoi,4,4,,,false,,,8382352,,2026-07-24 07:05:14 UTC,2026-07-26 04:17:53 UTC,research,CC-BY-NC,NA,3,false
Eulophia picta,2026-07-24 10:56:40 +0900,,"Okinawa, JP",24.5740008285,123.9306877435,,Shepherd's Crook Orchid,https://www.inaturalist.org/observations/384481813,https://inaturalist-open-data.s3.amazonaws.com/photos/703811578/medium.jpg,daniel_petersen,384481813,Eulophia picta,Plantae,1598926,1,0,2026-07-24 10:56:40,2026-07-24,2026-07-24 01:56:40 UTC,Tokyo,26,30069,,obscured,true,,,2723790,Daniel Petersen och Peter Sullivan,2026-07-24 06:51:52 UTC,2026-07-25 04:26:39 UTC,research,CC-BY-NC,NA,843,false
Eulophia picta,2026-07-24 10:12:06 +1000,,"Queensland, AU",-26.8565406827,152.9178078532,,Shepherd's Crook Orchid,https://www.inaturalist.org/observations/384440796,https://inaturalist-open-data.s3.amazonaws.com/photos/703730176/medium.jpg,jeygan,384440796,Shepherd's Crook Orchid,Plantae,1598926,1,0,2026-07-24 10:12:06+10:00,2026-07-24,2026-07-24 00:12:06 UTC,Brisbane,4,29798,,obscured,true,,,8976051,Jeygan Sanganithy,2026-07-24 02:31:26 UTC,2026-08-10 06:48:54 UTC,research,CC-BY-NC,NA,3,false
Eulophia picta,2026-07-24 08:20:00 +0800,,"Dongshi District, Taichung City, TW",24.21727,120.8451916667,,Shepherd's Crook Orchid,https://www.inaturalist.org/observations/384411611,https://inaturalist-open-data.s3.amazonaws.com/photos/703671923/medium.jpg,naturalist110170,384411611,垂頭地寶蘭,Plantae,1598926,3,0,2026-07-24 08:20:00,2026-07-24,2026-07-24 00:20:00 UTC,Taipei,85,85,,,false,,,10500752,詹明忠,2026-07-24 00:21:12 UTC,2026-07-26 12:19:51 UTC,research,CC-BY-NC,NA,843,false
Eulophia maculata,2026-07-09 12:24:00 -0600,"Biodiversity around Salpeten lagoon. El Remate/Ixlú villages, Flores, Petén, Guatemala.","Flores, Guatemala",16.9871762318,-89.6792937573,,Monk Orchid,https://www.inaturalist.org/observations/384392897,https://inaturalist-open-data.s3.amazonaws.com/photos/703622735/medium.jpg,ricardelremate,384392897,Orquídea monja africana,Plantae,1453469,1,0,2026/07/09 12:24 PM,2026-07-09,2026-07-09 18:24:00 UTC,Central America,22,22,,open,false,,,4026605,Ricard Busquets Reverte,2026-07-23 23:01:13 UTC,2026-07-24 00:52:29 UTC,research,CC-BY,NA,NA,false
Eulophia maculata,2026-07-23 12:54:39 -0300,,"San Ignacio, Misiones, Argentina",-27.2861694444,-55.576875,,Monk Orchid,https://www.inaturalist.org/observations/384381754,https://inaturalist-open-data.s3.amazonaws.com/photos/703613191/medium.jpg,renzo_r,384381754,Orquídea monja africana,Plantae,1453469,2,0,2026-07-23 12:54:39,2026-07-23,2026-07-23 15:54:39 UTC,America/Argentina/Cordoba,NA,NA,,open,false,gps,gps,10377821,,2026-07-23 22:15:01 UTC,2026-07-27 21:35:38 UTC,research,CC-BY-NC,NA,2,false
Eulophia graminea,2026-07-19 18:05:47 -0400,,"Hillsboro B/Lyons R (W), Coconut Creek, FL 33073, USA",26.3186384704,-80.1890292764,,Chinese Crown Orchid,https://www.inaturalist.org/observations/384375708,https://static.inaturalist.org/photos/703601248/medium.jpg,gabrielsomarriba,384375708,Chinese Crown Orchid,Plantae,427629,2,0,2026-07-19 18:05:47,2026-07-19,2026-07-19 22:05:47 UTC,Eastern Time (US & Canada),54,54,,,false,gps,gps,33403,Gabriel Somarriba,2026-07-23 21:51:06 UTC,2026-07-26 13:21:22 UTC,research,,NA,2,false
Eulophia maculata,2026-07-12 07:44:02 -0600,,"VQ89+2R, 70984 Cerro Chino, Oax., México",15.8655934997,-96.2302861,,Monk Orchid,https://www.inaturalist.org/observations/384358509,https://inaturalist-open-data.s3.amazonaws.com/photos/703566758/medium.jpg,uriel619,384358509,Orquídea monja africana,Plantae,1453469,2,0,2026-07-12 07:44:02,2026-07-12,2026-07-12 13:44:02 UTC,Mexico City,NA,NA,,open,false,gps,gps,9428867,uriel Gomez,2026-07-23 20:44:10 UTC,2026-09-02 16:38:28 UTC,research,CC0,NA,2,false
Eulophia graminea,2025-12-08 10:08:23 -0600,,"Houston, TX, US",29.6507583334,-95.4019100631,,Chinese Crown Orchid,https://www.inaturalist.org/observations/384308147,https://static.inaturalist.org/photos/703469271/medium.jpg,teodelospajaros,384308147,Chinese Crown Orchid,Plantae,427629,2,0,2025-12-08 10:08:23,2025-12-08,2025-12-08 16:08:23 UTC,Central Time (US & Canada),8,8,,,false,,,7552734,Mateo Villagrana-Ocasio,2026-07-23 17:49:45 UTC,2026-07-24 00:49:00 UTC,research,,NA,843,false
Eulophia diffusiflora,2026-07-01 12:56:00 +0530,,"Andhra Pradesh, IN",15.1336949052,78.6883737189,,,https://www.inaturalist.org/observations/384304292,https://inaturalist-open-data.s3.amazonaws.com/photos/703367294/medium.jpg,vikasdprasad,384304292,Eulophia diffusiflora,Plantae,1453517,2,0,2026/07/01 12:56 PM,2026-07-01,2026-07-01 07:26:00 UTC,New Delhi,8191,30913,obscured,,true,,,3313880,Vikas D Prasad,2026-07-23 17:38:16 UTC,2026-07-27 06:32:16 UTC,research,CC-BY-SA,NA,NA,false
Eulophia diffusiflora,2026-07-01 12:52:00 +0530,,"Andhra Pradesh, IN",15.1140459446,78.6954879563,,,https://www.inaturalist.org/observations/384304290,https://inaturalist-open-data.s3.amazonaws.com/photos/703367163/medium.jpg,vikasdprasad,384304290,Eulophia diffusiflora,Plantae,1453517,2,0,2026/07/01 12:52 PM,2026-07-01,2026-07-01 07:22:00 UTC,New Delhi,8191,30913,obscured,,true,,,3313880,Vikas D Prasad,2026-07-23 17:38:16 UTC,2026-07-27 06:32:26 UTC,research,CC-BY-SA,NA,NA,false
Eulophia diffusiflora,2026-07-01 12:16:00 +0530,,"Andhra Pradesh, IN",15.1750016733,78.611695548,,,https://www.inaturalist.org/observations/384304243,https://inaturalist-open-data.s3.amazonaws.com/photos/703362958/medium.jpg,vikasdprasad,384304243,Eulophia diffusiflora,Plantae,1453517,3,0,2026/07/01 12:16 PM,2026-07-01,2026-07-01 06:46:00 UTC,New Delhi,8191,30913,obscured,,true,,,3313880,Vikas D Prasad,2026-07-23 17:38:07 UTC,2026-07-30 07:20:12 UTC,research,CC-BY-SA,NA,NA,false
Eulophia micrantha,2026-07-23 16:32:46 +0200,,"Betty's Bay, 7141, South Africa",-34.3677117722,18.8742736727,,Wavy Cinderella Orchid,https://www.inaturalist.org/observations/384269177,https://static.inaturalist.org/photos/703395478/medium.jpg,jeremy1074,384269177,Wavy Cinderella Orchid,Plantae,1453529,3,0,2026-07-23 16:32:46,2026-07-23,2026-07-23 14:32:46 UTC,Pretoria,7,7,,open,false,,,6364972,jeremy cronin,2026-07-23 15:34:33 UTC,2026-08-02 14:03:26 UTC,research,,NA,2,false
Eulophia graminea,2026-07-23 06:48:00 -0500,,"Cypress, Houston, TX, USA",29.9932721779,-95.635265804,,Chinese Crown Orchid,https://www.inaturalist.org/observations/384230700,https://inaturalist-open-data.s3.amazonaws.com/photos/703324529/medium.jpg,bblphoto,384230700,Chinese Crown Orchid,Plantae,427629,1,0,2026/07/23 6:48 AM,2026-07-23,2026-07-23 11:48:00 UTC,Central Time (US & Canada),727,727,,,false,,,10444379,,2026-07-23 13:06:21 UTC,2026-07-24 00:50:35 UTC,research,CC-BY-NC,NA,NA,false
Eulophia maculata,2026-07-22 16:20:12 -0300,,"Avenida Pedro Francisco Sanches, 4167 - Monte Alto, Arraial do Cabo - RJ, 28930-000, Brasil",-22.9462661667,-42.1126403611,,Monk Orchid,https://www.inaturalist.org/observations/384224189,https://static.inaturalist.org/photos/703311933/medium.jpg,gaborkis,384224189,Orquídea-monge,Plantae,1453469,1,0,2026-07-22 16:20:12,2026-07-22,2026-07-22 19:20:12 UTC,Brasilia,NA,NA,,open,false,gps,gps,7579658,Gabriel Coïmbra,2026-07-23 12:35:17 UTC,2026-07-24 00:50:43 UTC,research,,NA,2,false
Eulophia horsfallii,2026-07-20 15:04:03 +0200,,"Nyamasheke, Rwanda",-2.4877212207,29.1522407904,,Purple Vlei Harlequin,https://www.inaturalist.org/observations/384223052,https://inaturalist-open-data.s3.amazonaws.com/photos/703309963/medium.jpg,freddiedixon,384223052,Purple Vlei Harlequin,Plantae,502552,1,0,2026-07-20 15:04:03,2026-07-20,2026-07-20 13:04:03 UTC,Africa/Kigali,92,92,,,false,gps,gps,6282693,Freddie,2026-07-23 12:29:12 UTC,2026-07-23 12:35:56 UTC,research,CC-BY-NC,NA,2,false
Eulophia speciosa,2026-07-19 12:47:08 +0200,,"Nqutshini, Mandeni, KwaZulu-Natal, ZA",-29.0917388333,31.63057,,Golden Harlequin,https://www.inaturalist.org/observations/384195274,https://inaturalist-open-data.s3.amazonaws.com/photos/703256725/medium.jpg,suncana,384195274,Golden Harlequin,Plantae,140704,1,0,2026-07-19 12:47:08+02:00,2026-07-19,2026-07-19 10:47:08 UTC,Pretoria,2,2,,open,false,,,611863,Sunčana Bradley,2026-07-23 09:36:32 UTC,2026-07-23 12:36:05 UTC,research,CC-BY,NA,3,false
Eulophia picta,2026-07-23 13:26:13 +1000,,Australia,-27.8740954869,153.4078223488,,Shepherd's Crook Orchid,https://www.inaturalist.org/observations/384141404,https://static.inaturalist.org/photos/703151977/medium.jpg,caroline460,384141404,Shepherd's Crook Orchid,Plantae,1598926,1,0,2026-07-23 13:26:13,2026-07-23,2026-07-23 03:26:13 UTC,Brisbane,4,29680,,obscured,true,,,2650527,Caroline Kelly,2026-07-23 03:26:33 UTC,2026-07-23 04:02:54 UTC,research,,NA,843,false
Eulophia maculata,2026-07-22 12:19:05 -0600,,"Distrito Central, Francisco Morazan, HN",14.0787638333,-87.1290666667,,Monk Orchid,https://www.inaturalist.org/observations/384092091,https://inaturalist-open-data.s3.amazonaws.com/photos/703053788/medium.jpg,helderperez,384092091,Monk Orchid,Plantae,1453469,1,0,2026-07-22 12:19:05-06:00,2026-07-22,2026-07-22 18:19:05 UTC,America/Tegucigalpa,15,15,,open,false,,,14562,Helder I. Pérez,2026-07-22 23:42:22 UTC,2026-07-23 04:24:23 UTC,research,CC-BY-NC,NA,3,false
Eulophia graminea,2026-07-17 20:01:26 -0400,,"Madruga Ave, Coral Gables, FL, US",25.708095,-80.2832466667,,Chinese Crown Orchid,https://www.inaturalist.org/observations/384080122,https://static.inaturalist.org/photos/703029633/medium.jpg,alyssacritters,384080122,Chinese Crown Orchid,Plantae,427629,3,0,2026-07-17 20:01:26,2026-07-17,2026-07-18 00:01:26 UTC,Eastern Time (US & Canada),3,3,,,false,,,4435,Alyssa Crittenden,2026-07-22 22:54:31 UTC,2026-07-26 13:21:36 UTC,research,,NA,843,false
Eulophia maculata,2026-07-07 15:05:26 -0400,,Puerto Rico,18.3136972737,-66.6527300674,,Monk Orchid,https://www.inaturalist.org/observations/384067960,https://static.inaturalist.org/photos/703004711/medium.jpg,carlosandres,384067960,Monk Orchid,Plantae,1453469,3,0,2026-07-07 15:05:26,2026-07-07,2026-07-07 19:05:26 UTC,Puerto Rico,4,30666,obscured,open,true,,,11616,Carlos Andrés Rodríguez Gómez,2026-07-22 22:04:15 UTC,2026-07-24 13:43:30 UTC,research,,NA,843,false
Eulophia maculata,2026-07-07 14:43:11 -0400,,Puerto Rico,18.3223088119,-66.625896597,,Monk Orchid,https://www.inaturalist.org/observations/384067736,https://static.inaturalist.org/photos/703004232/medium.jpg,carlosandres,384067736,Monk Orchid,Plantae,1453469,3,0,2026-07-07 14:43:11,2026-07-07,2026-07-07 18:43:11 UTC,Puerto Rico,7,30666,obscured,open,true,,,11616,Carlos Andrés Rodríguez Gómez,2026-07-22 22:03:10 UTC,2026-07-24 13:43:47 UTC,research,,NA,843,false
Eulophia maculata,2026-06-30 10:28:30 -0400,,Puerto Rico,18.1491237091,-66.4675172684,,Monk Orchid,https://www.inaturalist.org/observations/383977659,https://static.inaturalist.org/photos/702831147/medium.jpg,carlosandres,383977659,Monk Orchid,Plantae,1453469,3,0,2026-06-30 10:28:30,2026-06-30,2026-06-30 14:28:30 UTC,Puerto Rico,21,30683,obscured,open,true,,,11616,Carlos Andrés Rodríguez Gómez,2026-07-22 16:46:16 UTC,2026-07-24 13:45:23 UTC,research,,NA,843,false
Eulophia maculata,2026-07-20 13:25:42 -0300,,"San Ignacio, Misiones, Argentina",-27.278984,-55.5905287,,Monk Orchid,https://www.inaturalist.org/observations/383871522,https://inaturalist-open-data.s3.amazonaws.com/photos/702631912/medium.jpg,adrianbarboza,383871522,Orquídea monja africana,Plantae,1453469,1,0,2026-07-20 13:25:42,2026-07-20,2026-07-20 16:25:42 UTC,America/Argentina/Cordoba,NA,NA,,open,false,,,8720765,,2026-07-22 08:15:53 UTC,2026-07-22 11:57:09 UTC,research,CC-BY-NC,NA,2,false
Eulophia guineensis,2025-11-08 10:35:00 +0200,,尚比亞利文斯敦縣,-17.9236842,25.8543832,,,https://www.inaturalist.org/observations/383862522,https://static.inaturalist.org/photos/702613615/medium.jpg,weiting_chen,383862522,Eulophia guineensis,Plantae,504849,2,0,2025/11/08 10:35,2025-11-08,2025-11-08 08:35:00 UTC,Africa/Lusaka,NA,NA,,,false,,,8922119,Wei-Ting Chen,2026-07-22 07:08:09 UTC,2026-07-22 11:57:24 UTC,research,,NA,NA,false
Eulophia diffusiflora,2026-07-22 10:41:25 +0530,,"WC3R+54J, Gopalpur, Chhattisgarh 496001, India",21.903245,83.4397816667,,,https://www.inaturalist.org/observations/383847730,https://static.inaturalist.org/photos/702584349/medium.jpg,dewans,383847730,Eulophia diffusiflora,Plantae,1453517,2,0,2026-07-22 10:41:25,2026-07-22,2026-07-22 05:11:25 UTC,New Delhi,9,9,,,false,,,6712491,Tarun Dewangan,2026-07-22 05:13:21 UTC,2026-07-30 01:07:59 UTC,research,,NA,2,false
Eulophia maculata,2026-07-21 09:44:38 -0400,,"Grenada, Grenada, GD",12.0137861167,-61.7473033333,,Monk Orchid,https://www.inaturalist.org/observations/383843062,https://inaturalist-open-data.s3.amazonaws.com/photos/702575155/medium.jpg,vjethro,383843062,Monk Orchid,Plantae,1453469,3,0,2026-07-21 09:44:38-04:00,2026-07-21,2026-07-21 13:44:38 UTC,America/Grenada,5,5,,open,false,,,7120712,,2026-07-22 04:38:38 UTC,2026-07-27 19:17:29 UTC,research,CC-BY-NC,NA,3,false
Eulophia maculata,2026-07-21 13:34:14 -0600,,"30524 Chis., México",15.9104351,-93.1795232,,Monk Orchid,https://www.inaturalist.org/observations/383821634,https://inaturalist-open-data.s3.amazonaws.com/photos/702532438/medium.jpg,emiliorv,383821634,Monk Orchid,Plantae,1453469,4,0,2026-07-21 13:34:14,2026-07-21,2026-07-21 19:34:14 UTC,Mexico City,NA,NA,,open,false,gps,gps,7844,Francisco Emilio Roldán Velasco,2026-07-22 02:38:37 UTC,2026-07-22 16:17:05 UTC,research,CC-BY,NA,2,false
Eulophia picta,2026-07-22 11:12:09 +1000,,"Queensland, AU",-27.0460861474,152.8393135541,,Shepherd's Crook Orchid,https://www.inaturalist.org/observations/383802829,https://inaturalist-open-data.s3.amazonaws.com/photos/702497529/medium.jpg,gandalfthenaturalist,383802829,Shepherd's Crook Orchid,Plantae,1598926,1,0,2026-07-22 11:12:09+10:00,2026-07-22,2026-07-22 01:12:09 UTC,Brisbane,3569,29775,,obscured,true,,,2681156,,2026-07-22 01:12:47 UTC,2026-07-22 02:31:01 UTC,research,CC-BY-NC,NA,3,false
Eulophia picta,2026-07-22 09:08:38 +1000,,"Queensland, AU",-25.7626409933,152.8270890459,,Shepherd's Crook Orchid,https://www.inaturalist.org/observations/383776049,https://inaturalist-open-data.s3.amazonaws.com/photos/702442543/medium.jpg,jenstrophylla,383776049,Shepherd's Crook Orchid,Plantae,1598926,2,0,2026-07-22 09:08:38,2026-07-22,2026-07-21 23:08:38 UTC,Brisbane,NA,29936,,obscured,true,gps,gps,4985808,Jen Stroh,2026-07-21 23:11:22 UTC,2026-07-22 04:04:31 UTC,research,CC-BY-NC,NA,2,false
Eulophia maculata,2026-07-21 15:07:19 -0400,,"Old Dixie Hwy SW, Vero Beach, FL, US",27.5695033333,-80.3735716667,,Monk Orchid,https://www.inaturalist.org/observations/383732082,https://inaturalist-open-data.s3.amazonaws.com/photos/702356318/medium.jpg,jimw3,383732082,Monk Orchid,Plantae,1453469,1,0,2026-07-21 15:07:19-04:00,2026-07-21,2026-07-21 19:07:19 UTC,Eastern Time (US & Canada),4,4,,open,false,,,98904,James K. Wetterer,2026-07-21 20:19:39 UTC,2026-07-22 12:18:11 UTC,research,CC-BY-NC,NA,3,false
Eulophia ovalis,2011-12-30 07:16:00 +0200,,"Thaba Chweu Local Municipality, South Africa ",-25.2962699296,30.3244221206,,Courting Harlequin,https://www.inaturalist.org/observations/383586903,https://inaturalist-open-data.s3.amazonaws.com/photos/702055620/medium.jpg,nicholaushuchzermeyer,383586903,Courting Harlequin,Plantae,585544,1,0,2011/12/30 7:16 AM,2011-12-30,2011-12-30 05:16:00 UTC,Pretoria,88,88,,open,false,,,4701318,,2026-07-21 11:52:31 UTC,2026-07-22 12:36:42 UTC,research,CC-BY-NC,NA,NA,false
Eulophia ovalis,2011-12-30 07:08:00 +0200,,"Thaba Chweu Local Municipality, South Africa ",-25.2962699296,30.3244221206,,Courting Harlequin,https://www.inaturalist.org/observations/383586902,https://inaturalist-open-data.s3.amazonaws.com/photos/702055470/medium.jpg,nicholaushuchzermeyer,383586902,Courting Harlequin,Plantae,585544,1,0,2011/12/30 7:08 AM,2011-12-30,2011-12-30 05:08:00 UTC,Pretoria,88,88,,open,false,,,4701318,,2026-07-21 11:52:31 UTC,2026-07-22 12:35:52 UTC,research,CC-BY-NC,NA,NA,false
Eulophia ovalis,2010-12-12 04:59:00 +0200,,"Thaba Chweu Local Municipality, South Africa ",-25.2962699296,30.3244221206,,Courting Harlequin,https://www.inaturalist.org/observations/383586877,https://inaturalist-open-data.s3.amazonaws.com/photos/702054951/medium.jpg,nicholaushuchzermeyer,383586877,Courting Harlequin,Plantae,585544,1,0,2010/12/12 4:59 AM,2010-12-12,2010-12-12 02:59:00 UTC,Pretoria,88,88,,open,false,,,4701318,,2026-07-21 11:52:26 UTC,2026-07-22 12:36:10 UTC,research,CC-BY-NC,NA,NA,false
Eulophia parvilabris,2016-11-07 19:51:00 +0200,,"Thaba Chweu Local Municipality, South Africa ",-25.2962699296,30.3244221206,,Lipless Harlequin,https://www.inaturalist.org/observations/383586786,https://inaturalist-open-data.s3.amazonaws.com/photos/702053053/medium.jpg,nicholaushuchzermeyer,383586786,Lipless Harlequin,Plantae,585545,2,0,2016/11/07 7:51 PM,2016-11-07,2016-11-07 17:51:00 UTC,Pretoria,88,88,,open,false,,,4701318,,2026-07-21 11:52:10 UTC,2026-07-22 12:37:43 UTC,research,CC-BY-NC,NA,NA,false
Eulophia picta,2026-07-21 13:48:14 +0800,,"綠島, 綠島鄉, 臺東縣, TW",22.6607414122,121.5071239071,,Shepherd's Crook Orchid,https://www.inaturalist.org/observations/383534558,https://static.inaturalist.org/photos/701984780/medium.jpg,nut,383534558,垂頭地寶蘭,Plantae,1598926,1,0,2026-07-21 13:48:14+08:00,2026-07-21,2026-07-21 05:48:14 UTC,Taipei,3,3,,,false,,,864669,Nut,2026-07-21 05:48:22 UTC,2026-07-26 12:19:58 UTC,research,,NA,3,false
Eulophia graminea,2026-07-21 10:37:01 +0800,,Taiwan,25.0008984279,121.5396041961,,Chinese Crown Orchid,https://www.inaturalist.org/observations/383508909,https://inaturalist-open-data.s3.amazonaws.com/photos/701933819/medium.jpg,cjy7,383508909,美冠蘭,Plantae,427629,2,0,2026-07-21 10:37:01+08:00,2026-07-21,2026-07-21 02:37:01 UTC,Taipei,5,30003,,obscured,true,,,6593059,,2026-07-21 03:14:13 UTC,2026-07-21 05:03:53 UTC,research,CC-BY-NC,NA,3,false
Eulophia andamanensis,2026-06-26 18:11:09 +0800,Eulophia cf. graminae,"Sulawesi Tengah, ID",-0.9421278365,120.1864511595,,,https://www.inaturalist.org/observations/383397530,https://inaturalist-open-data.s3.amazonaws.com/photos/701719164/medium.jpg,yourbiologist,383397530,Eulophia andamanensis,Plantae,956648,1,0,2026-06-26 18:11:09,2026-06-26,2026-06-26 10:11:09 UTC,Asia/Makassar,5820,31449,obscured,,true,,,9502395,Muh. Ardian Satrio Nugraha,2026-07-20 19:53:46 UTC,2026-08-24 16:19:38 UTC,research,CC-BY-NC,NA,2,false
Eulophia maculata,2026-07-12 07:47:10 -0600,,"VQ79+QV, 70984 Cerro Chino, Oax., México",15.8640914253,-96.2318836525,,Monk Orchid,https://www.inaturalist.org/observations/383390803,https://inaturalist-open-data.s3.amazonaws.com/photos/701706648/medium.jpg,patricia27153,383390803,Orquídea monja africana,Plantae,1453469,2,0,2026-07-12 07:47:10,2026-07-12,2026-07-12 13:47:10 UTC,Mexico City,195,195,,open,false,gps,gps,10338749,patricia rios garcia,2026-07-20 19:30:53 UTC,2026-07-21 19:14:27 UTC,research,CC-BY-NC,NA,2,false
Eulophia graminea,2026-07-20 14:36:19 -0400,,"JQJR+9W, Palm Coast, FL 32137, USA",29.6310596389,-81.20747375,,Chinese Crown Orchid,https://www.inaturalist.org/observations/383376318,https://inaturalist-open-data.s3.amazonaws.com/photos/701677374/medium.jpg,jodi61111,383376318,Chinese Crown Orchid,Plantae,427629,1,0,2026-07-20 14:36:19,2026-07-20,2026-07-20 18:36:19 UTC,Eastern Time (US & Canada),NA,NA,,,false,gps,gps,9466478,Jodi Tanner,2026-07-20 18:40:33 UTC,2026-07-21 14:41:44 UTC,research,CC-BY-NC,NA,2,false
Eulophia zollingeri,2026-07-20 15:10:29 +0800,,"Sulawesi Tengah, ID",-0.9823009942,119.9011337662,,,https://www.inaturalist.org/observations/383296847,https://inaturalist-open-data.s3.amazonaws.com/photos/701527171/medium.jpg,yourbiologist,383296847,Eulophia zollingeri,Plantae,549363,4,0,2026-07-20 15:10:29+08:00,2026-07-20,2026-07-20 07:10:29 UTC,Asia/Makassar,10,31449,obscured,,true,,,9502395,Muh. Ardian Satrio Nugraha,2026-07-20 14:12:09 UTC,2026-08-24 16:19:58 UTC,research,CC-BY-NC,NA,3,false
Eulophia zollingeri,2026-07-20 14:58:00 +0900,,Japan,30.6499970413,131.0658708777,,,https://www.inaturalist.org/observations/383289417,https://inaturalist-open-data.s3.amazonaws.com/photos/701508678/medium.jpg,ka84mambo,383289417,イモネヤガラ,Plantae,549363,1,0,2026/07/20 14:58,2026-07-20,2026-07-20 05:58:00 UTC,Tokyo,NA,29330,obscured,obscured,true,,,5296640,K_Kawashima,2026-07-20 13:45:45 UTC,2026-07-20 22:32:43 UTC,research,CC-BY-NC,NA,NA,false
Eulophia graminea,2026-07-19 19:55:48 -0400,,"Florida, US",28.0218872402,-80.5295024712,ih3bs4,Chinese Crown Orchid,https://www.inaturalist.org/observations/383150019,https://inaturalist-open-data.s3.amazonaws.com/photos/701240539/medium.jpg,naturedom12,383150019,Chinese Crown Orchid,Plantae,427629,2,0,2026-07-19 19:55:48,2026-07-19,2026-07-19 23:55:48 UTC,Eastern Time (US & Canada),2,29656,obscured,,true,,,5792587,naturedom12,2026-07-20 01:08:20 UTC,2026-07-20 17:57:01 UTC,research,CC0,NA,843,false
Eulophia zollingeri,2026-07-13 00:31:27 +0800,,"Sulawesi Tengah, ID",-0.9521363946,119.9755251773,,,https://www.inaturalist.org/observations/383014958,https://inaturalist-open-data.s3.amazonaws.com/photos/700975333/medium.jpg,yourbiologist,383014958,Eulophia zollingeri,Plantae,549363,1,0,2026-07-13 00:31:27+08:00,2026-07-13,2026-07-12 16:31:27 UTC,Asia/Makassar,11,31449,obscured,,true,,,9502395,Muh. Ardian Satrio Nugraha,2026-07-19 17:44:09 UTC,2026-08-24 16:20:30 UTC,research,CC-BY-NC,NA,3,false
Eulophia maculata,2026-07-15 10:38:18 -0500,,"Natural National Park Sierra de la Macarena, La Macarena, Meta, CO",2.293945,-73.8770216667,,Monk Orchid,https://www.inaturalist.org/observations/382976872,https://static.inaturalist.org/photos/700904050/medium.jpg,juanpablogomezgomez1,382976872,Orquídea monja africana,Plantae,1453469,1,0,2026-07-15 10:38:18-05:00,2026-07-15,2026-07-15 15:38:18 UTC,Bogota,14,14,,open,false,,,2506013,Juan Pablo Gomez Gomez,2026-07-19 15:59:10 UTC,2026-07-20 04:42:02 UTC,research,,NA,3,false
Eulophia clitellifera,2026-07-19 14:31:30 +0200,,"Winston Park, Gillitts, 3610, South Africa",-29.8143429556,30.7930379833,,Saddle Harlequin,https://www.inaturalist.org/observations/382939513,https://static.inaturalist.org/photos/700836361/medium.jpg,nubigenus,382939513,Eulophia clitellifera,Plantae,585534,1,0,2026-07-19 14:31:30,2026-07-19,2026-07-19 12:31:30 UTC,Pretoria,NA,NA,,open,false,gps,gps,3958502,Camilla Rose Christie,2026-07-19 14:11:23 UTC,2026-07-20 04:53:02 UTC,research,,NA,2,false
Eulophia parviflora,2026-07-19 14:21:20 +0200,,"Stockville, Kloof, 3624, South Africa",-29.8149901222,30.7964790056,,Mini Harlequin,https://www.inaturalist.org/observations/382938828,https://static.inaturalist.org/photos/700835198/medium.jpg,nubigenus,382938828,Eulophia parviflora,Plantae,577769,1,0,2026-07-19 14:21:20,2026-07-19,2026-07-19 12:21:20 UTC,Pretoria,NA,NA,,open,false,gps,gps,3958502,Camilla Rose Christie,2026-07-19 14:09:17 UTC,2026-07-20 04:52:36 UTC,research,,NA,2,false
Eulophia parviflora,2026-07-19 11:21:43 +0200,,"Ray Nkonyeni Rural, Port Shepstone, KwaZulu-Natal, ZA",-31.0171028333,30.173875,,Mini Harlequin,https://www.inaturalist.org/observations/382935535,https://inaturalist-open-data.s3.amazonaws.com/photos/700828972/medium.jpg,gailbowerswinters,382935535,Eulophia parviflora,Plantae,577769,1,0,2026-07-19 11:21:43+02:00,2026-07-19,2026-07-19 09:21:43 UTC,Pretoria,4,4,,open,false,,,827363,Gail Bowers-Winters,2026-07-19 13:58:20 UTC,2026-07-20 04:52:24 UTC,research,CC-BY-NC,NA,3,false
Eulophia parviflora,2026-07-19 09:48:29 +0200,,"Ray Nkonyeni Local Municipality, South Africa",-31.009214475,30.1748227528,,Mini Harlequin,https://www.inaturalist.org/observations/382857902,https://static.inaturalist.org/photos/700680261/medium.jpg,claire338,382857902,Mini Harlequin,Plantae,577769,3,0,2026-07-19 09:48:29,2026-07-19,2026-07-19 07:48:29 UTC,Pretoria,NA,NA,,open,false,,,2018188,Claire Oliver,2026-07-19 07:49:48 UTC,2026-07-23 05:49:32 UTC,research,,NA,2,false
Eulophia picta,2026-07-19 14:26:24 +1000,,"Queensland, AU",-16.8827811157,145.910162879,,Shepherd's Crook Orchid,https://www.inaturalist.org/observations/382855685,https://inaturalist-open-data.s3.amazonaws.com/photos/700675599/medium.jpg,lilwal,382855685,Shepherd's Crook Orchid,Plantae,1598926,3,0,2026-07-19 14:26:24,2026-07-19,2026-07-19 04:26:24 UTC,Brisbane,NA,30780,,obscured,true,gps,gps,3197473,,2026-07-19 07:33:16 UTC,2026-07-20 04:54:45 UTC,research,CC-BY-NC,NA,2,false
Eulophia graminea,2026-07-19 12:52:13 +0800,,Taiwan,24.9329346055,121.5691667284,,Chinese Crown Orchid,https://www.inaturalist.org/observations/382841768,https://inaturalist-open-data.s3.amazonaws.com/photos/700648478/medium.jpg,tuyin,382841768,禾草芋蘭,Plantae,427629,2,0,2026-07-19 12:52:13,2026-07-19,2026-07-19 04:52:13 UTC,Taipei,NA,30025,,obscured,true,gps,gps,6028289,,2026-07-19 06:01:07 UTC,2026-07-20 04:54:35 UTC,research,CC-BY-NC,NA,2,false
Eulophia picta,2026-06-30 10:12:53 +0800,,"Kibaghot, Laguindingan, Misamis Oriental, Philippines",8.5718578094,124.4509493932,,Shepherd's Crook Orchid,https://www.inaturalist.org/observations/382808947,https://inaturalist-open-data.s3.amazonaws.com/photos/700585965/medium.jpg,riji,382808947,Shepherd's Crook Orchid,Plantae,1598926,1,0,2026-06-30 10:12:53,2026-06-30,2026-06-30 02:12:53 UTC,Asia/Manila,13,13,,,false,gps,gps,8276653,Rheygie W. Saguing,2026-07-19 03:12:05 UTC,2026-07-20 00:10:06 UTC,research,CC-BY-NC,NA,2,false
Eulophia maculata,2026-07-18 17:17:23 -0400,,"Town Loop Blvd, Orlando, FL, US",28.3719666667,-81.43753,,Monk Orchid,https://www.inaturalist.org/observations/382763447,https://static.inaturalist.org/photos/700494595/medium.jpg,riorbotanyaficionado,382763447,Monk Orchid,Plantae,1453469,3,0,2026-07-18 17:17:23,2026-07-18,2026-07-18 21:17:23 UTC,Eastern Time (US & Canada),18,18,,open,false,,,7164955,Ricardo Ortiz,2026-07-18 23:48:36 UTC,2026-07-21 14:41:59 UTC,research,,NA,843,false
Eulophia maculata,2026-07-18 11:30:19 -0300,,"Grumari, Rio de Janeiro - RJ, Brasil",-23.053487376,-43.546070382,,Monk Orchid,https://www.inaturalist.org/observations/382653664,https://static.inaturalist.org/photos/700282394/medium.jpg,paolo_martins,382653664,Orquídea-monge,Plantae,1453469,2,0,2026-07-18 11:30:19,2026-07-18,2026-07-18 14:30:19 UTC,Brasilia,220,220,,open,false,gps,gps,8839188,Paolo Martins,2026-07-18 17:31:33 UTC,2026-07-19 04:56:03 UTC,research,,NA,2,false
Eulophia nuda,2026-07-18 18:03:09 +0700,,"Natuna, ID-KR, ID",2.9315309347,105.7343661413,,Grass Orchid,https://www.inaturalist.org/observations/382556502,https://static.inaturalist.org/photos/700112444/medium.jpg,saka29,382556502,Grass Orchid,Plantae,1396480,2,0,2026-07-18 18:03:09,2026-07-18,2026-07-18 11:03:09 UTC,Jakarta,1231,1231,,,false,gps,gps,3277002,saka,2026-07-18 12:17:01 UTC,2026-07-25 11:34:52 UTC,research,,NA,2,false
Eulophia picta,2026-07-18 16:21:32 +1000,,"Queensland, AU",-27.2474487709,152.9649392767,,Shepherd's Crook Orchid,https://www.inaturalist.org/observations/382502453,https://inaturalist-open-data.s3.amazonaws.com/photos/699997302/medium.jpg,steven947,382502453,Shepherd's Crook Orchid,Plantae,1598926,1,0,2026-07-18 16:21:32,2026-07-18,2026-07-18 06:21:32 UTC,Brisbane,6,29751,,obscured,true,gps,gps,5279573,Steven Taylor,2026-07-18 06:22:46 UTC,2026-07-18 06:41:32 UTC,research,CC-BY,NA,2,false
Eulophia picta,2026-07-12 08:38:32 +1000,,Australia,-28.3608911625,153.5443407548,,Shepherd's Crook Orchid,https://www.inaturalist.org/observations/382499545,https://static.inaturalist.org/photos/699991814/medium.jpg,shaun187,382499545,Shepherd's Crook Orchid,Plantae,1598926,1,0,2026-07-12 08:38:32+10:00,2026-07-12,2026-07-11 22:38:32 UTC,Sydney,165,29631,,obscured,true,,,5528265,Shaun Patten,2026-07-18 06:00:46 UTC,2026-07-18 07:02:29 UTC,research,,NA,3,false
Eulophia ovalis bainesii,2020-02-22 14:33:00 +0200,,"Panorama 200 Iq, Roodepoort, South Africa",-26.1004755645,27.9138861339,,Cream Courting Harlequin,https://www.inaturalist.org/observations/382372034,https://inaturalist-open-data.s3.amazonaws.com/photos/699741905/medium.jpg,evertk,382372034,Cream Courting Harlequin,Plantae,599262,3,0,2020/02/22 2:33 PM,2020-02-22,2020-02-22 12:33:00 UTC,Pretoria,203,203,,open,false,,,7624662,Evert Kleynhans,2026-07-17 19:56:00 UTC,2026-07-29 15:19:55 UTC,research,CC-BY-NC,NA,NA,false
Eulophia maculata,2026-07-13 14:48:56 -0400,,"H37V+H4M, La Entrada 33000, Dominican Republic",19.5634555556,-69.9081638889,,Monk Orchid,https://www.inaturalist.org/observations/382184235,https://static.inaturalist.org/photos/699387362/medium.jpg,wilfredoaquino,382184235,Monk Orchid,Plantae,1453469,3,0,2026-07-13 14:48:56,2026-07-13,2026-07-13 18:48:56 UTC,America/Santo_Domingo,NA,NA,,open,false,,,3472766,wilfredo aquino,2026-07-17 04:34:02 UTC,2026-07-30 17:24:44 UTC,research,,NA,2,false
Eulophia maculata,2026-07-16 12:22:54 -0400,,Puerto Rico,18.0945524052,-66.6753677768,,Monk Orchid,https://www.inaturalist.org/observations/382158517,https://inaturalist-open-data.s3.amazonaws.com/photos/699335209/medium.jpg,stevemaldonadosilvestrini,382158517,Orquídea monja africana,Plantae,1453469,3,0,2026-07-16 12:22:54,2026-07-16,2026-07-16 16:22:54 UTC,Puerto Rico,5,30683,obscured,open,true,,,573470,Steve Maldonado Silvestrini,2026-07-17 02:04:51 UTC,2026-07-24 13:57:33 UTC,research,CC-BY-NC,NA,843,false
Eulophia hians,2018-09-02 15:03:00 +0200,,"Kloofendal, Roodepoort, 1709, South Africa",-26.1332619789,27.8860808497,,Yawning Harlequin,https://www.inaturalist.org/observations/382035560,https://inaturalist-open-data.s3.amazonaws.com/photos/699096545/medium.jpg,evertk,382035560,Yawning Harlequin,Plantae,415244,2,0,2018/09/02 3:03 PM,2018-09-02,2018-09-02 13:03:00 UTC,Pretoria,8,8,,open,false,,,7624662,Evert Kleynhans,2026-07-16 17:29:07 UTC,2026-07-29 15:20:02 UTC,research,CC-BY-NC,NA,NA,false
Eulophia graminea,2026-07-16 12:56:55 -0400,,"North Carolina, US",34.2428180613,-77.8598113995,,Chinese Crown Orchid,https://www.inaturalist.org/observations/382026524,https://inaturalist-open-data.s3.amazonaws.com/photos/699081458/medium.jpg,polygonia_graceilis,382026524,Chinese Crown Orchid,Plantae,427629,1,0,2026-07-16 12:56:55-04:00,2026-07-16,2026-07-16 16:56:55 UTC,Eastern Time (US & Canada),12,28846,obscured,,true,,,5017403,,2026-07-16 16:58:26 UTC,2026-07-16 22:40:43 UTC,research,CC-BY-NC,NA,3,false
Eulophia maculata,2021-08-09 14:06:00 -0500,,"Hopelchén, Camp., México",19.621500015,-89.6248626708,,Monk Orchid,https://www.inaturalist.org/observations/382013606,https://inaturalist-open-data.s3.amazonaws.com/photos/699055912/medium.jpg,camilovallejo,382013606,Orquídea monja africana,Plantae,1453469,2,0,2021/08/09 2:06 PM,2021-08-09,2021-08-09 19:06:00 UTC,America/Merida,NA,NA,,open,false,,,7009934,Camilo Vallejo,2026-07-16 16:11:43 UTC,2026-07-17 17:41:32 UTC,research,CC-BY-NC,NA,NA,false
Eulophia maculata,2026-07-16 09:31:11 -0400,,"Okeechobee, FL 34974, USA",26.99274571,-80.61862066,,Monk Orchid,https://www.inaturalist.org/observations/381971656,https://inaturalist-open-data.s3.amazonaws.com/photos/698977738/medium.jpg,mickim,381971656,Monk Orchid,Plantae,1453469,3,0,2026-07-16 09:31:11,2026-07-16,2026-07-16 13:31:11 UTC,Eastern Time (US & Canada),3,3,,open,false,,,6147639,,2026-07-16 13:33:38 UTC,2026-07-17 02:14:40 UTC,research,CC-BY-NC,NA,2,false
Eulophia maculata,2026-06-30 09:10:11 -0400,,Puerto Rico,18.1305906729,-66.474027355,,Monk Orchid,https://www.inaturalist.org/observations/381951788,https://static.inaturalist.org/photos/698942357/medium.jpg,carlosandres,381951788,Monk Orchid,Plantae,1453469,3,0,2026-06-30 09:10:11,2026-06-30,2026-06-30 13:10:11 UTC,Puerto Rico,18,30683,obscured,open,true,,,11616,Carlos Andrés Rodríguez Gómez,2026-07-16 12:09:14 UTC,2026-07-24 13:58:02 UTC,research,,NA,843,false
Eulophia graminea,2026-07-16 16:58:34 +0800,,Taiwan,24.9061298858,121.4011195219,,Chinese Crown Orchid,https://www.inaturalist.org/observations/381928437,https://inaturalist-open-data.s3.amazonaws.com/photos/698895742/medium.jpg,cjy7,381928437,美冠蘭,Plantae,427629,2,0,2026-07-16 16:58:34,2026-07-16,2026-07-16 08:58:34 UTC,Taipei,3,30025,,obscured,true,,,6593059,,2026-07-16 09:32:43 UTC,2026-07-16 22:48:54 UTC,research,CC-BY-NC,NA,843,false
Eulophia graminea,2026-07-14 12:42:00 -0400,,"Marathon, FL 33050, USA",24.7467890591,-80.9803481491,,Chinese Crown Orchid,https://www.inaturalist.org/observations/381857430,https://inaturalist-open-data.s3.amazonaws.com/photos/698743192/medium.jpg,gatorhawk,381857430,Chinese Crown Orchid,Plantae,427629,2,0,2026/07/14 12:42 PM,2026-07-14,2026-07-14 16:42:00 UTC,Eastern Time (US & Canada),13,13,,,false,,,4573202,Josiah Londerée,2026-07-16 01:47:12 UTC,2026-07-17 02:15:12 UTC,research,CC-BY,NA,NA,false
Eulophia maculata,2026-07-15 09:40:18 -0300,,"Nova Iguaçu - RJ, 26255, Brasil",-22.77786485,-43.46134994,,Monk Orchid,https://www.inaturalist.org/observations/381843287,https://inaturalist-open-data.s3.amazonaws.com/photos/698728344/medium.jpg,larissa93085,381843287,Orquídea-monge,Plantae,1453469,1,0,2026-07-15 09:40:18,2026-07-15,2026-07-15 12:40:18 UTC,Brasilia,NA,NA,,open,false,gps,gps,10674356,Larissa Gonçalves de Almeida Pereira Mariano,2026-07-16 00:37:41 UTC,2026-07-25 18:30:14 UTC,research,CC-BY-NC,NA,2,false
Eulophia maculata,2026-07-15 13:56:28 -0300,,Brazil,-27.5154647333,-48.4664590914,,Monk Orchid,https://www.inaturalist.org/observations/381823351,https://inaturalist-open-data.s3.amazonaws.com/photos/698690694/medium.jpg,alisson_noster,381823351,Orquídea-monge,Plantae,1453469,2,0,2026-07-15 13:56:28,2026-07-15,2026-07-15 16:56:28 UTC,Brasilia,13,29727,obscured,open,true,,,10706473,Alisson Noster,2026-07-15 23:08:29 UTC,2026-07-19 00:45:01 UTC,research,CC-BY-NC,NA,843,false
Eulophia maculata,2026-07-14 12:10:49 -0400,,Puerto Rico,18.1535327602,-66.7123356158,,Monk Orchid,https://www.inaturalist.org/observations/381814651,https://inaturalist-open-data.s3.amazonaws.com/photos/698673537/medium.jpg,stevemaldonadosilvestrini,381814651,Orquídea monja africana,Plantae,1453469,3,0,2026-07-14 12:10:49,2026-07-14,2026-07-14 16:10:49 UTC,Puerto Rico,66,30683,obscured,open,true,,,573470,Steve Maldonado Silvestrini,2026-07-15 22:30:02 UTC,2026-07-23 02:56:12 UTC,research,CC-BY-NC,NA,843,false
Eulophia graminea,2021-09-11 12:48:00 -0500,,"Municipio de Lázaro Cárdenas, Q.R., México",21.3471164703,-87.4155960081,,Chinese Crown Orchid,https://www.inaturalist.org/observations/381801490,https://inaturalist-open-data.s3.amazonaws.com/photos/698646498/medium.jpg,camilovallejo,381801490,Eulophia graminea,Plantae,427629,3,0,2021/09/11 12:48 PM,2021-09-11,2021-09-11 17:48:00 UTC,America/Cancun,NA,NA,,,false,,,7009934,Camilo Vallejo,2026-07-15 21:36:58 UTC,2026-07-16 18:35:39 UTC,research,CC-BY-NC,NA,NA,false
Eulophia maculata,2022-12-22 13:39:00 -0500,,"José María Morelos, Q.R., México",19.4687900542,-89.0697326658,,Monk Orchid,https://www.inaturalist.org/observations/381796741,https://inaturalist-open-data.s3.amazonaws.com/photos/698637026/medium.jpg,camilovallejo,381796741,Orquídea monja africana,Plantae,1453469,2,0,2022/12/22 1:39 PM,2022-12-22,2022-12-22 18:39:00 UTC,America/Cancun,NA,NA,,open,false,,,7009934,Camilo Vallejo,2026-07-15 21:18:08 UTC,2026-07-16 18:35:34 UTC,research,CC-BY-NC,NA,NA,false
Eulophia maculata,2026-07-15 13:04:32 -0300,,"Avenida Padre Oliveira Rolim, Montes Claros, MG, BR",-16.7531335015,-43.8906751845,,Monk Orchid,https://www.inaturalist.org/observations/381744729,https://inaturalist-open-data.s3.amazonaws.com/photos/698535794/medium.jpg,gautamara,381744729,Orquídea-monge,Plantae,1453469,1,0,2026-07-15 13:04:32,2026-07-15,2026-07-15 16:04:32 UTC,Brasilia,4,4,,open,false,,,10770947,,2026-07-15 18:05:27 UTC,2026-07-16 04:32:00 UTC,research,CC-BY-NC,NA,843,false
Eulophia graminea,2026-07-15 09:07:14 -0400,,"Palm Beach County, US-FL, US",26.7870848036,-80.141408264,,Chinese Crown Orchid,https://www.inaturalist.org/observations/381689738,https://inaturalist-open-data.s3.amazonaws.com/photos/698430900/medium.jpg,loqa2_1,381689738,Chinese Crown Orchid,Plantae,427629,2,0,2026-07-15 09:07:14,2026-07-15,2026-07-15 13:07:14 UTC,Eastern Time (US & Canada),8,8,,,false,,,10764793,,2026-07-15 14:52:59 UTC,2026-07-26 13:30:21 UTC,research,CC-BY-NC,NA,843,false
Eulophia graminea,2026-07-15 09:07:48 -0400,,"N Jog Rd, West Palm Beach, FL, US",26.7870559986,-80.1414326495,,Chinese Crown Orchid,https://www.inaturalist.org/observations/381662211,https://inaturalist-open-data.s3.amazonaws.com/photos/698378507/medium.jpg,lynnetteleon29,381662211,Chinese Crown Orchid,Plantae,427629,3,0,2026-07-15 09:07:48,2026-07-15,2026-07-15 13:07:48 UTC,Eastern Time (US & Canada),2,2,,,false,,,10437037,,2026-07-15 13:09:02 UTC,2026-07-26 13:31:02 UTC,research,CC-BY-NC,NA,843,false
Eulophia zollingeri,2026-07-04 09:04:55 +0800,,"MR93+CJP, City of Baybay, Leyte, Philippines",10.6685340458,124.8040860146,,,https://www.inaturalist.org/observations/381652141,https://inaturalist-open-data.s3.amazonaws.com/photos/698358972/medium.jpg,angeeeel,381652141,Eulophia zollingeri,Plantae,549363,2,0,2026-07-04 09:04:55,2026-07-04,2026-07-04 01:04:55 UTC,Asia/Manila,26913,26913,,,false,,,10098279,,2026-07-15 12:23:02 UTC,2026-07-16 04:33:46 UTC,research,CC-BY-NC,NA,2,false
Eulophia petersii,2026-07-10 12:16:00 +0200,,"uMkhanyakude District Municipality, South Africa",-27.0451000765,32.4364030317,,Garden Harlequin,https://www.inaturalist.org/observations/381636474,https://inaturalist-open-data.s3.amazonaws.com/photos/698312747/medium.jpg,louws,381636474,Garden Harlequin,Plantae,489945,1,0,2026/07/10 12:16 PM,2026-07-10,2026-07-10 10:16:00 UTC,Pretoria,8,8,,open,false,,,832118,Sharon Louw,2026-07-15 10:56:00 UTC,2026-07-16 04:56:54 UTC,research,CC-BY-NC,NA,NA,false
Eulophia picta,2026-07-14 10:39:00 +1000,"Barney View, Scenic Rim. Regional Ecosystem 12.9-10.2 - Open Forest:
Corymbia citriodora subsp. variegata open forest or woodland usually with Eucalyptus crebra. Other species such as Eucalyptus tereticornis, E. moluccana, E. acmenoides and E. siderophloia may be present in scattered patches or in low densities. Understorey can be grassy or shrubby. Shrubby understorey of Lophostemon confertus (whipstick form) often present in northern parts of bioregion. Occurs on Cainozoic and Mesozoic sediments.","Queensland, AU",-28.2433290422,152.6290673508,929967,Shepherd's Crook Orchid,https://www.inaturalist.org/observations/381632038,https://inaturalist-open-data.s3.amazonaws.com/photos/698319560/medium.jpg,gregtasney,381632038,Shepherd's Crook Orchid,Plantae,1598926,2,0,2026/07/14 10:39 AM,2026-07-14,2026-07-14 00:39:00 UTC,Brisbane,10,29631,obscured,obscured,true,,,1809954,Greg Tasney,2026-07-15 10:27:11 UTC,2026-07-16 04:59:30 UTC,research,CC-BY-SA,NA,NA,false
Eulophia graminea,2026-06-08 10:21:57 -0400,,"Winterhawk Trail, Jupiter, FL, US",26.9391149419,-80.2145829916,,Chinese Crown Orchid,https://www.inaturalist.org/observations/381549533,https://inaturalist-open-data.s3.amazonaws.com/photos/698157823/medium.jpg,xophers,381549533,Chinese Crown Orchid,Plantae,427629,3,0,2026-06-08 10:21:57,2026-06-08,2026-06-08 14:21:57 UTC,Eastern Time (US & Canada),9,9,,,false,,,10628114,,2026-07-15 01:37:51 UTC,2026-07-26 13:35:17 UTC,research,CC-BY-NC,NA,843,false
Eulophia maculata,2026-07-14 16:13:57 -0400,,"Collier Ave, Fort Myers, FL, US",26.6080237274,-81.8748307694,,Monk Orchid,https://www.inaturalist.org/observations/381491162,https://inaturalist-open-data.s3.amazonaws.com/photos/698042279/medium.jpg,arobthomp,381491162,Monk Orchid,Plantae,1453469,2,0,2026-07-14 16:13:57,2026-07-14,2026-07-14 20:13:57 UTC,Eastern Time (US & Canada),5,5,,open,false,,,2527303,Amanda Thompson,2026-07-14 21:15:20 UTC,2026-07-21 14:42:41 UTC,research,CC-BY-NC,NA,843,false
Eulophia petersii,2026-07-12 12:42:00 +0200,,"Mazowe Botanical Reserve, Split Rock, Mazowe, Zimbabwe",-17.58201,31.00823,,Garden Harlequin,https://www.inaturalist.org/observations/381313546,https://inaturalist-open-data.s3.amazonaws.com/photos/697700430/medium.jpg,glennstockil,381313546,Garden Harlequin,Plantae,489945,2,0,2026/07/12 12:42 PM,2026-07-12,2026-07-12 10:42:00 UTC,Harare,NA,NA,,,false,,,3683633,GLENN STOCKIL,2026-07-14 09:03:56 UTC,2026-07-14 12:16:04 UTC,research,CC-BY-NC,NA,NA,false
Eulophia maculata,2026-07-12 07:55:00 -0600,,"Santa María Huatulco, Oax., México",15.8661359722,-96.2302119722,,Monk Orchid,https://www.inaturalist.org/observations/381137238,https://inaturalist-open-data.s3.amazonaws.com/photos/697351683/medium.jpg,blakesito,381137238,Orquídea monja africana,Plantae,1453469,2,0,2026/07/12 7:55 AM,2026-07-12,2026-07-12 13:55:00 UTC,Mexico City,NA,NA,,open,false,,,67003,Carlos Domínguez-Rodríguez,2026-07-13 19:21:55 UTC,2026-07-21 21:19:06 UTC,research,CC-BY,NA,NA,false
Eulophia maculata,2026-07-12 07:47:00 -0600,,"Santa María Huatulco, Oax., México",15.8655639722,-96.230461,,Monk Orchid,https://www.inaturalist.org/observations/381137215,https://inaturalist-open-data.s3.amazonaws.com/photos/697348075/medium.jpg,blakesito,381137215,Orquídea monja africana,Plantae,1453469,2,0,2026/07/12 7:47 AM,2026-07-12,2026-07-12 13:47:00 UTC,Mexico City,NA,NA,,open,false,,,67003,Carlos Domínguez-Rodríguez,2026-07-13 19:21:51 UTC,2026-07-21 21:19:06 UTC,research,CC-BY,NA,NA,false
Eulophia maculata,2026-07-12 07:46:00 -0600,,"Santa María Huatulco, Oax., México",15.8655639722,-96.230461,,Monk Orchid,https://www.inaturalist.org/observations/381137214,https://inaturalist-open-data.s3.amazonaws.com/photos/697347726/medium.jpg,blakesito,381137214,Orquídea monja africana,Plantae,1453469,1,0,2026/07/12 7:46 AM,2026-07-12,2026-07-12 13:46:00 UTC,Mexico City,NA,NA,,open,false,,,67003,Carlos Domínguez-Rodríguez,2026-07-13 19:21:51 UTC,2026-07-21 21:19:06 UTC,research,CC-BY,NA,NA,false
Eulophia nuda,2026-07-07 14:44:07 +0530,,"Kodagu, IN-KA, IN",12.4319435961,75.7091884253,,Grass Orchid,https://www.inaturalist.org/observations/381037783,https://inaturalist-open-data.s3.amazonaws.com/photos/697169296/medium.jpg,kaushik1616,381037783,Grass Orchid,Plantae,1396480,2,0,2026-07-07 14:44:07,2026-07-07,2026-07-07 09:14:07 UTC,New Delhi,NA,31081,obscured,,true,,,8468867,kaushik PM,2026-07-13 14:15:04 UTC,2026-07-22 20:26:57 UTC,research,CC-BY-NC,NA,2,false
Eulophia petersii,2026-07-13 11:36:59 +0200,,"Mhlume, SZ-LU, SZ",-26.110476,32.02419,,Garden Harlequin,https://www.inaturalist.org/observations/381002743,https://inaturalist-open-data.s3.amazonaws.com/photos/697101739/medium.jpg,phil183,381002743,Garden Harlequin,Plantae,489945,2,0,2026-07-13 11:36:59,2026-07-13,2026-07-13 09:36:59 UTC,Africa/Mbabane,14,14,,,false,,,2522140,Phil White,2026-07-13 11:42:53 UTC,2026-07-13 14:22:18 UTC,research,CC-BY-NC,NA,2,false
Eulophia roseovariegata,2026-07-04 15:36:00 +0300,,"Ambilobe, Madagascar",-12.89089,49.0980616667,,,https://www.inaturalist.org/observations/380955910,https://inaturalist-open-data.s3.amazonaws.com/photos/696969345/medium.jpg,angelomg,380955910,Eulophia roseovariegata,Plantae,1453503,6,0,2026/07/04 3:36 PM,2026-07-04,2026-07-04 12:36:00 UTC,Nairobi,NA,NA,,,false,,,1822183,Andrianiaina Angelo,2026-07-13 06:46:56 UTC,2026-07-17 06:49:15 UTC,research,CC-BY-NC,NA,NA,false
Eulophia picta,2026-07-13 00:00:00 +0800,,"Dologon, Maramag, Bukidnon, Philippines",7.8422336312,125.0445926562,,Shepherd's Crook Orchid,https://www.inaturalist.org/observations/380931997,https://inaturalist-open-data.s3.amazonaws.com/photos/696962508/medium.jpg,researchgroup3,380931997,Shepherd's Crook Orchid,Plantae,1598926,2,0,2026-07-13,2026-07-13,,Asia/Manila,6211,6211,,,false,gps,gps,10750098,,2026-07-13 04:09:51 UTC,2026-08-26 20:11:18 UTC,research,CC-BY-NC,NA,2,false
Eulophia graminea,2026-07-09 09:30:14 -0400,,"Downtown Miami, Miami, FL, USA",25.73790039,-80.15220339,,Chinese Crown Orchid,https://www.inaturalist.org/observations/380904564,https://inaturalist-open-data.s3.amazonaws.com/photos/696907816/medium.jpg,audderpopz,380904564,Chinese Crown Orchid,Plantae,427629,3,0,2026-07-09 09:30:14,2026-07-09,2026-07-09 13:30:14 UTC,Eastern Time (US & Canada),7,7,,,false,,,7799538,,2026-07-13 02:03:15 UTC,2026-07-21 14:43:43 UTC,research,CC-BY-NC,NA,2,false
Eulophia maculata,2026-03-21 10:16:39 -0600,,"Carretera Cansahcab-Tizimín, Tizimín, Yuc., MX",21.1511361667,-88.17945,,Monk Orchid,https://www.inaturalist.org/observations/380852210,https://inaturalist-open-data.s3.amazonaws.com/photos/696803228/medium.jpg,camilovallejo,380852210,Orquídea monja africana,Plantae,1453469,1,0,2026-03-21 10:16:39,2026-03-21,2026-03-21 16:16:39 UTC,America/Merida,2,2,,open,false,,,7009934,Camilo Vallejo,2026-07-12 22:48:02 UTC,2026-07-13 17:39:18 UTC,research,CC-BY-NC,NA,843,false
Eulophia maculata,2026-07-12 17:03:20 -0400,,"Knights Krossing Cir, Orlando, FL, US",28.61126486,-81.2120851146,,Monk Orchid,https://www.inaturalist.org/observations/380818309,https://inaturalist-open-data.s3.amazonaws.com/photos/696736659/medium.jpg,jlemos,380818309,Monk Orchid,Plantae,1453469,1,0,2026-07-12 17:03:20,2026-07-12,2026-07-12 21:03:20 UTC,Eastern Time (US & Canada),11,11,,open,false,,,9877282,Julia Lemos,2026-07-12 21:03:36 UTC,2026-07-21 14:43:57 UTC,research,CC-BY-NC,NA,843,false
Eulophia graminea,2026-07-12 09:07:43 -0400,,"Florida, US",29.5713343283,-81.7033763341,,Chinese Crown Orchid,https://www.inaturalist.org/observations/380781390,https://inaturalist-open-data.s3.amazonaws.com/photos/696664822/medium.jpg,brian2186,380781390,Chinese Crown Orchid,Plantae,427629,2,0,2026-07-12 09:07:43,2026-07-12,2026-07-12 13:07:43 UTC,Eastern Time (US & Canada),4,29483,obscured,,true,,,6100596,,2026-07-12 19:17:57 UTC,2026-07-13 04:17:04 UTC,research,CC-BY-NC-ND,NA,843,false
Eulophia maculata,2026-07-11 14:41:28 -0300,,"Pirassununga, SP, Brasil",-22.038471,-47.534714,,Monk Orchid,https://www.inaturalist.org/observations/380704921,https://inaturalist-open-data.s3.amazonaws.com/photos/696520362/medium.jpg,rogeriomachado,380704921,Orquídea-monge,Plantae,1453469,1,0,2026-07-11 14:41:28,2026-07-11,2026-07-11 17:41:28 UTC,Brasilia,NA,NA,,open,false,gps,gps,1436849,Rogério Machado,2026-07-12 15:51:20 UTC,2026-07-13 04:15:42 UTC,research,,NA,2,false
Eulophia picta,2026-07-12 12:20:25 +0800,,"臺灣島, 恆春鎮, 屏東縣, TW",21.992645,120.7693716667,,Shepherd's Crook Orchid,https://www.inaturalist.org/observations/380669716,https://inaturalist-open-data.s3.amazonaws.com/photos/696452085/medium.jpg,rain999777,380669716,垂頭地寶蘭,Plantae,1598926,3,0,2026-07-12 12:20:25+08:00,2026-07-12,2026-07-12 04:20:25 UTC,Taipei,6,6,,,false,,,8920585,,2026-07-12 14:05:55 UTC,2026-08-15 14:38:34 UTC,research,CC-BY-NC,NA,3,false
Eulophia picta,2026-07-12 12:20:22 +0800,,"臺灣島, 恆春鎮, 屏東縣, TW",21.9926383333,120.7693716667,,Shepherd's Crook Orchid,https://www.inaturalist.org/observations/380669378,https://inaturalist-open-data.s3.amazonaws.com/photos/696451444/medium.jpg,rain999777,380669378,垂頭地寶蘭,Plantae,1598926,3,0,2026-07-12 12:20:22+08:00,2026-07-12,2026-07-12 04:20:22 UTC,Taipei,6,6,,,false,,,8920585,,2026-07-12 14:04:53 UTC,2026-08-15 14:38:22 UTC,research,CC-BY-NC,NA,3,false
Eulophia picta,2026-06-22 16:31:00 +1000,,"Cook, AU-QL, AU",-15.540962853,144.9565845215,,Shepherd's Crook Orchid,https://www.inaturalist.org/observations/380645658,https://inaturalist-open-data.s3.amazonaws.com/photos/696381961/medium.jpg,mypatchofheaven,380645658,Shepherd's Crook Orchid,Plantae,1598926,1,0,2026/06/22 4:31 PM,2026-06-22,2026-06-22 06:31:00 UTC,Brisbane,6,30885,,obscured,true,,,3688494,Michael Tervo,2026-07-12 12:40:01 UTC,2026-07-13 04:28:22 UTC,research,CC-BY,NA,NA,false
Eulophia picta,2026-07-12 16:47:39 +0800,,804台灣高雄市鼓山區M749+4H,22.6543829997,120.2681223,,Shepherd's Crook Orchid,https://www.inaturalist.org/observations/380604732,https://inaturalist-open-data.s3.amazonaws.com/photos/696328898/medium.jpg,ssnp164,380604732,垂頭地寶蘭,Plantae,1598926,1,0,2026-07-12 16:47:39,2026-07-12,2026-07-12 08:47:39 UTC,Taipei,NA,NA,,,false,gps,gps,7635609,洪海瑞,2026-07-12 09:05:44 UTC,2026-07-26 12:20:20 UTC,research,CC-BY-NC,NA,2,false
Eulophia picta,2026-07-12 09:44:01 +1000,,"Queensland, AU",-27.6295031879,153.1768872006,,Shepherd's Crook Orchid,https://www.inaturalist.org/observations/380588138,https://inaturalist-open-data.s3.amazonaws.com/photos/696296143/medium.jpg,gibsonkelly,380588138,Shepherd's Crook Orchid,Plantae,1598926,2,0,2026-07-12 09:44:01,2026-07-12,2026-07-11 23:44:01 UTC,Brisbane,31,29704,,obscured,true,,,7945484,Gibson Kelly,2026-07-12 07:19:12 UTC,2026-07-12 10:49:26 UTC,research,CC-BY-NC,NA,843,false
Eulophia picta,2026-07-12 11:31:53 +1000,,"Queensland, AU",-25.6442408236,152.4382902618,,Shepherd's Crook Orchid,https://www.inaturalist.org/observations/380564326,https://inaturalist-open-data.s3.amazonaws.com/photos/696251164/medium.jpg,tinaraveneau,380564326,Shepherd's Crook Orchid,Plantae,1598926,2,0,2026-07-12 11:31:53,2026-07-12,2026-07-12 01:31:53 UTC,Brisbane,NA,29936,,obscured,true,gps,gps,1914846,Tina Raveneau,2026-07-12 04:46:47 UTC,2026-07-12 06:13:05 UTC,research,CC-BY-NC,NA,2,false
Eulophia picta,2026-07-10 10:19:04 +0800,,"墾丁國家公園, 恆春鎮, 屏東縣, TW",21.956505,120.8222583333,,Shepherd's Crook Orchid,https://www.inaturalist.org/observations/380557208,https://inaturalist-open-data.s3.amazonaws.com/photos/696236838/medium.jpg,buggi,380557208,垂頭地寶蘭,Plantae,1598926,1,0,2026-07-10 10:19:04+08:00,2026-07-10,2026-07-10 02:19:04 UTC,Taipei,453,453,,,false,,,2050414,,2026-07-12 04:06:07 UTC,2026-07-26 12:20:26 UTC,research,CC-BY-NC,NA,3,false
Eulophia maculata,2026-07-10 16:22:50 -0600,,"Orange Walk District, Belize",17.8395353,-89.0223763,,Monk Orchid,https://www.inaturalist.org/observations/380395868,https://inaturalist-open-data.s3.amazonaws.com/photos/695922077/medium.jpg,ndhaan,380395868,Monk Orchid,Plantae,1453469,2,0,2026-07-10 16:22:50,2026-07-10,2026-07-10 22:22:50 UTC,America/Belize,NA,NA,,open,false,gps,gps,9354914,Niels de Haan,2026-07-11 18:06:49 UTC,2026-07-12 04:38:27 UTC,research,CC-BY-NC,NA,2,false
Eulophia maculata,2026-07-08 15:34:20 +0200,,ZM,-17.8332904848,25.3681634837,,Monk Orchid,https://www.inaturalist.org/observations/380367032,https://inaturalist-open-data.s3.amazonaws.com/photos/695866724/medium.jpg,yakovsabag,380367032,Monk Orchid,Plantae,1453469,2,0,2026-07-08 15:34:20+02:00,2026-07-08,2026-07-08 13:34:20 UTC,Africa/Lusaka,20,20,,open,false,,,229602,,2026-07-11 16:39:36 UTC,2026-07-28 14:36:57 UTC,research,CC-BY-NC,NA,3,false
Eulophia maculata,2026-07-09 16:05:16 -0300,,"Tupaciguara - MG, 38430-000, Brasil",-18.5034116756,-48.91429279,,Monk Orchid,https://www.inaturalist.org/observations/380363931,https://inaturalist-open-data.s3.amazonaws.com/photos/695860230/medium.jpg,marlucegomes,380363931,Orquídea-monge,Plantae,1453469,1,0,2026-07-09 16:05:16,2026-07-09,2026-07-09 19:05:16 UTC,Brasilia,34,34,,open,false,gps,gps,9726851,Marluce Gomes Oliveira,2026-07-11 16:30:52 UTC,2026-07-12 04:41:10 UTC,research,CC-BY-NC,NA,2,false
Eulophia picta,2026-07-01 13:33:58 +1000,,"Queensland, AU",-21.0752353698,148.7638803338,,Shepherd's Crook Orchid,https://www.inaturalist.org/observations/380262756,https://inaturalist-open-data.s3.amazonaws.com/photos/695675497/medium.jpg,isaiahfindley,380262756,Shepherd's Crook Orchid,Plantae,1598926,1,0,2026-07-01 13:33:58,2026-07-01,2026-07-01 03:33:58 UTC,Brisbane,NA,30415,,obscured,true,gps,gps,2529729,Isaiah Findley,2026-07-11 10:08:28 UTC,2026-07-13 04:35:51 UTC,research,CC0,NA,2,false
Eulophia parviflora,2015-07-11 10:28:00 +0200,,"Oribi Flats #2, South Africa",-30.6577541751,30.251889469,,Mini Harlequin,https://www.inaturalist.org/observations/380260502,https://inaturalist-open-data.s3.amazonaws.com/photos/695670359/medium.jpg,graham_g,380260502,Mini Harlequin,Plantae,577769,1,0,2015/07/11 10:28 AM,2015-07-11,2015-07-11 08:28:00 UTC,Pretoria,250,250,,open,false,,,748380,,2026-07-11 09:53:34 UTC,2026-07-12 04:53:09 UTC,research,CC-BY-NC,NA,NA,false
Eulophia parviflora,2015-06-18 12:51:00 +0200,,"Red Desert Nature Reserve, Port Edward, South Africa",-31.0662382167,30.1911005667,,Mini Harlequin,https://www.inaturalist.org/observations/380255334,https://inaturalist-open-data.s3.amazonaws.com/photos/695660815/medium.jpg,graham_g,380255334,Mini Harlequin,Plantae,577769,1,0,2015/06/18 12:51 PM,2015-06-18,2015-06-18 10:51:00 UTC,Pretoria,200,200,,open,false,,,748380,,2026-07-11 09:23:20 UTC,2026-07-13 04:36:19 UTC,research,CC-BY-NC,NA,NA,false
Eulophia picta,2026-07-07 10:54:08 +0800,,,22.3043790982,114.2308509452,,Shepherd's Crook Orchid,https://www.inaturalist.org/observations/380246235,https://inaturalist-open-data.s3.amazonaws.com/photos/695642753/medium.jpg,casperliao,380246235,垂頭地寶蘭,Plantae,1598926,1,0,2026-07-07 10:54:08,2026-07-07,2026-07-07 02:54:08 UTC,Hong Kong,1759,30298,obscured,,true,gps,gps,6463606,Casper,2026-07-11 08:25:22 UTC,2026-07-11 10:48:42 UTC,research,CC-BY-NC,NA,2,false
Eulophia graminea,2021-07-14 01:43:00 +0530,,"Thengamam, Kerala, India",9.1216228,76.6614853,,Chinese Crown Orchid,https://www.inaturalist.org/observations/380231762,https://inaturalist-open-data.s3.amazonaws.com/photos/695614473/medium.jpg,manthottam,380231762,Chinese Crown Orchid,Plantae,427629,1,0,2021/07/14 1:43 AM,2021-07-14,2021-07-13 20:13:00 UTC,New Delhi,2189,2189,,,false,,,8335673,Joseph Thomas,2026-07-11 06:51:51 UTC,2026-07-11 11:16:49 UTC,research,CC-BY-NC,NA,NA,false
Eulophia picta,2026-07-10 16:18:05 +1000,,"Queensland, AU",-18.1733142469,145.8374301253,,Shepherd's Crook Orchid,https://www.inaturalist.org/observations/380200571,https://inaturalist-open-data.s3.amazonaws.com/photos/695554222/medium.jpg,iandickie,380200571,Shepherd's Crook Orchid,Plantae,1598926,1,0,2026-07-10 16:18:05,2026-07-10,2026-07-10 06:18:05 UTC,Brisbane,55,30683,,obscured,true,,,56930,Ian Dickie,2026-07-11 03:31:30 UTC,2026-07-11 06:28:54 UTC,research,CC-BY,NA,843,false
Eulophia maculata,2026-07-10 09:21:26 -0300,,"ES-060 Rod. do Sol, km 37,8 norte - Parque Estadual Paulo Cesar Vinha - Praia de Setiba, Guarapari - ES, Brasil",-20.6026592671,-40.4260547832,,Monk Orchid,https://www.inaturalist.org/observations/380136790,https://inaturalist-open-data.s3.amazonaws.com/photos/695425260/medium.jpg,ester_p,380136790,Orquídea-monge,Plantae,1453469,1,0,2026-07-10 09:21:26,2026-07-10,2026-07-10 12:21:26 UTC,Brasilia,9,9,,open,false,gps,gps,2315128,Ester A. Patricio,2026-07-10 22:32:26 UTC,2026-07-11 11:55:06 UTC,research,CC-BY-NC-SA,NA,2,false
Eulophia speciosa,2026-07-10 13:17:32 +0200,,"Great Kei Local Municipality, South Africa",-32.7075178997,28.3459271,,Golden Harlequin,https://www.inaturalist.org/observations/379997249,https://static.inaturalist.org/photos/695151999/medium.jpg,nubigenus,379997249,Eulophia speciosa,Plantae,140704,2,0,2026-07-10 13:17:32,2026-07-10,2026-07-10 11:17:32 UTC,Pretoria,NA,NA,,open,false,gps,gps,3958502,Camilla Rose Christie,2026-07-10 14:01:56 UTC,2026-09-29 09:50:47 UTC,research,,NA,2,false
Eulophia caricifolia,2026-07-09 15:47:42 +0100,,"Mbomo, Odzala-Kokoua, CG-CO, CG",0.5815731964,14.9329245018,,,https://www.inaturalist.org/observations/379917370,https://inaturalist-open-data.s3.amazonaws.com/photos/694999249/medium.jpg,stive_massala_boukongo,379917370,Eulophia caricifolia,Plantae,466817,4,1,2026-07-09 15:47:42,2026-07-09,2026-07-09 14:47:42 UTC,Africa/Brazzaville,4,4,,,false,,,9392534,Stive MASSALA BOUKONGO,2026-07-10 06:04:55 UTC,2026-07-20 16:00:04 UTC,research,CC-BY-NC,NA,843,false
Eulophia nuda,2026-06-29 13:52:26 +0800,,"VF85+QQ2 Kandungaw Peak, Badian, Cebu, Philippines",9.8694051997,123.4607318,,Grass Orchid,https://www.inaturalist.org/observations/379911603,https://inaturalist-open-data.s3.amazonaws.com/photos/694987000/medium.jpg,minjel,379911603,Grass Orchid,Plantae,1396480,1,0,2026-06-29 13:52:26,2026-06-29,2026-06-29 05:52:26 UTC,Asia/Manila,NA,NA,,,false,gps,gps,8361613,Minjel Mae Zaragosa,2026-07-10 05:22:24 UTC,2026-07-10 12:53:00 UTC,research,CC-BY-NC,NA,2,false
Eulophia graminea,2026-07-10 10:15:15 +0700,,"XP65+X6, Letung, Jemaja, Kepulauan Anambas Regency, Riau Islands 29792, Indonesia",2.9630788655,105.706872493,,Chinese Crown Orchid,https://www.inaturalist.org/observations/379893936,https://static.inaturalist.org/photos/694952025/medium.jpg,saka29,379893936,Chinese Crown Orchid,Plantae,427629,1,0,2026-07-10 10:15:15,2026-07-10,2026-07-10 03:15:15 UTC,Jakarta,484,484,,,false,gps,gps,3277002,saka,2026-07-10 03:36:53 UTC,2026-07-17 02:38:36 UTC,research,,NA,2,false
Eulophia maculata,2026-07-09 17:08:54 -0300,,"Jundiaí, SP, BR",-23.2218833333,-46.8927616667,,Monk Orchid,https://www.inaturalist.org/observations/379882119,https://static.inaturalist.org/photos/694929295/medium.jpg,luisfelipe4,379882119,Orquídea-monge,Plantae,1453469,1,0,2026-07-09 17:08:54,2026-07-09,2026-07-09 20:08:54 UTC,Brasilia,6,6,,open,false,,,865087,Luis Felipe Teixeira,2026-07-10 02:35:11 UTC,2026-07-10 04:52:51 UTC,research,,NA,843,false
Eulophia picta,2026-07-10 08:35:29 +0800,,"壽山國家自然公園, 鼓山區, 高雄市, TW",22.65418542,120.2685489133,,Shepherd's Crook Orchid,https://www.inaturalist.org/observations/379857422,https://inaturalist-open-data.s3.amazonaws.com/photos/694882565/medium.jpg,ssnp210,379857422,垂頭地寶蘭,Plantae,1598926,1,0,2026-07-10 08:35:29+08:00,2026-07-10,2026-07-10 00:35:29 UTC,Taipei,42,42,,,false,,,7143984,,2026-07-10 00:39:41 UTC,2026-07-26 12:20:35 UTC,research,CC-BY-NC,NA,3,false
Eulophia graminea,2026-06-09 10:00:38 -0500,,"Texas, US",29.6391300029,-95.5263256825,,Chinese Crown Orchid,https://www.inaturalist.org/observations/379799145,https://inaturalist-open-data.s3.amazonaws.com/photos/694765276/medium.jpg,regentofthesun,379799145,Chinese Crown Orchid,Plantae,427629,2,0,2026-06-09 10:00:38,2026-06-09,2026-06-09 15:00:38 UTC,Central Time (US & Canada),198,29458,obscured,,true,,,1920777,Tom,2026-07-09 20:30:42 UTC,2026-07-10 05:04:01 UTC,research,CC-BY-NC,NA,843,false
Eulophia graminea,2026-06-09 09:58:49 -0500,,"Texas, US",29.7889324669,-95.4254510023,,Chinese Crown Orchid,https://www.inaturalist.org/observations/379799125,https://inaturalist-open-data.s3.amazonaws.com/photos/694765213/medium.jpg,regentofthesun,379799125,Chinese Crown Orchid,Plantae,427629,1,0,2026-06-09 09:58:49,2026-06-09,2026-06-09 14:58:49 UTC,Central Time (US & Canada),317,29458,obscured,,true,,,1920777,Tom,2026-07-09 20:30:36 UTC,2026-07-10 05:03:54 UTC,research,CC-BY-NC,NA,843,false
Eulophia graminea,2026-07-09 09:36:09 -0400,,"NW Saint Lucie West Blvd, Port Saint Lucie, FL, US",27.313205,-80.39978,,Chinese Crown Orchid,https://www.inaturalist.org/observations/379681602,https://static.inaturalist.org/photos/694542471/medium.jpg,haneul_,379681602,エダウチヤガラ,Plantae,427629,2,0,2026-07-09 09:36:09-04:00,2026-07-09,2026-07-09 13:36:09 UTC,Eastern Time (US & Canada),3,3,,,false,,,8897779,haneul_,2026-07-09 13:38:31 UTC,2026-07-10 17:21:57 UTC,research,,NA,3,false
Eulophia graminea,2026-07-09 09:32:52 -0400,,"Miami, FL, US",25.7379392105,-80.152216643,,Chinese Crown Orchid,https://www.inaturalist.org/observations/379680614,https://inaturalist-open-data.s3.amazonaws.com/photos/694540623/medium.jpg,pikachutrain,379680614,Chinese Crown Orchid,Plantae,427629,3,0,2026-07-09 09:32:52,2026-07-09,2026-07-09 13:32:52 UTC,Eastern Time (US & Canada),96,96,,,false,,,10426056,Henry Chu,2026-07-09 13:34:29 UTC,2026-07-13 02:34:33 UTC,research,CC-BY-NC,NA,843,false
Eulophia graminea,2026-07-09 13:22:47 +0800,,Taiwan,24.838285957,121.5389129797,,Chinese Crown Orchid,https://www.inaturalist.org/observations/379667689,https://inaturalist-open-data.s3.amazonaws.com/photos/694514757/medium.jpg,cjy7,379667689,美冠蘭,Plantae,427629,1,0,2026-07-09 13:22:47+08:00,2026-07-09,2026-07-09 05:22:47 UTC,Taipei,14,30025,,obscured,true,,,6593059,,2026-07-09 12:37:05 UTC,2026-07-10 01:21:04 UTC,research,CC-BY-NC,NA,3,false
Eulophia bolusii,2020-09-19 18:27:13 +0200,,"Betty's Bay, 7141, South Africa",-34.3705259274,18.8802161068,,Upside-down Sandy Cinderella Orchid,https://www.inaturalist.org/observations/379625471,https://inaturalist-open-data.s3.amazonaws.com/photos/694433028/medium.jpg,flamelily,379625471,Upside-down Sandy Cinderella Orchid,Plantae,1453534,4,0,2020-09-19 18:27:13,2020-09-19,2020-09-19 16:27:13 UTC,Pretoria,78,78,,open,false,gps,gps,944243,,2026-07-09 08:11:15 UTC,2026-07-21 18:21:55 UTC,research,CC0,NA,2,false
Eulophia graminea,2026-07-09 13:24:35 +0800,,Taiwan,24.8413260987,121.5461509128,,Chinese Crown Orchid,https://www.inaturalist.org/observations/379611198,https://inaturalist-open-data.s3.amazonaws.com/photos/694406279/medium.jpg,cjy7,379611198,美冠蘭,Plantae,427629,2,0,2026-07-09 13:24:35+08:00,2026-07-09,2026-07-09 05:24:35 UTC,Taipei,14,30025,,obscured,true,,,6593059,,2026-07-09 06:31:24 UTC,2026-07-09 11:57:00 UTC,research,CC-BY-NC,NA,3,false
Eulophia picta,2026-07-09 13:53:14 +0800,,"臺灣島, 六龜區, 高雄市, TW",23.0571696912,120.6582620135,,Shepherd's Crook Orchid,https://www.inaturalist.org/observations/379606462,https://inaturalist-open-data.s3.amazonaws.com/photos/694397039/medium.jpg,fengchung,379606462,垂頭地寶蘭,Plantae,1598926,2,0,2026-07-09 13:53:14+08:00,2026-07-09,2026-07-09 05:53:14 UTC,Taipei,38992,38992,,,false,,,3802241,,2026-07-09 05:55:31 UTC,2026-07-09 11:48:46 UTC,research,CC-BY-NC,NA,3,false
Eulophia graminea,2026-07-09 08:44:56 +0800,,云南省西双版纳傣族自治州景洪市曼弄枫,21.980245,100.803618,,Chinese Crown Orchid,https://www.inaturalist.org/observations/379556764,https://inaturalist-open-data.s3.amazonaws.com/photos/694317418/medium.jpg,liboheng_reborn,379556764,美冠兰,Plantae,427629,1,0,2026-07-09 08:44:56,2026-07-09,2026-07-09 00:44:56 UTC,Beijing,NA,NA,,,false,gps,gps,6699689,李博恒,2026-07-09 01:15:03 UTC,2026-09-10 04:49:54 UTC,research,CC-BY-NC,NA,2,false
Eulophia maculata,2025-11-09 17:47:00 -0300,especie exótica invasora,"041104 Itati, Paraguay",-25.7520916667,-56.2958944444,,Monk Orchid,https://www.inaturalist.org/observations/379538433,https://inaturalist-open-data.s3.amazonaws.com/photos/694163754/medium.jpg,raulrivarola,379538433,Orquídea monja africana,Plantae,1453469,2,0,2025/11/09 5:47 PM,2025-11-09,2025-11-09 20:47:00 UTC,America/Asuncion,5,5,,open,false,,,9959338,Homo paraguayensis,2026-07-08 23:53:04 UTC,2026-07-09 05:20:21 UTC,research,CC-BY-NC,NA,NA,false
Eulophia graminea,2026-07-08 18:17:10 -0400,,"Lealman, FL, USA",27.8165806,-82.7063565,,Chinese Crown Orchid,https://www.inaturalist.org/observations/379515898,https://inaturalist-open-data.s3.amazonaws.com/photos/694217369/medium.jpg,bozeman-birder,379515898,Eulophia graminea,Plantae,427629,2,0,2026-07-08 18:17:10,2026-07-08,2026-07-08 22:17:10 UTC,Eastern Time (US & Canada),65,65,,,false,,,5951666,Christopher Nixon,2026-07-08 22:20:20 UTC,2026-07-09 05:19:44 UTC,research,CC-BY-NC,NA,2,false
Eulophia maculata,2025-09-19 15:32:00 -0300,"especie exótica invasora, creciendo en borde de terreno","Zárate Isla, 110901 Luque, Paraguay",-25.2344583333,-57.5053944444,,Monk Orchid,https://www.inaturalist.org/observations/379449755,https://inaturalist-open-data.s3.amazonaws.com/photos/693943461/medium.jpg,raulrivarola,379449755,Orquídea monja africana,Plantae,1453469,1,0,2025/09/19 3:32 PM,2025-09-19,2025-09-19 18:32:00 UTC,America/Asuncion,5,5,,open,false,,,9959338,Homo paraguayensis,2026-07-08 18:26:24 UTC,2026-07-09 02:09:44 UTC,research,CC-BY-NC,NA,NA,false
Eulophia speciosa,2025-12-22 10:35:11 +0200,,"Bo Langvlei Road, Wilderness, Western Cape, ZA",-33.9848883333,22.6493633333,,Golden Harlequin,https://www.inaturalist.org/observations/379404858,https://inaturalist-open-data.s3.amazonaws.com/photos/694006127/medium.jpg,justin_p,379404858,Golden Harlequin,Plantae,140704,3,0,2025-12-22 10:35:11,2025-12-22,2025-12-22 08:35:11 UTC,Pretoria,11,11,,open,false,,,1030272,Justin Ponder,2026-07-08 15:46:56 UTC,2026-07-21 18:12:15 UTC,research,CC-BY,NA,843,false
Eulophia maculata,2026-07-06 15:25:38 -0600,,"96373 Ver., México",17.9672331997,-94.2868476,,Monk Orchid,https://www.inaturalist.org/observations/379352228,https://inaturalist-open-data.s3.amazonaws.com/photos/693908060/medium.jpg,erickaceae_98,379352228,Eulophia maculata,Plantae,1453469,1,0,2026-07-06 15:25:38,2026-07-06,2026-07-06 21:25:38 UTC,Mexico City,NA,NA,,open,false,gps,gps,608757,Erick Vélez Sánchez,2026-07-08 12:20:18 UTC,2026-07-09 12:11:24 UTC,research,CC-BY,NA,2,false
Eulophia picta,2026-07-05 15:45:50 +1000,,"Queensland, AU",-27.6662299141,153.2580890664,,Shepherd's Crook Orchid,https://www.inaturalist.org/observations/379349027,https://static.inaturalist.org/photos/693901749/medium.jpg,mareemanby,379349027,Shepherd's Crook Orchid,Plantae,1598926,4,0,2026-07-05 15:45:50,2026-07-05,2026-07-05 05:45:50 UTC,Brisbane,NA,29704,obscured,obscured,true,gps,gps,2471848,Maree Manby,2026-07-08 12:04:10 UTC,2026-07-09 12:11:39 UTC,research,,NA,2,false
Eulophia graminea,2026-07-08 19:42:41 +0800,,云南省西双版纳傣族自治州景洪市江北,22.010581,100.818309,,Chinese Crown Orchid,https://www.inaturalist.org/observations/379346069,https://inaturalist-open-data.s3.amazonaws.com/photos/693895808/medium.jpg,liboheng_reborn,379346069,美冠兰,Plantae,427629,2,0,2026-07-08 19:42:41,2026-07-08,2026-07-08 11:42:41 UTC,Beijing,NA,NA,,,false,gps,gps,6699689,李博恒,2026-07-08 11:47:12 UTC,2026-09-10 04:50:04 UTC,research,CC-BY-NC,NA,2,false
Eulophia picta,2026-07-03 11:38:41 +1000,,"Queensland, AU",-25.1179160393,152.2865898488,,Shepherd's Crook Orchid,https://www.inaturalist.org/observations/379301631,https://inaturalist-open-data.s3.amazonaws.com/photos/693810479/medium.jpg,maxtweddell,379301631,Shepherd's Crook Orchid,Plantae,1598926,2,0,2026-07-03 11:38:41,2026-07-03,2026-07-03 01:38:41 UTC,Brisbane,NA,30003,,obscured,true,gps,gps,1667225,Max Tweddell,2026-07-08 06:37:37 UTC,2026-07-08 10:59:23 UTC,research,CC0,NA,2,false
Eulophia picta,2026-07-05 12:12:46 +1000,,Australia,-27.9811472485,153.5693731513,,Shepherd's Crook Orchid,https://www.inaturalist.org/observations/379274915,https://static.inaturalist.org/photos/693756567/medium.jpg,caroline460,379274915,Shepherd's Crook Orchid,Plantae,1598926,1,0,2026-07-05 12:12:46,2026-07-05,2026-07-05 02:12:46 UTC,Brisbane,5,29680,,obscured,true,,,2650527,Caroline Kelly,2026-07-08 03:34:32 UTC,2026-07-08 04:34:23 UTC,research,,NA,843,false
Eulophia alta,2018-03-14 13:08:00 -0400,"Eulophia alta, embora não esteja registrada como ocorrência confirmada, tampouco como possível ocorrência para Rondônia, de acordo com a Flora e Funga do Brasil, ocorre em todo o estado, sempre em áreas antropizadas.

Os maiores agrupamentos da espécie são observados em beiras de estradas, aceiros de cercas, pomares e pastagens antigas abandonadas (capoeiras).

Assim como a maioria dos gêneros terrícolas, como Habenaria, Cleistes, dentre outros, durante a estação chuvosa a espécie emite sua parte vegetativa juntamente com as hastes florais. Na estação seca, desaparece completamente, repetindo seu ciclo no ano seguinte.

Ao longo dos anos, avistei a espécie pouquíssimas vezes em áreas de vegetação rasteira no interior de cerrados e savanas.

Produz numerosas flores desprovidas de perfume.

Em Rondônia, floresce entre os meses de março e abril.
","Pimenta Bueno, RO, BR",-11.6913524994,-61.2281056816,,Wild Coco,https://www.inaturalist.org/observations/379236651,https://inaturalist-open-data.s3.amazonaws.com/photos/693678995/medium.jpg,ricardo_delazari,379236651,,Plantae,162776,1,0,2018-03-14T13:08,2018-03-14,2018-03-14 17:08:00 UTC,America/Porto_Velho,29,29,,,false,,,10555178,José Ricardo da Silva Delazari,2026-07-08 00:25:49 UTC,2026-07-08 04:46:29 UTC,research,CC-BY-NC,NA,843,false
Eulophia graminea,2026-07-07 12:09:04 -0400,,"20th St, Vero Beach, FL, US",27.638555,-80.5090866667,,Chinese Crown Orchid,https://www.inaturalist.org/observations/379202808,https://inaturalist-open-data.s3.amazonaws.com/photos/693613563/medium.jpg,jimw3,379202808,Chinese Crown Orchid,Plantae,427629,3,0,2026-07-07 12:09:04-04:00,2026-07-07,2026-07-07 16:09:04 UTC,Eastern Time (US & Canada),3,3,,,false,,,98904,James K. Wetterer,2026-07-07 21:53:34 UTC,2026-07-08 05:40:29 UTC,research,CC-BY-NC,NA,3,false
Eulophia maculata,2026-07-04 08:17:47 -0400,,"Dover, FL 33527, USA",27.9564878997,-82.2190724,,Monk Orchid,https://www.inaturalist.org/observations/379171497,https://inaturalist-open-data.s3.amazonaws.com/photos/693552515/medium.jpg,mark42960,379171497,Monk Orchid,Plantae,1453469,2,0,2026-07-04 08:17:47,2026-07-04,2026-07-04 12:17:47 UTC,Eastern Time (US & Canada),NA,NA,,open,false,gps,gps,9933041,Mark Jacobs,2026-07-07 19:56:40 UTC,2026-07-08 02:32:28 UTC,research,CC-BY-NC,NA,2,false
Eulophia maculata,2025-11-18 09:31:08 -0600,,"PQ9W+R7F, San Salvador, El Salvador",13.719526728,-89.2043806985,,Monk Orchid,https://www.inaturalist.org/observations/379147908,https://inaturalist-open-data.s3.amazonaws.com/photos/693701471/medium.jpg,varo4,379147908,Orquídea monja africana,Plantae,1453469,3,0,2025-11-18 09:31:08,2025-11-18,2025-11-18 15:31:08 UTC,America/El_Salvador,7,7,,open,false,,,10481074,varo 845,2026-07-07 18:35:08 UTC,2026-07-08 04:54:09 UTC,research,CC-BY-NC,NA,2,false
Eulophia maculata,2025-01-26 11:19:00 -0300,especie exótica invasora,"Naranjaisy, Paraguay",-25.5204527778,-57.5061194444,,Monk Orchid,https://www.inaturalist.org/observations/379087862,https://inaturalist-open-data.s3.amazonaws.com/photos/693332038/medium.jpg,raulrivarola,379087862,Orquídea monja africana,Plantae,1453469,2,0,2025/01/26 11:19 AM,2025-01-26,2025-01-26 14:19:00 UTC,America/Asuncion,12,12,,open,false,,,9959338,Homo paraguayensis,2026-07-07 15:03:18 UTC,2026-07-08 04:54:00 UTC,research,CC-BY-NC,NA,NA,false
Eulophia maculata,2026-07-07 09:13:56 -0400,,"Colby Ln, Lake Helen, FL, US",28.9658666667,-81.2341916667,,Monk Orchid,https://www.inaturalist.org/observations/379084515,https://inaturalist-open-data.s3.amazonaws.com/photos/693386592/medium.jpg,hoodoogirl,379084515,Monk Orchid,Plantae,1453469,1,0,2026-07-07 09:13:56,2026-07-07,2026-07-07 13:13:56 UTC,Eastern Time (US & Canada),4,4,,open,false,,,10008203,,2026-07-07 14:51:04 UTC,2026-07-08 04:48:31 UTC,research,CC-BY-NC,NA,843,false
Eulophia graminea,2026-06-23 10:03:06 -0400,,"SW 88th Ct, Cutler Bay, FL, US",25.59435,-80.3346333333,,Chinese Crown Orchid,https://www.inaturalist.org/observations/379074254,https://static.inaturalist.org/photos/693368610/medium.jpg,riki_in_the_wild,379074254,Chinese Crown Orchid,Plantae,427629,1,0,2026-06-23 10:03:06-04:00,2026-06-23,2026-06-23 14:03:06 UTC,Eastern Time (US & Canada),4,4,,,false,,,4132991,Riki Bonnema,2026-07-07 14:17:53 UTC,2026-07-08 02:32:57 UTC,research,,NA,3,false
Eulophia speciosa,2026-07-07 12:24:45 +0200,,"Kei Mouth, 5260, South Africa",-32.6808819997,28.3821538997,,Golden Harlequin,https://www.inaturalist.org/observations/379049822,https://static.inaturalist.org/photos/693322080/medium.jpg,nubigenus,379049822,Eulophia speciosa,Plantae,140704,1,0,2026-07-07 12:24:45,2026-07-07,2026-07-07 10:24:45 UTC,Pretoria,NA,NA,,open,false,gps,gps,3958502,Camilla Rose Christie,2026-07-07 12:37:16 UTC,2026-09-29 09:50:52 UTC,research,,NA,2,false
Eulophia streptopetala,2019-10-25 15:29:00 +0300,,"Imalilo Ridge, Igumbilo Ranch, Makete, Tanzania",-9.2064715215,34.3381086934,,Twisted Harlequin,https://www.inaturalist.org/observations/379044199,https://static.inaturalist.org/photos/693310016/medium.jpg,davidmoyer,379044199,Twisted Harlequin,Plantae,543627,2,0,2019/10/25 3:29 PM,2019-10-25,2019-10-25 12:29:00 UTC,Nairobi,546,546,,,false,,,51932,David Moyer,2026-07-07 12:08:31 UTC,2026-07-21 10:56:51 UTC,research,CC-BY-NC-SA,NA,NA,false
Eulophia hians nutans,2019-01-27 16:32:00 +0300,,"Western Ridge, Igumbilo Ranch, Makete, Tanzania",-9.1956704181,34.2857665884,,Drooping-Yawning Harlequin,https://www.inaturalist.org/observations/379043657,https://static.inaturalist.org/photos/693309486/medium.jpg,davidmoyer,379043657,Drooping-Yawning Harlequin,Plantae,599260,1,0,2019/01/27 4:32 PM,2019-01-27,2019-01-27 13:32:00 UTC,Nairobi,31,31,,,false,,,51932,David Moyer,2026-07-07 12:05:51 UTC,2026-07-08 12:07:41 UTC,research,CC-BY-NC-SA,NA,NA,false
Eulophia ovalis,2019-12-29 14:33:00 +0300,DCMoyer 262,"Igumbilo Ridge, Makete, Tanzania",-9.2104542023,34.3027925497,,Courting Harlequin,https://www.inaturalist.org/observations/379043416,https://static.inaturalist.org/photos/693309054/medium.jpg,davidmoyer,379043416,Courting Harlequin,Plantae,585544,1,0,2019/12/29 2:33 PM,2019-12-29,2019-12-29 11:33:00 UTC,Nairobi,66,66,,,false,,,51932,David Moyer,2026-07-07 12:04:42 UTC,2026-07-08 12:07:14 UTC,research,CC-BY-NC-SA,NA,NA,false
Eulophia odontoglossa,2023-01-01 12:25:00 +0300,,"Western Ridge, Igumbilo Ranch, Makete, Tanzania",-9.1956704181,34.2857665884,,Toothtongue Harlequin,https://www.inaturalist.org/observations/379042180,https://static.inaturalist.org/photos/693306682/medium.jpg,davidmoyer,379042180,Toothtongue Harlequin,Plantae,1078524,1,0,2023/01/01 12:25 PM,2023-01-01,2023-01-01 09:25:00 UTC,Nairobi,31,31,,,false,,,51932,David Moyer,2026-07-07 11:58:06 UTC,2026-07-08 12:04:31 UTC,research,CC-BY-NC-SA,NA,NA,false
Eulophia welwitschii,2025-01-20 12:26:00 +0300,,"Iringa, TZ",-8.0998719235,35.5007160954,,Banana Orchid,https://www.inaturalist.org/observations/379010946,https://inaturalist-open-data.s3.amazonaws.com/photos/693247284/medium.jpg,tomehrstrom,379010946,Eulophia welwitschii,Plantae,1081394,1,0,2025-01-20 11:26:00+02:00,2025-01-20,2025-01-20 09:26:00 UTC,Nairobi,22,22,,,false,,,6957081,,2026-07-07 08:31:05 UTC,2026-07-11 12:40:34 UTC,research,CC-BY-NC,NA,3,false
Eulophia petersii,2026-07-04 13:12:00 +0200,,"Mucheka Cave, Murehwa, Zimbabwe",-17.5698,31.64053,,Garden Harlequin,https://www.inaturalist.org/observations/379005367,https://inaturalist-open-data.s3.amazonaws.com/photos/693234159/medium.jpg,glennstockil,379005367,Garden Harlequin,Plantae,489945,1,0,2026/07/04 1:12 PM,2026-07-04,2026-07-04 11:12:00 UTC,Harare,NA,NA,,,false,,,3683633,GLENN STOCKIL,2026-07-07 07:49:33 UTC,2026-07-07 12:17:09 UTC,research,CC-BY-NC,NA,NA,false
Eulophia picta,2026-07-07 11:11:06 +1000,"In coastal heath near swamp
","New South Wales, AU",-29.668570172,153.2457869673,,Shepherd's Crook Orchid,https://www.inaturalist.org/observations/378960224,https://inaturalist-open-data.s3.amazonaws.com/photos/693146437/medium.jpg,lisa-bird,378960224,Shepherd's Crook Orchid,Plantae,1598926,2,0,2026-07-07 11:11:06+10:00,2026-07-07,2026-07-07 01:11:06 UTC,Sydney,60,29458,,obscured,true,,,3805335,Lisa Hickman,2026-07-07 02:51:37 UTC,2026-07-07 06:08:12 UTC,research,CC-BY-NC,NA,3,false
Eulophia ensata,2026-06-13 09:59:58 +0200,,"Thaba Chweu Local Municipality, South Africa",-24.6049734281,30.815606676,,Sword Harlequin,https://www.inaturalist.org/observations/378845976,https://static.inaturalist.org/photos/692919901/medium.jpg,lc_three,378845976,Sword Harlequin,Plantae,578692,1,0,2026-06-13 09:59:58,2026-06-13,2026-06-13 07:59:58 UTC,Pretoria,4,4,,open,false,gps,gps,1108879,,2026-07-06 19:05:17 UTC,2026-07-07 00:19:31 UTC,research,,NA,2,false
Eulophia graminea,2026-07-06 11:34:55 -0500,Bulb pulled. Probably others around it ,"Uptown Park Blvd, Houston, TX, US",29.7554916667,-95.4568033333,,Chinese Crown Orchid,https://www.inaturalist.org/observations/378801831,https://inaturalist-open-data.s3.amazonaws.com/photos/692834500/medium.jpg,greenbead,378801831,Chinese Crown Orchid,Plantae,427629,2,0,2026-07-06 11:34:55,2026-07-06,2026-07-06 16:34:55 UTC,Central Time (US & Canada),3,3,,,false,,,7134315,Brady Meadows (Williamson),2026-07-06 16:36:46 UTC,2026-07-07 00:17:31 UTC,research,CC-BY-NC,NA,843,false
Eulophia picta,2026-06-21 16:14:39 +0800,,,22.395404698,114.2106717631,,Shepherd's Crook Orchid,https://www.inaturalist.org/observations/378801524,https://static.inaturalist.org/photos/692834047/medium.jpg,tchiu,378801524,Shepherd's Crook Orchid,Plantae,1598926,1,0,2026-06-21 16:14:39,2026-06-21,2026-06-21 08:14:39 UTC,Hong Kong,NA,30298,obscured,,true,gps,gps,1329964,Thomas.CYH,2026-07-06 16:35:54 UTC,2026-07-15 07:55:09 UTC,research,,NA,2,false
Eulophia maculata,2026-07-03 12:04:09 -0400,,Puerto Rico,18.0456424285,-66.7709545619,,Monk Orchid,https://www.inaturalist.org/observations/378790279,https://inaturalist-open-data.s3.amazonaws.com/photos/692812205/medium.jpg,stevemaldonadosilvestrini,378790279,Orquídea monja africana,Plantae,1453469,3,0,2026-07-03 12:04:09,2026-07-03,2026-07-03 16:04:09 UTC,Puerto Rico,2864,30683,obscured,open,true,,,573470,Steve Maldonado Silvestrini,2026-07-06 15:58:35 UTC,2026-07-23 02:56:06 UTC,research,CC-BY-NC,NA,843,false
Eulophia graminea,2026-07-06 09:03:27 -0400,,"Arbukle Tract Trail, Frostproof, FL, US",27.6958616667,-81.4366833333,,Chinese Crown Orchid,https://www.inaturalist.org/observations/378772392,https://inaturalist-open-data.s3.amazonaws.com/photos/692778617/medium.jpg,skinkorswim2,378772392,Chinese Crown Orchid,Plantae,427629,3,0,2026-07-06 09:03:27-04:00,2026-07-06,2026-07-06 13:03:27 UTC,Eastern Time (US & Canada),2,2,,,false,,,140950,A Clarke,2026-07-06 14:58:11 UTC,2026-07-07 00:30:32 UTC,research,CC-BY-NC,NA,3,false
Eulophia picta,2026-07-03 21:51:02 +0800,,,22.2230554923,114.3809736402,,Shepherd's Crook Orchid,https://www.inaturalist.org/observations/378713077,https://static.inaturalist.org/photos/692668180/medium.jpg,tchiu,378713077,Shepherd's Crook Orchid,Plantae,1598926,1,0,2026-07-03 21:51:02,2026-07-03,2026-07-03 13:51:02 UTC,Hong Kong,NA,30298,obscured,,true,gps,gps,1329964,Thomas.CYH,2026-07-06 10:31:52 UTC,2026-07-15 07:55:09 UTC,research,,NA,2,false
Eulophia picta,2026-07-03 21:59:34 +0800,,,22.288768455,114.2702830232,,Shepherd's Crook Orchid,https://www.inaturalist.org/observations/378712998,https://static.inaturalist.org/photos/692668069/medium.jpg,tchiu,378712998,Shepherd's Crook Orchid,Plantae,1598926,1,0,2026-07-03 21:59:34,2026-07-03,2026-07-03 13:59:34 UTC,Hong Kong,NA,30298,obscured,,true,gps,gps,1329964,Thomas.CYH,2026-07-06 10:31:28 UTC,2026-07-15 07:55:09 UTC,research,,NA,2,false
Eulophia picta,2026-07-03 22:01:04 +0800,,,22.2436274488,114.3529279718,,Shepherd's Crook Orchid,https://www.inaturalist.org/observations/378712938,https://static.inaturalist.org/photos/692667938/medium.jpg,tchiu,378712938,Shepherd's Crook Orchid,Plantae,1598926,1,0,2026-07-03 22:01:04,2026-07-03,2026-07-03 14:01:04 UTC,Hong Kong,NA,30298,obscured,,true,gps,gps,1329964,Thomas.CYH,2026-07-06 10:31:07 UTC,2026-07-15 07:55:09 UTC,research,,NA,2,false
Eulophia picta,2026-07-03 22:01:58 +0800,,,22.2680429598,114.3903202854,,Shepherd's Crook Orchid,https://www.inaturalist.org/observations/378712859,https://static.inaturalist.org/photos/692667818/medium.jpg,tchiu,378712859,Shepherd's Crook Orchid,Plantae,1598926,1,0,2026-07-03 22:01:58,2026-07-03,2026-07-03 14:01:58 UTC,Hong Kong,NA,30298,obscured,,true,gps,gps,1329964,Thomas.CYH,2026-07-06 10:30:46 UTC,2026-07-15 07:55:09 UTC,research,,NA,2,false
Eulophia picta,2026-06-21 09:34:00 +1000,,"Queensland, AU",-27.9591495684,153.3448185707,,Shepherd's Crook Orchid,https://www.inaturalist.org/observations/378622200,https://inaturalist-open-data.s3.amazonaws.com/photos/692483493/medium.jpg,lynsh,378622200,Shepherd's Crook Orchid,Plantae,1598926,1,0,2026/06/21 9:34 AM,2026-06-21,2026-06-20 23:34:00 UTC,Brisbane,4,29680,obscured,obscured,true,,,6224639,,2026-07-06 01:56:28 UTC,2026-07-06 02:09:50 UTC,research,CC-BY-NC,NA,NA,false
Eulophia picta,2026-07-06 08:35:14 +1000,,"Queensland, AU",-23.2946743124,150.5796218557,,Shepherd's Crook Orchid,https://www.inaturalist.org/observations/378571566,https://inaturalist-open-data.s3.amazonaws.com/photos/692391959/medium.jpg,ariana27389,378571566,Shepherd's Crook Orchid,Plantae,1598926,1,0,2026-07-06 08:35:14,2026-07-06,2026-07-05 22:35:14 UTC,Brisbane,4,30196,,obscured,true,,,9596281,Ariana Tognolini,2026-07-05 22:36:07 UTC,2026-07-05 22:56:41 UTC,research,CC-BY-NC,NA,843,false
Eulophia maculata,2026-07-05 02:37:00 -0300,,"Goianápolis - GO, Brasil",-16.534755,-49.1137966667,,Monk Orchid,https://www.inaturalist.org/observations/378389242,https://inaturalist-open-data.s3.amazonaws.com/photos/692040442/medium.jpg,geraldomorais,378389242,Orquídea-monge,Plantae,1453469,1,0,2026/07/05 02:37,2026-07-05,2026-07-05 05:37:00 UTC,Brasilia,NA,NA,,open,false,,,7723906,,2026-07-05 13:38:57 UTC,2026-07-06 03:42:57 UTC,research,CC-BY-NC,NA,NA,false
Eulophia horsfallii,2026-06-25 12:10:26 +0200,,"Rusizi, RW",-2.51549507,29.2661039068,,Purple Vlei Harlequin,https://www.inaturalist.org/observations/378327622,https://inaturalist-open-data.s3.amazonaws.com/photos/691928257/medium.jpg,adelina90349,378327622,Purple Vlei Harlequin,Plantae,502552,2,0,2026-06-25 12:10:26+02:00,2026-06-25,2026-06-25 10:10:26 UTC,Africa/Kigali,6944,6944,,,false,,,9143959,Adelina Mbise,2026-07-05 08:53:50 UTC,2026-07-18 15:09:02 UTC,research,CC-BY-NC,NA,3,false
Eulophia picta,2026-07-02 17:11:04 +0800,,"壽山國家自然公園, 鼓山區, 高雄市, TW",22.6539916667,120.268745,,Shepherd's Crook Orchid,https://www.inaturalist.org/observations/378326328,https://inaturalist-open-data.s3.amazonaws.com/photos/691925544/medium.jpg,s00072,378326328,垂頭地寶蘭,Plantae,1598926,1,0,2026-07-02 17:11:04+08:00,2026-07-02,2026-07-02 09:11:04 UTC,Taipei,98,98,,,false,,,9391662,陳秀敏,2026-07-05 08:45:36 UTC,2026-07-05 09:18:47 UTC,research,CC-BY-NC,NA,3,false
Eulophia graminea,2026-06-13 02:28:05 -0400,Some sprout outside my house screenshotted my instagram post. Couldn’t find my original picture I took,"NW 79th St, Miami, FL, US",25.845053652,-80.2444909587,,Chinese Crown Orchid,https://www.inaturalist.org/observations/378152991,https://inaturalist-open-data.s3.amazonaws.com/photos/692265430/medium.jpg,ailvarof0420,378152991,Chinese Crown Orchid,Plantae,427629,3,0,2026-06-13 02:28:05-04:00,2026-06-13,2026-06-13 06:28:05 UTC,Eastern Time (US & Canada),54,54,,,false,,,6389221,,2026-07-04 19:21:14 UTC,2026-07-10 17:24:45 UTC,research,CC-BY-NC,NA,3,false
Eulophia graminea,2026-07-03 16:47:00 -0500,,"Montgomery, Texas, United States",30.16565278,-95.45667222,,Chinese Crown Orchid,https://www.inaturalist.org/observations/378055003,https://inaturalist-open-data.s3.amazonaws.com/photos/691399573/medium.jpg,drbh2o,378055003,Chinese Crown Orchid,Plantae,427629,1,0,2026/07/03 4:47 PM,2026-07-03,2026-07-03 21:47:00 UTC,Central Time (US & Canada),NA,NA,,,false,,,521220,Matt,2026-07-04 14:14:14 UTC,2026-07-05 04:52:21 UTC,research,CC-BY-NC,NA,NA,false
Eulophia picta,2026-07-04 08:06:43 +1000,,"Queensland, AU",-27.8227068355,153.3588853339,,Shepherd's Crook Orchid,https://www.inaturalist.org/observations/377999145,https://inaturalist-open-data.s3.amazonaws.com/photos/691296239/medium.jpg,lisa-bird,377999145,Shepherd's Crook Orchid,Plantae,1598926,2,0,2026-07-04 08:06:43+10:00,2026-07-04,2026-07-03 22:06:43 UTC,Brisbane,3,29680,,obscured,true,,,3805335,Lisa Hickman,2026-07-04 10:17:15 UTC,2026-07-04 11:15:45 UTC,research,CC-BY-NC,NA,3,false
Eulophia graminea,2026-07-03 17:53:37 -0400,,"John Chesnut Sr. Park, Palm Harbor, FL, US",28.0957993386,-82.7092085541,,Chinese Crown Orchid,https://www.inaturalist.org/observations/377864307,https://inaturalist-open-data.s3.amazonaws.com/photos/691034408/medium.jpg,sueshuman,377864307,Chinese Crown Orchid,Plantae,427629,2,0,2026-07-03 17:53:37-04:00,2026-07-03,2026-07-03 21:53:37 UTC,Eastern Time (US & Canada),561,561,,,false,,,6841912,,2026-07-03 21:55:30 UTC,2026-07-10 20:18:56 UTC,research,CC-BY-NC,NA,3,false
Eulophia graminea,2026-07-03 09:34:58 -0400,Find in the sandbeach,"Chemin du Veloutier Vert, Saint-Jean, BL",17.9034314177,-62.838604666,,Chinese Crown Orchid,https://www.inaturalist.org/observations/377726024,https://inaturalist-open-data.s3.amazonaws.com/photos/690767161/medium.jpg,lacanopee,377726024,Eulophia graminea,Plantae,427629,1,0,2026-07-03 09:34:58,2026-07-03,2026-07-03 13:34:58 UTC,America/St_Barthelemy,18,18,,,false,,,9247695,Florent Cano,2026-07-03 13:35:39 UTC,2026-07-29 01:53:54 UTC,research,CC-BY-NC,NA,843,false
Eulophia picta,2026-07-01 15:31:22 +1000,,"Mirani, AU-QL, AU",-21.0723778468,148.799556295,,Shepherd's Crook Orchid,https://www.inaturalist.org/observations/377676183,https://inaturalist-open-data.s3.amazonaws.com/photos/690673754/medium.jpg,catfood,377676183,Shepherd's Crook Orchid,Plantae,1598926,1,0,2026-07-01 15:31:22,2026-07-01,2026-07-01 05:31:22 UTC,Brisbane,NA,30415,,obscured,true,gps,gps,2505363,Jacob Findley,2026-07-03 08:41:57 UTC,2026-07-03 18:39:43 UTC,research,CC-BY-NC,NA,2,false
Eulophia graminea,2026-06-29 18:43:43 -0400,,"Winter Haven, FL 33881, USA",28.0495245063,-81.7097821087,,Chinese Crown Orchid,https://www.inaturalist.org/observations/377664269,https://inaturalist-open-data.s3.amazonaws.com/photos/690652381/medium.jpg,milkweed_mapper,377664269,Chinese Crown Orchid,Plantae,427629,2,0,2026-06-29 18:43:43,2026-06-29,2026-06-29 22:43:43 UTC,Eastern Time (US & Canada),5,5,,,false,gps,gps,475590,Scott Allen Davis,2026-07-03 07:17:44 UTC,2026-07-03 21:21:58 UTC,research,CC-BY,NA,2,false
Eulophia maculata,2026-07-02 00:00:00 -0300,,YBY Natureza Condomínio Reserva,-5.9306941999,-35.223514773,,Monk Orchid,https://www.inaturalist.org/observations/377578512,https://inaturalist-open-data.s3.amazonaws.com/photos/690484055/medium.jpg,ybynatureza,377578512,Monk Orchid,Plantae,1453469,2,0,2026-07-02,2026-07-02,,America/Fortaleza,210,210,,open,false,gps,gps,6531202,Yby Naturalista,2026-07-02 23:16:56 UTC,2026-07-04 04:43:35 UTC,research,CC-BY-NC,NA,2,false
Eulophia maculata,2026-07-02 15:46:48 -0400,,"CR-835, Clewiston, FL, US",26.7408366667,-80.9019083333,,Monk Orchid,https://www.inaturalist.org/observations/377566879,https://inaturalist-open-data.s3.amazonaws.com/photos/690461293/medium.jpg,jimw3,377566879,Monk Orchid,Plantae,1453469,3,0,2026-07-02 15:46:48-04:00,2026-07-02,2026-07-02 19:46:48 UTC,Eastern Time (US & Canada),14,14,,open,false,,,98904,James K. Wetterer,2026-07-02 22:22:55 UTC,2026-07-12 19:40:09 UTC,research,CC-BY-NC,NA,3,false
Eulophia maculata,2026-07-02 16:37:25 -0400,,"Sugarland Pk Dr, Clewiston, FL, US",26.7399333333,-80.9354633333,,Monk Orchid,https://www.inaturalist.org/observations/377565091,https://inaturalist-open-data.s3.amazonaws.com/photos/690457618/medium.jpg,jimw3,377565091,Monk Orchid,Plantae,1453469,3,0,2026-07-02 16:37:25-04:00,2026-07-02,2026-07-02 20:37:25 UTC,Eastern Time (US & Canada),58,58,,open,false,,,98904,James K. Wetterer,2026-07-02 22:15:34 UTC,2026-07-12 19:40:09 UTC,research,CC-BY-NC,NA,3,false
Eulophia graminea,2026-07-02 10:59:54 -0400,,"The Sanctuary Golf Club, Sanibel, FL, US",26.4797716667,-82.1676866667,,Chinese Crown Orchid,https://www.inaturalist.org/observations/377515636,https://static.inaturalist.org/photos/690359660/medium.jpg,nadinecobb,377515636,Chinese Crown Orchid,Plantae,427629,2,0,2026-07-02 10:59:54-04:00,2026-07-02,2026-07-02 14:59:54 UTC,Eastern Time (US & Canada),5,5,,,false,,,5530209,Nadine Cobb,2026-07-02 19:06:15 UTC,2026-07-12 19:40:45 UTC,research,,NA,3,false
Eulophia alta,2026-07-02 10:41:27 -0400,,"Florida, US",27.1567885801,-80.311945946,,Wild Coco,https://www.inaturalist.org/observations/377469502,https://inaturalist-open-data.s3.amazonaws.com/photos/690272512/medium.jpg,hardeeparty,377469502,Wild Coco,Plantae,162776,2,0,2026-07-02 10:41:27-04:00,2026-07-02,2026-07-02 14:41:27 UTC,Eastern Time (US & Canada),3,29775,obscured,,true,,,8372098,James Hardee,2026-07-02 16:11:39 UTC,2026-07-12 19:40:47 UTC,research,,NA,3,false
Eulophia picta,2026-07-02 16:01:00 +0800,"Puljetji, Taiwu Township, PIF, TW","Pingtung, TW-TA, TW",22.571261777,120.6761065766,,Shepherd's Crook Orchid,https://www.inaturalist.org/observations/377455173,https://inaturalist-open-data.s3.amazonaws.com/photos/690225937/medium.jpg,rrrkai,377455173,垂頭地寶蘭,Plantae,1598926,2,0,2026/07/02 16:01,2026-07-02,2026-07-02 08:01:00 UTC,Taipei,5,30278,obscured,,true,,,3358157,洪阿愷,2026-07-02 15:17:46 UTC,2026-07-04 05:53:23 UTC,research,CC-BY-NC,NA,NA,false
Eulophia ovalis,2011-01-02 01:50:00 +0200,,"Thaba Chweu Local Municipality, South Africa ",-25.2960708411,30.3251007197,,Courting Harlequin,https://www.inaturalist.org/observations/377395152,https://inaturalist-open-data.s3.amazonaws.com/photos/690087526/medium.jpg,nicholaushuchzermeyer,377395152,Courting Harlequin,Plantae,585544,1,0,2011/01/02 1:50 AM,2011-01-02,2011-01-01 23:50:00 UTC,Pretoria,8,8,,open,false,,,4701318,,2026-07-02 10:31:49 UTC,2026-07-02 11:31:42 UTC,research,CC-BY-NC,NA,NA,false
Eulophia ovalis,2010-01-02 17:43:00 +0200,,"Thaba Chweu Local Municipality, South Africa ",-25.2960708411,30.3251007197,,Courting Harlequin,https://www.inaturalist.org/observations/377395087,https://inaturalist-open-data.s3.amazonaws.com/photos/690086263/medium.jpg,nicholaushuchzermeyer,377395087,Courting Harlequin,Plantae,585544,1,0,2010/01/02 5:43 PM,2010-01-02,2010-01-02 15:43:00 UTC,Pretoria,8,8,,open,false,,,4701318,,2026-07-02 10:31:38 UTC,2026-07-02 11:32:26 UTC,research,CC-BY-NC,NA,NA,false
Eulophia ovalis,2010-10-02 09:46:00 +0200,,"Thaba Chweu Local Municipality, South Africa ",-25.2960708411,30.3251007197,,Courting Harlequin,https://www.inaturalist.org/observations/377395075,https://inaturalist-open-data.s3.amazonaws.com/photos/690085424/medium.jpg,nicholaushuchzermeyer,377395075,Courting Harlequin,Plantae,585544,1,0,2010/10/02 9:46 AM,2010-10-02,2010-10-02 07:46:00 UTC,Pretoria,8,8,,open,false,,,4701318,,2026-07-02 10:31:35 UTC,2026-07-02 11:32:55 UTC,research,CC-BY-NC,NA,NA,false
Eulophia hians,2010-11-16 15:40:00 +0200,,"Ehlanzeni District Municipality, South Africa",-25.2915917173,30.3220644542,,Yawning Harlequin,https://www.inaturalist.org/observations/377372298,https://inaturalist-open-data.s3.amazonaws.com/photos/690081828/medium.jpg,nicholaushuchzermeyer,377372298,Yawning Harlequin,Plantae,415244,1,0,2010/11/16 3:40 PM,2010-11-16,2010-11-16 13:40:00 UTC,Pretoria,88,88,,open,false,,,4701318,,2026-07-02 07:46:04 UTC,2026-07-02 11:37:10 UTC,research,CC-BY-NC,NA,NA,false
Eulophia graminea,2026-07-02 08:34:13 +0800,,"厦门园林植物园, 厦门市, 福建省, CN",24.443245,118.1130305,,Chinese Crown Orchid,https://www.inaturalist.org/observations/377323839,https://inaturalist-open-data.s3.amazonaws.com/photos/689988423/medium.jpg,jasonsun,377323839,Chinese Crown Orchid,Plantae,427629,2,0,2026-07-02 08:34:13+08:00,2026-07-02,2026-07-02 00:34:13 UTC,Beijing,4,4,,,false,,,8218718,,2026-07-02 02:17:01 UTC,2026-07-02 08:05:18 UTC,research,CC-BY-NC,NA,3,false
Eulophia maculata,2026-06-13 15:28:00 -0300,,"Espírito Santo, BR",-18.9241434131,-40.9886186713,AJ 1,Monk Orchid,https://www.inaturalist.org/observations/377276262,https://inaturalist-open-data.s3.amazonaws.com/photos/689867485/medium.jpg,vitorcdg,377276262,Monk Orchid,Plantae,1453469,1,0,2026/06/13 3:28 PM,2026-06-13,2026-06-13 18:28:00 UTC,Brasilia,15,30615,obscured,open,true,,,6963474,Vitor C. Dias Gonçalves,2026-07-01 22:25:08 UTC,2026-07-02 04:34:23 UTC,research,CC-BY-NC,NA,NA,false
Eulophia graminea,2026-07-01 08:30:10 -0400,"I started finding these after a certain day of hauling some free mulch provided by the city. I have not stopped seeing these pop up everywhere. So on investigation and research, I believe these are the crown orchids which are invasive? Maybe?  So I have been trying to pull them out as I have seen them.","Lewis Blvd Se + Cobia Dr Se, St. Petersburg, FL 33705, USA",27.72820218,-82.62862098,,Chinese Crown Orchid,https://www.inaturalist.org/observations/377123057,https://inaturalist-open-data.s3.amazonaws.com/photos/689600177/medium.jpg,sushiela,377123057,Chinese Crown Orchid,Plantae,427629,2,0,2026-07-01 08:30:10,2026-07-01,2026-07-01 12:30:10 UTC,Eastern Time (US & Canada),10,10,,,false,,,10714696,Sushiela Govender,2026-07-01 12:33:52 UTC,2026-07-21 14:49:40 UTC,research,CC-BY-NC,NA,2,false
Eulophia petersii,2026-07-01 12:43:48 +0200,,"Nkandla Local Municipality, South Africa",-28.7451366667,30.7251483333,,Garden Harlequin,https://www.inaturalist.org/observations/377104311,https://inaturalist-open-data.s3.amazonaws.com/photos/689565091/medium.jpg,asiphe5,377104311,Garden Harlequin,Plantae,489945,2,0,2026-07-01 12:43:48,2026-07-01,2026-07-01 10:43:48 UTC,Pretoria,6,6,,open,false,,,10132571,Asiphe Alondwe,2026-07-01 10:46:31 UTC,2026-07-03 03:55:08 UTC,research,CC-BY-NC,NA,2,false
Eulophia petersii,2026-07-01 12:44:17 +0200,,"Nkandla Local Municipality, South Africa",-28.7451633333,30.7251283333,,Garden Harlequin,https://www.inaturalist.org/observations/377104170,https://inaturalist-open-data.s3.amazonaws.com/photos/689564319/medium.jpg,asiphe5,377104170,Garden Harlequin,Plantae,489945,2,0,2026-07-01 12:44:17,2026-07-01,2026-07-01 10:44:17 UTC,Pretoria,6,6,,open,false,,,10132571,Asiphe Alondwe,2026-07-01 10:45:42 UTC,2026-07-03 03:55:17 UTC,research,CC-BY-NC,NA,2,false
Eulophia picta,2026-07-01 14:01:35 +0800,,"Kaohsiung, TW-KH, TW",22.6927387403,120.3052889183,,Shepherd's Crook Orchid,https://www.inaturalist.org/observations/377065428,https://static.inaturalist.org/photos/689492564/medium.jpg,ssnp007,377065428,垂頭地寶蘭,Plantae,1598926,2,0,2026-07-01 14:01:35,2026-07-01,2026-07-01 06:01:35 UTC,Taipei,5,5,,,false,gps,gps,5072444,李江春,2026-07-01 06:02:59 UTC,2026-07-01 13:11:31 UTC,research,,NA,2,false
Eulophia alta,2026-06-29 17:05:00 -0400,or possibly Orthochilus ecristatus?,"Okaloacoochee Slough State Forest, Hendry County, Florida, USA",26.4962634735,-81.249513768,,Wild Coco,https://www.inaturalist.org/observations/377040083,https://inaturalist-open-data.s3.amazonaws.com/photos/689435642/medium.jpg,jrichardabbott,377040083,Wild Coco,Plantae,162776,2,0,2026/06/29 5:05 PM,2026-06-29,2026-06-29 21:05:00 UTC,Eastern Time (US & Canada),5,5,,,false,,,1065815,J. Richard Abbott,2026-07-01 03:16:42 UTC,2026-07-11 18:00:09 UTC,research,CC-BY-NC,NA,NA,false
Eulophia maculata,2026-06-27 09:11:33 -0400,,"Pompano Beach, FL 33067, USA",26.3206638889,-80.2220083333,,Monk Orchid,https://www.inaturalist.org/observations/377035011,https://inaturalist-open-data.s3.amazonaws.com/photos/689432884/medium.jpg,coreytcallaghan,377035011,Monk Orchid,Plantae,1453469,3,0,2026-06-27 09:11:33,2026-06-27,2026-06-27 13:11:33 UTC,Eastern Time (US & Canada),NA,NA,,open,false,gps,gps,1677488,Corey Callaghan,2026-07-01 02:51:53 UTC,2026-07-01 12:43:55 UTC,research,CC-BY-NC,NA,2,false
Eulophia maculata,2026-06-29 09:39:28 -0400,,Puerto Rico,18.0735587205,-66.5840958792,,Monk Orchid,https://www.inaturalist.org/observations/377024687,https://inaturalist-open-data.s3.amazonaws.com/photos/689412157/medium.jpg,omarmcarmona,377024687,Monk Orchid,Plantae,1453469,3,0,2026-06-29 09:39:28,2026-06-29,2026-06-29 13:39:28 UTC,Puerto Rico,6,30683,obscured,open,true,,,162314,Omar Monzon Carmona,2026-07-01 01:59:13 UTC,2026-07-16 12:08:50 UTC,research,CC-BY-NC,NA,843,false
Eulophia graminea,2026-06-21 21:57:00 +0800,,Taiwan,25.0495584911,121.4662382228,,Chinese Crown Orchid,https://www.inaturalist.org/observations/376845757,https://inaturalist-open-data.s3.amazonaws.com/photos/689060861/medium.jpg,ethan66667,376845757,禾草芋蘭,Plantae,427629,2,0,2026/06/21 21:57,2026-06-21,2026-06-21 13:57:00 UTC,Taipei,55,30003,,obscured,true,,,9015648,,2026-06-30 14:08:12 UTC,2026-07-01 12:45:57 UTC,research,CC-BY-NC,NA,NA,false
Eulophia maculata,2026-06-29 13:51:09 -0400,,Puerto Rico,18.0105393592,-66.4943741035,,Monk Orchid,https://www.inaturalist.org/observations/376800357,https://inaturalist-open-data.s3.amazonaws.com/photos/688977487/medium.jpg,stevemaldonadosilvestrini,376800357,Orquídea monja africana,Plantae,1453469,3,0,2026-06-29 13:51:09,2026-06-29,2026-06-29 17:51:09 UTC,Puerto Rico,10,30683,obscured,open,true,,,573470,Steve Maldonado Silvestrini,2026-06-30 10:01:22 UTC,2026-07-23 02:55:48 UTC,research,CC-BY-NC,NA,843,false
Eulophia maculata,2026-06-27 13:24:26 -0300,,"Pacoti, CE, Brasil",-4.2279259248,-38.9283018932,,Monk Orchid,https://www.inaturalist.org/observations/376705855,https://inaturalist-open-data.s3.amazonaws.com/photos/688793795/medium.jpg,daniel_lucas1,376705855,Orquídea-monge,Plantae,1453469,1,0,2026-06-27 13:24:26,2026-06-27,2026-06-27 16:24:26 UTC,America/Fortaleza,100,100,,open,false,gps,gps,9463356,Daniel Lucas Oliver,2026-06-30 00:25:16 UTC,2026-06-30 00:52:09 UTC,research,CC-BY-NC,NA,2,false
Eulophia maculata,2026-06-29 09:39:11 -0400,,Puerto Rico,18.0794841596,-66.4749691297,,Monk Orchid,https://www.inaturalist.org/observations/376704098,https://static.inaturalist.org/photos/688790294/medium.jpg,carlosandres,376704098,Monk Orchid,Plantae,1453469,3,0,2026-06-29 09:39:11-04:00,2026-06-29,2026-06-29 13:39:11 UTC,Puerto Rico,6,30683,obscured,open,true,,,11616,Carlos Andrés Rodríguez Gómez,2026-06-30 00:17:24 UTC,2026-07-01 13:12:15 UTC,research,,NA,3,false
Eulophia graminea,2026-06-29 18:11:37 -0400,,New Port Richey,28.2015705109,-82.6175613403,,Chinese Crown Orchid,https://www.inaturalist.org/observations/376676766,https://inaturalist-open-data.s3.amazonaws.com/photos/688735213/medium.jpg,abbledabble,376676766,Chinese Crown Orchid,Plantae,427629,3,0,Mon Jun 29 2026 18:11:37 GMT -0400 (EDT),2026-06-29,2026-06-29 22:11:37 UTC,Eastern Time (US & Canada),9,9,,,false,,,10537385,,2026-06-29 22:11:44 UTC,2026-07-11 18:01:47 UTC,research,CC-BY-NC,NA,333,false
Eulophia petiolata,2022-04-12 12:13:00 +0300,,"District d'Ambilobe, Madagascar",-12.9044579245,49.1239590481,,,https://www.inaturalist.org/observations/376634644,https://inaturalist-open-data.s3.amazonaws.com/photos/688649768/medium.jpg,pierret123,376634644,Eulophia petiolata,Plantae,1453495,1,0,2022/04/12 12:13,2022-04-12,2022-04-12 09:13:00 UTC,Nairobi,2835,2835,,,false,,,4697383,Fortune Pierre,2026-06-29 19:31:21 UTC,2026-07-17 06:49:04 UTC,research,CC-BY-NC,NA,NA,false
Eulophia zollingeri,2026-05-21 00:00:00 +0800,"此处所展示的图片均由植物盗挖者拍摄。现将这些图片公开，仅作为记录野生植物盗挖行为及其造成损失的资料，不代表对任何采集、交易或盗挖行为的认可或支持。

许多异养植物分布范围极其狭窄、种群数量稀少，对生态环境高度依赖。一旦遭到盗挖，其野外种群往往难以恢复，甚至可能从原生地永久消失。

希望这些记录能够让更多人关注这些鲜为人知的植物及其生存处境，共同尊重野生种群，拒绝盗挖与非法交易，支持它们在自然环境中继续生存。

All photographs displayed here were originally taken by plant poachers. They are shared solely to document the damage caused by the illegal removal of wild plants and should not be interpreted as endorsing or supporting the collection, trade, or poaching of wild plants.

Many mycoheterotrophic plants have extremely restricted distributions, small populations, and depend on highly specialized ecological relationships. Once removed from the wild, their populations are often difficult—or impossible—to recover.

It is hoped that these records will raise awareness of these little-known plants and the threats they face, encouraging greater respect for wild populations and support for their conservation in their natural habitats.",China,23.0745008107,113.2829817384,,,https://www.inaturalist.org/observations/376518725,https://inaturalist-open-data.s3.amazonaws.com/photos/688431197/medium.jpg,heterotrophic_plants,376518725,無葉美冠蘭,Plantae,549363,1,0,2026-05-21,2026-05-21,,Beijing,499247,499247,obscured,,true,gps,gps,9644999,Heran Wang,2026-06-29 12:30:52 UTC,2026-06-29 16:40:07 UTC,research,CC-BY-NC,NA,2,false
Eulophia zollingeri,2025-11-10 00:00:00 +0800,"此处所展示的图片均由植物盗挖者拍摄。现将这些图片公开，仅作为记录野生植物盗挖行为及其造成损失的资料，不代表对任何采集、交易或盗挖行为的认可或支持。

许多异养植物分布范围极其狭窄、种群数量稀少，对生态环境高度依赖。一旦遭到盗挖，其野外种群往往难以恢复，甚至可能从原生地永久消失。

希望这些记录能够让更多人关注这些鲜为人知的植物及其生存处境，共同尊重野生种群，拒绝盗挖与非法交易，支持它们在自然环境中继续生存。

All photographs displayed here were originally taken by plant poachers. They are shared solely to document the damage caused by the illegal removal of wild plants and should not be interpreted as endorsing or supporting the collection, trade, or poaching of wild plants.

Many mycoheterotrophic plants have extremely restricted distributions, small populations, and depend on highly specialized ecological relationships. Once removed from the wild, their populations are often difficult—or impossible—to recover.

It is hoped that these records will raise awareness of these little-known plants and the threats they face, encouraging greater respect for wild populations and support for their conservation in their natural habitats.",,22.7604139423,108.3171151587,,,https://www.inaturalist.org/observations/376508590,https://inaturalist-open-data.s3.amazonaws.com/photos/688411259/medium.jpg,heterotrophic_plants,376508590,無葉美冠蘭,Plantae,549363,1,0,2025-11-10,2025-11-10,,Beijing,556732,556732,obscured,,true,gps,gps,9644999,Heran Wang,2026-06-29 11:40:03 UTC,2026-06-30 15:04:15 UTC,research,CC-BY-NC,NA,2,false
